id	label	Mutation_frequency	conflict_num	GCcontent	ref_softclip	alt_softclip	querypos_p	leftpos_p	seqpos_p	mapq_p	baseq_p	baseq_t	ref_baseq1b_p	ref_baseq1b_t	alt_baseq1b_p	alt_baseq1b_t	sb_p	context	major_mismatches_mean	minor_mismatches_mean	mismatches_p	mapq_difference	sb_read12_p	repeat-region	Population-freq	NAV	type	if_Trans	if_version	region	VAF_mitomap	dbSNP
HCS-2005C4-k~chrM~1556~C~T	0	0.010212	0	0.428571428571428	0	0	0.998720695861415	0.998720695861415	0.296687662940008	1	0.373822393070899	-0.889336254	8.29989707389591e-22	10.0859578722832	1	0.390950259321001	0.81844120019552	ACA	0.00145352278053701	0.0132499079867501	1.5970797325649e-12	0	0.820110356526662	0	0.7058823529411765	1	C>T	1	0	rRNA	0.0000772	0
HCS-2005C4-k~chrM~13581~T~C	0	0.004216	0	0.571428571428571	0	0	0.767682615611364	0.767682615611364	0.923244982345997	1	0.715261820572399	-0.364798506	2.36774477040242e-06	8.75806796832112	0.108809430040546	1.27256952595156	0.643996013586076	CTA	0.000697794667643913	0.0592565329407435	7.28565380260347e-14	0	0.25515728506906	0	0.06862745098039216	1	T>C	1	0	Complex I	0.000501582	1
HCS-2008P3-k~chrM~2345~G~A	0	0.001504	0	0.380952380952381	0	0	0.855207376889679	0.855207376889679	0.641032368319676	1	0.69435608198219	-0.392950446	7.9712535852873e-71	21.7929690849122	0.625	1.27279220613579	0.528998805205033	CAT	0.00312027412469601	0.0118881118881119	2.65564553339305e-05	0	0.347707705724087	0	0.00980392156862745	1	G>A	1	0	rRNA	0.0000386	0
HCS-2008P3-k~chrM~4142~G~A	0	0.00116	0	0.619047619047619	0	0	0.665540718037698	0.665387522872582	0.594872002013322	1	0.548168717414883	-0.600506519	1.08542990684926e-64	21.8790564068388	0.705456986111273	0	0.777311554329632	CGA	0.000490115752940329	0.00699300699300699	2.34387982382383e-08	0	0.387151938682131	0	0.08823529411764706	1	G>A	1	0	Complex I	0	1
HCS-2008P3-k~chrM~5973~G~A	0	0.001192	0	0.523809523809524	0	0	0.647837687967108	0.647351685521326	0.584693228976495	1	0.747488870032166	0.32195224860674	1.39442951315252e-53	19.6785361423208	0.0832645166635504	1.50911055578163	0.146838746701448	CGC	0.013642072501173	0.020979020979021	1.74809241952692e-09	0	0.0492792391842885	0	0.0392156862745098	0	G>A	1	0	Complex IV	0.000270083	1
HCS-2008P3-k~chrM~11016~G~A	0	0.001177	0	0.428571428571428	0	0	0.557188723066953	0.557188723066953	0.258697888989734	1	0.146670905076165	1.45139139293208	1.10785478222456e-101	25.9781048984442	0.0587817213553589	2.03234351625586	0.141765327557432	AGT	0.00433613736883169	0.0263266145619087	2.39041856741661e-12	0	0.469836513012391	0	0.17647058823529413	1	G>A	1	0	Complex I	0.006501273	1
HCS-2008P3-k~chrM~13099~G~A	0	0.001273	0	0.333333333333333	0	0	0.190647586180286	0.190610283414599	0.407146992357182	1	0.268439388817243	-1.106663622	1.08688960837499e-54	19.9322205573064	0.179712495	1.37086154065112	0.231699724620627	AGC	0.00753615316722082	0.0152574698029243	8.2141930352937e-08	0	0.770035052908611	0	0.0392156862745098	1	G>A	1	0	Complex I	0.0000193	1
HCS-2008P3-k~chrM~14487~T~A	0	0.0024129999999999	0	0.428571428571428	0	0	0.189626647256299	0.189626647256299	0.171210670021476	1	0.529104351041912	0.629373823419344	1.56211594505869e-53	29.5310249425097	0.25	1.42886901662352	1	ATT	0.00067217002700874	0.00699300699300699	4.63729551707623e-06	0	1	0	0.0196078431372549	0	T>A	0	1	Complex I	0	0
HCS-2008P3-k~chrM~14606~G~A	0	0.001131	0	0.380952380952381	0	0	0.412105837210838	0.412105837210838	0.0259634621103902	1	0.515788246331734	0.649851349382593	5.62019083110645e-55	19.4601460140881	1	0	0.459530638038933	AGG	0.000463740023170957	0.00699300699300699	1.69205275799296e-05	0	0.71870958110528	0	0.029411764705882353	0	G>A	1	0	Complex I	0	0
HCS-2008P3-k~chrM~16147~C~T	0	0.0015179999999999	0	0.380952380952381	0	0	0.51667588006278	0.51667588006278	0.060701370197879	1	0.530197747056242	-0.627704179	4.66592357755839e-59	22.8635736318094	0.179712495	1.02564518813674	0.0597808480602302	ACC	0.00134007623278011	0.00899100899100899	9.78264105506637e-05	0	0.124720216683406	0	0.049019607843137254	0	C>T	1	0	Dloop	0.003318157	1
HCS-2008P3-k~chrM~16148~C~T	0	0.002399	0	0.380952380952381	0	0	0.0613669578047508	0.0613669578047508	0.00927595669356617	1	0.0731380532717843	-1.791968242	8.73595815651112e-46	19.4473136900839	0.276302917337483	1.78443563243839	0.104921666716151	CCA	0.00148752109959008	0.00772911299227089	1.24979594107484e-09	0	0.358339168926292	0	0.18627450980392157	0	C>T	1	0	Dloop	0.032564241	1
HCS-2009P1-k~chrM~4104~A~G	0	0.0025859999999999	0	0.523809523809524	0	0	0.070312219211183	0.0703272631081628	0.0198102972746958	1	0.248460821282467	1.15409598009605	2.19214160285421e-45	14.9575932151841	0.104059234528928	0.702756888167767	0.81459440914958	TAA	0.00669996669996643	0.0128205128205128	6.73267928305661e-08	0	1	0	0.28431372549019607	1	A>G	1	0	Complex I	0.073520333	1
HCS-2009P1-k~chrM~4736~T~C	0	0.002995	0	0.285714285714286	0	0	0.302611268418088	0.302747837866333	0.000331132910824413	1	0.112579115595163	1.58670657902826	1.61834020692641e-58	19.297001251651	0.10704612356746	1.74553617886429	0.262913622733411	CCA	0.00994169318419959	0.0161562575355679	0.00235950954433215	0	0.85443231272201	0	0.3137254901960784	1	T>C	1	0	Complex I	0.001388996	1
HCS-2009P1-k~chrM~4991~G~A	0	0.002301	0	0.476190476190476	0	0	0.242420476899109	0.242498104942658	0.442411789863037	1	0.391459957319717	0.85697272721929	1.83716927365555e-33	18.3020490203493	0.343027827311182	0.843274042711568	0.621177186959553	AAC	0.000709119273861869	0.034965034965035	4.68116768509793e-12	0	0.454496781457065	0	0.13725490196078433	1	G>A	1	0	Complex I	0.005054402	1
HCS-2009P1-k~chrM~5041~T~C	0	0.005076	0	0.333333333333333	0	0	0.363173376499572	0.363173376499572	0.309559946469249	1	0.825236107901775	-0.220815482	6.28483992400659e-43	17.6724475101017	0.102470434859749	0.691629424590912	0.538930163256799	ATA	0.000496822212639909	0.0237154150197628	1.74040810811371e-16	0	0.532743141936388	0	0.21568627450980393	1	T>C	1	0	Complex I	0.0000579	0
HCS-2009P1-k~chrM~5147~G~A	0	0.0050219999999999	0	0.619047619047619	0	0	1.94317212893782e-05	1.94262563897608e-05	0.357033816744697	1	0.0124995038679348	-2.497719546	3.62219324193546e-37	2.87928715462953	0.0844690322532518	1.36184120741712	0.0591424321219505	CGA	0.00059759142950994	0.00932400932400933	3.06513202888685e-17	0	0.0519871208169527	0	0.45098039215686275	1	G>A	1	0	Complex I	0.042152172	1
HCS-2009P1-k~chrM~5320~C~T	0	0.002627	0	0.523809523809524	0	0	0.0288235839380886	0.0290772902956662	0.571421838908906	1	0.983466402914437	-0.020723274	9.70046001926097e-36	19.8755228389277	1	0.258198889747161	1	ACC	0.00101547052766565	0.0104895104895105	5.28758406024056e-06	0	0.727533813447564	0	0.23529411764705882	1	C>T	1	0	Complex I	0.0000965	1
HCS-2009P1-k~chrM~5387~C~T	0	0.002139	0	0.428571428571428	0	0	0.00499969132905043	0.00500811310638071	0.481881388831009	1	0.633036586660371	0.477457206360661	4.33023238354415e-30	15.6189105121067	0.517634118583346	0.30050125348238	1	CCA	0.00340717387970373	0.0215169445938677	8.86256900710535e-09	0	0.783427146715979	0	0.16666666666666666	1	C>T	1	0	Complex I	0.000694498	1
HCS-2009P1-k~chrM~6023~G~A	0	0.003301	0	0.714285714285714	0	0	0.341610836585093	0.341610836585093	0.730133098482312	1	0.00283028671325781	2.98559342184437	5.10085030776718e-37	22.6569681338072	0.0131248517092112	1.45825474422541	0.848876846528795	AGC	0.000806703977380845	0.00777000777000778	6.50893082408589e-16	0	0.183262515719189	0	0.39215686274509803	1	G>A	1	0	Complex IV	0.007909561	1
HCS-2009P1-k~chrM~6935~C~T	0	0.00182	0	0.380952380952381	0	0	0.492157464279667	0.492157464279667	0.155754119680482	0.999076835573786	0.701835804394937	0.382843501944417	1.44007658317713e-56	19.7254107236428	0.654720846018577	0.412478955692153	0.743735082085967	TTA	0.00116446193129207	0.0147630147630148	3.0462324550277e-07	-0.002674989	0.34168825266324	0	0.2549019607843137	1	C>T	1	0	Complex IV	0.000424415	1
HCS-2009P1-k~chrM~6938~C~T	0	0.002318	0	0.285714285714286	0	0	0.578339013536356	0.578339013536356	0.432419118789156	0.998666982013885	0.432115621930962	0.785576524749982	3.99536057176577e-60	20.703616229838	0.196705602458947	0.973328526784575	0.249146285426221	TCT	0.00115231851758798	0.0386455649613544	1.13313502904403e-13	-0.002661344	0.822628335532754	0	0.21568627450980393	1	C>T	1	0	Complex IV	0.002372868	1
HCS-2009P1-k~chrM~7146~A~G	0	0.0033789999999999	0	0.238095238095238	0	0	0.771443393989869	0.837296649488856	0.929547402067341	1	0.0021588731766197	3.06745866312964	5.1508771341699e-41	18.9268844892549	0.0348084788118671	0.654589536133176	0.383072804191114	CAC	0.00140638004931663	0.0315744861199407	1.81843923278967e-18	0	0.16421822266771	0	0.3333333333333333	1	A>G	1	0	Complex IV	0.047881781	1
HCS-2009P1-k~chrM~7705~T~C	0	0.002105	0	0.476190476190476	0	0	0.323087145168858	0.323226502357647	0.422482610944545	1	0.874068983982531	-0.158492178	2.06060695596899e-67	19.3099316588567	1	0.407786209624824	0.810964007287373	ATG	0.000567984052146952	0.0292060880296174	2.46228177750353e-12	0	0.332495651753523	0	0.23529411764705882	1	T>C	1	0	Complex IV	0.003800448	1
HCS-2009P1-k~chrM~7810~C~T	0	0.001751	0	0.619047619047619	0	0	0.00692581531216719	0.00692581531216719	0.572401737123927	1	0.12260890075869	-1.543915103	2.16872479949619e-61	23.0217165655779	0.317310507862914	0.516397779494322	0.72871948916498	TCA	0.000548084134710278	0.013986013986014	1.18533799790545e-06	0	0.496679271808083	0	0.35294117647058826	1	C>T	1	0	Complex IV	0.000270083	1
HCS-2009P1-k~chrM~7868~C~T	0	0.001155	0	0.523809523809524	0	0	0.788006676827233	0.788006676827233	0.409480874988883	1	0.059483332457569	-1.884603922	5.26064578897944e-43	18.3816190326948	0.317310507862914	0.530994244053592	0.599963917196602	CTT	0.000551800248310115	0.033966033966034	1.16379756592526e-10	0	0.606485243057089	0	0.3333333333333333	1	C>T	1	0	Complex IV	0.000347249	1
HCS-2009P1-k~chrM~8021~A~G	0	0.002623	0	0.571428571428571	0	0	0.109634120142612	0.109634120142612	0.0249546038129871	1	0.235228978390183	1.18699655749111	3.48606288555491e-56	23.2395455623874	1	0.475182988100849	0.193605129651889	GAT	0.000581093955246594	0.030969030969031	3.87888733001488e-15	0	0.383385391672868	0	0.3137254901960784	1	A>G	1	0	Complex IV	0.000154333	1
HCS-2009P1-k~chrM~8065~G~A	0	0.003018	0	0.476190476190476	0	0	0.00140760621111115	0.00140760621111115	0.000935360530232223	1	0.409757192665072	0.824320994315297	3.84425003979225e-33	13.2854115985303	0.887537083981715	0.162610908896998	0.0557438848119291	TGC	0.000564342275202321	0.0346471710108074	6.57701976765554e-16	0	0.831750453648009	0	0.3431372549019608	1	G>A	1	0	Complex IV	0.001022455	1
HCS-2009P1-k~chrM~8203~C~T	0	0.002536	0	0.523809523809524	0	0	0.336853023008777	0.444606061153063	0.12596869011094	1	0.328729288470046	-0.97667659	4.21391065131862e-31	15.9955462475651	0.414216178242525	0.611111111111111	0.162414036266476	TTA	0.000697666819162152	0.0392385392385392	2.28808712071154e-13	0	1	0	0.20588235294117646	1	C>T	1	0	Complex IV	0.000135041	0
HCS-2009P1-k~chrM~8545~G~A	0	0.002825	0	0.333333333333333	0	0	0.00130899553885754	0.00130899553885754	0.186354569256133	1	0.820234132786358	-0.227243849	1.4702237671119e-28	15.1703356336113	0.179712495	0.902690214891106	0.111202037767545	CGC	0.000707304407064857	0.013986013986014	3.99437093467019e-10	0	0.289446932202304	0	0.17647058823529413	1	G>A	1	0	Complex V	0.002720117	1
HCS-2009P1-k~chrM~8677~A~C	0	0.00164	0	0.333333333333333	0	0	0.0114081276687958	0.0114081276687958	0.20425066109524	1	0.660486282400112	0.439241879796279	4.55198861824752e-100	24.9073245292296	0.785494747118354	1.50014880214312	0.0243784588423327	CCA	0.00549837592454876	0.0352980352980353	3.85096313364028e-15	0	0.828515804839777	0	0.18627450980392157	1	A>C	0	1	Complex V	0.0000772	0
HCS-2009P1-k~chrM~8741~T~C	0	0.001521	0	0.285714285714286	0	0	0.672860421023848	0.672860421023848	0.896598626516605	1	0.615876273427862	0.501703256544816	2.51997075804393e-53	18.1173891025785	0.0655996921470719	1.14902183503797	0.783618435779213	CTA	0.00761008139648885	0.0145239376008607	1.0960505691646e-08	0	0.418763710372129	0	0.00980392156862745	0	T>C	1	0	Complex V	0	0
HCS-2009P1-k~chrM~8943~C~T	0	0.003433	0	0.428571428571428	0	0	0.744223068559874	0.744135758810133	0.0304764144553573	1	0.203393959391211	1.27194134773959	4.13451749823248e-66	18.7023828095881	0.14077277337135	1.18952648647774	0.0749262644373203	CCA	0.00391664100449217	0.0108073744437381	9.71768533125457e-05	0	0.770122992283324	0	0.4117647058823529	1	C>T	1	0	Complex V	0.001659079	1
HCS-2009P1-k~chrM~9075~C~T	0	0.0022389999999999	0	0.333333333333333	0	0	0.426189547761167	0.426189547761167	0.0107947424435904	1	0.0174586765675455	2.37690304172014	5.4804550190603e-43	17.5210928230467	0.182355126227392	0.332430750806288	0.180164954430301	CTA	0.000619339080877547	0.0164335664335664	2.56682613479353e-14	0	0.262186749161992	0	0.35294117647058826	1	C>T	1	0	Complex V	0.000154333	0
HCS-2009P1-k~chrM~9254~A~G	0	0.001245	0	0.619047619047619	0	0	0.00140147272297916	0.00140147272297916	0.0102904116052322	1	0.0783433285509364	1.76038041036283	6.09093346320058e-29	17.2831958539787	0.461838018150638	0.715522468268749	0.000561283231325526	GGC	0.000649524087024091	0.0126748251748252	1.95318410421452e-11	0	0.625264964169494	0	0.28431372549019607	1	A>G	1	0	Complex IV	0.00825681	1
HCS-2009P1-k~chrM~9329~G~C	0	0.001817	0	0.476190476190476	0	0	0.679257056739136	0.679257056739136	0.688311641691156	1	0.545211520920457	0.604951051234898	8.48088316270729e-38	20.9841013152343	0.5	1.33333333333333	1	CGC	0.000568675729322753	0.0442890442890443	2.34383848300459e-05	0	0.687362287664168	0	0.27450980392156865	1	G>C	0	1	Complex IV	0.0000772	0
HCS-2009P1-k~chrM~9434~A~G	0	0.003129	0	0.523809523809524	0	0	0.755924204799734	0.755693551224755	0.0620148127981243	1	0.101817342667155	-1.636106296	5.07109162547585e-58	25.2453308169776	0.179712495	0.565979976088672	0.692198379602811	AGA	0.000714042216018506	0.0111888111888112	8.75471035061435e-16	0	1	1	0.30392156862745096	1	A>G	1	0	Complex IV	0.0000772	1
HCS-2009P1-k~chrM~11557~A~G	0	0.001674	0	0.380952380952381	0	0	0.00790515711700225	0.00790515711700225	0.590316889331155	1	0.914256255822695	0.107671527652309	1.08147583332971e-43	13.9021752933487	0.257899035292339	1.19311751800261	0.0274117705825916	TAT	0.000820669425320594	0.0188811188811189	6.95639163896681e-08	0	0.225507349870578	0	0.27450980392156865	1	A>G	1	0	Complex I	0.000212208	1
HCS-2009P1-k~chrM~11590~A~G	0	0.002425	0	0.523809523809524	0	0	0.70805842326895	0.70805842326895	0.863531036830654	1	0.409493200821507	-0.824785816	6.04650971207505e-32	13.709902679988	0.785494747118354	0.438529009653515	0.592649605898463	TAC	0.0018671937030179	0.0215169445938677	1.18569101607881e-09	0	0.420486385924867	0	0.4019607843137255	1	A>G	1	0	Complex I	0.002025619	1
HCS-2010P4-k~chrM~1520~T~C	0	0.002316	0	0.238095238095238	0	0	0.820437668038818	0.820437668038818	0.78302581957363	1	0.977662601321183	-0.027999436	6.24026683707256e-56	17.9499741656581	0.273321678292298	1.02403930570896	0.629665722060179	ATT	0.00370822410003164	0.0123406005758947	1.65842235218855e-08	0	1	0	0.4215686274509804	1	T>C	1	0	rRNA	0.000366541	1
HCS-2010P4-k~chrM~6023~G~A	0	0.001684	0	0.714285714285714	0	0	0.479716302061753	0.479716302061753	0.0115358158572035	1	0.115304354791994	1.57479247129234	1.89710236086499e-47	21.4753780414169	0.414216178242525	1.50755672288882	0.226064875518535	AAC	0.000487493275954818	0.00762873490146217	7.67994166477288e-08	0	0.144260185031842	0	0.39215686274509803	1	G>A	1	0	Complex IV	0.007909561	1
HCS-2010P4-k~chrM~7705~T~C	0	0.001555	0	0.476190476190476	0	0	0.421101071392547	0.421101071392547	0.89886841214771	1	0.976116079616213	0.0299385268640151	3.36158629828435e-46	18.269058309748	0.197466073358019	1.24427259300938	1	ATG	0.000490682501855689	0.0305944055944056	1.65062556452446e-06	0	0.726989645981169	0	0.23529411764705882	1	T>C	1	0	Complex IV	0.003800448	1
HCS-2012P3-k~chrM~1106~C~T	0	0.00111	0	0.428571428571428	0	0	0.869670681314748	0.921302510970819	0.233537882799641	1	0.0402067738737667	2.05161828376555	3.82363226898086e-39	19.8129506219811	0.00389066703599338	1.20827878050068	0.133994318637019	CCT	0.00534740189912585	0.0839160839160839	1.61947597165448e-29	0	1	0	0.3235294117647059	1	C>T	1	0	rRNA	0.000270083	1
HCS-2012P3-k~chrM~1292~A~G	0	0.001354	0	0.428571428571428	0	0	0.00546329496365814	0.00528551382448689	0.189872274280719	1	0.161728773798777	1.39928087038384	2.25591916973016e-12	12.2264275891533	0.0741498977382223	1.28812862801773	0.360117531283976	TAC	0.00135791360956923	0.0405594405594406	6.46138018678948e-21	0	0.47139413014488	0	0.29411764705882354	1	A>G	1	0	rRNA	0.0000772	0
HCS-2012P3-k~chrM~1520~T~C	0	0.002151	0	0.238095238095238	0	0	0.809533791134524	0.809533791134524	0.585734690769519	1	0.241704555602051	1.17073688146851	4.7681433031078e-23	16.0654686346863	0.5	1.41261286739226	0.580471941920705	ACT	0.00444935751342422	0.0150618612157074	1.69634725924484e-06	0	0.266155560753063	0	0.4215686274509804	1	T>C	1	0	rRNA	0.000366541	1
HCS-2012P3-k~chrM~1536~A~G	0	0.0018599999999999	0	0.333333333333333	0	0	0.488508416810816	0.488435626207471	0.0910598293538794	1	0.821634012009515	0.225443837319921	6.63339497283557e-28	11.218514527088	0.0832645166635504	1.12390297389803	0.389696123401149	TAC	0.00290603705237845	0.0174825174825175	4.43821939496152e-08	0	0.0917999858873448	0	0.28431372549019607	1	A>G	1	0	rRNA	0.000327957	1
HCS-2012P3-k~chrM~1556~C~T	0	0.003572	0	0.428571428571428	0	0	0.0581093875749264	0.0580986093302028	0.837950862200559	1	0.472751373535212	0.718009590351908	4.44889368996366e-40	18.6964253489591	0.0457995891111867	2.00764007901533	0.315003194720877	ACA	0.00189911611231405	0.0198135198135198	9.12613967263505e-17	0	0.0387537957596093	0	0.7058823529411765	1	C>T	1	0	rRNA	0.0000772	0
HCS-2012P3-k~chrM~1619~C~T	0	0.001727	0	0.428571428571428	0	0	0.833894213598584	0.833792704890307	0.726963344967908	1	0.048322306516827	1.97452298503191	6.02278348127997e-49	17.1542039610794	0.0637828082205392	2.5961464211358	0.322016985601565	ATA	0.00110187977160454	0.0236250236250236	6.43712436555424e-24	0	0.411434344086054	0	0.1568627450980392	1	C>T	1	0	tRNA	0.0000579	1
HCS-2012P3-k~chrM~1654~T~C	0	0.001808	0	0.380952380952381	0	0	0.0642096674902081	0.0642096674902081	0.989267272934195	1	0.0933028261730885	1.67822682869597	1.43123549720849e-22	17.1276220493052	0.0556996259666496	2.36569510663021	0.549920180819974	TCA	0.00111059649305918	0.0290598290598291	1.53576543675766e-30	0	0.10094851290849	0	0.12745098039215685	1	T>C	1	0	tRNA	0.000192916	1
HCS-2012P3-k~chrM~1842~A~G	0	0.001569	0	0.476190476190476	0	0	0.261393482498127	0.258903204625102	0.730854231585086	0.998157871758069	0.557838862453249	0.586054542703635	1.25546730912902e-22	14.7536541256406	0.285202279843243	0.445214006208969	1	TAT	0.00109911717698308	0.0412812993458155	1.18851876171657e-21	-0.000961307	0.857578296181419	0	0.0392156862745098	1	A>G	1	0	rRNA	0.002797284	1
HCS-2012P3-k~chrM~1883~G~A	0	0.0024	0	0.428571428571428	0	0	0.260395087105833	0.261831847896048	0.594939231109942	1	0.105684929478988	1.61789638503132	2.22281369441149e-21	14.9749333709256	0.248213078989924	0.421528901958828	1	AGG	0.000978954156211689	0.0438480438480438	1.00048142345806e-25	0	0.247343963560984	0	0.13725490196078433	1	G>A	1	0	rRNA	0	0
HCS-2012P3-k~chrM~1944~C~T	0	0.001738	0	0.428571428571428	0	0	0.483472417952484	0.483535371712076	0.561134458442615	1	0.800158693980155	0.253141728579493	2.30533225441291e-35	18.9412409123118	1	0.76837607049822	0.140539701028988	ATA	0.00143613679202943	0.0244755244755245	5.45030408387932e-11	0	0.453653847829448	0	0.0392156862745098	1	C>T	1	0	rRNA	0.0000193	0
HCS-2012P3-k~chrM~1977~T~C	0	0.002203	0	0.380952380952381	0	0	0.139749284094214	0.139779851023225	0.783192552465904	0.629722879964137	0.878343643282498	-0.153069278	5.10777312538924e-21	15.1805250549883	0.372761257276385	1.37235983999473	0.259462340451022	TTA	0.00116880755178628	0.0422322775263952	1.55630444498996e-34	0.117647058823529	0.0351557112048638	0	0.058823529411764705	1	T>C	1	0	rRNA	0.000790956	1
HCS-2012P3-k~chrM~2005~C~T	0	0.001832	0	0.571428571428571	0	0	0.68231839542131	0.682425910551381	0.760855873948054	0.99438858475957	0.143669394362714	1.46226212079119	8.55652198485102e-23	13.4847270174898	0.705456986111273	0.642439614700546	1	GCC	0.0014093521179757	0.0297202797202797	4.43893453014349e-22	-0.001921691	0.216601092918975	0	0.0784313725490196	1	C>T	1	0	rRNA	0	1
HCS-2012P3-k~chrM~2667~T~C	0	0.001564	0	0.333333333333333	0	0	1.21622341016739e-14	1.2059678295969e-14	0.00659199826116878	1	0.00651443749134986	2.72069734451652	2.69554843011188e-19	16.2311438101533	0.407580370867991	2.48143288394209	0.328643985690906	TCA	0.00537923614846673	0.0472027972027972	1.39692602381068e-32	0	0.678170689810982	0	0.00980392156862745	1	T>C	1	0	rRNA	0.0000386	1
HCS-2012P3-k~chrM~4048~G~A	0	0.002384	0	0.428571428571428	0	0	0.376645643038825	0.376645643038825	0.643117129521618	1	0.0317989022664601	2.14692940441724	6.84174377605895e-29	20.1638123068207	0.580712162189025	0.866666666666667	1	TGA	0.00801271755335327	0.0147630147630148	0.00242304876560102	0	1	0	0.2647058823529412	1	G>A	1	0	Complex I	0.01711166	1
HCS-2012P3-k~chrM~4104~A~G	0	0.002593	0	0.523809523809524	0	0	0.0777057645198705	0.0777057645198705	0.881042747315428	1	0.984128282273183	-0.01989356	7.77357533259471e-30	18.5525584785315	0.179712495	0.918558653543692	0.112269150288953	TAA	0.00632479001863338	0.0160839160839161	3.16556838915359e-06	0	0.75421369407667	0	0.28431372549019607	1	A>G	1	0	Complex I	0.073520333	1
HCS-2012P3-k~chrM~4312~C~T	0	0.001777	0	0.428571428571428	0	0	0.893572256772377	0.893481290756962	0.729257646626196	1	0.823315678218611	0.223282459189291	1.75073422431159e-20	15.4180184426947	1	0.868243142124459	0.0122313760435895	GCT	0.00106681517091688	0.0403442711135019	1.01251234513814e-09	0	0.580522220110482	0	0.2549019607843137	1	C>T	1	0	tRNA	0.032274867	1
HCS-2012P3-k~chrM~4318~C~T	0	0.001762	0	0.428571428571428	0	0	0.953293819411421	0.95338883562002	0.799147265378398	1	0.130111989705785	1.51366041483843	1.28565261756024e-41	22.4201696496609	1	0.534522483824849	0.0383753019788091	ACC	0.00107109139367204	0.0431235431235431	2.94496795459044e-09	0	0.387106376067012	1	0.2647058823529412	1	C>T	1	0	tRNA	0.00011575	1
HCS-2012P3-k~chrM~4456~C~T	0	0.001717	0	0.476190476190476	0	0	0.162381368710747	0.162381368710747	0.531186983603049	1	0.930124126447101	-0.087688668	1.33248470698758e-39	17.3311862580419	0.317310507862914	-0.694365075	1	ACC	0.00128892666206099	0.021978021978022	2.45921120351394e-09	0	0.423450417173399	0	0.4019607843137255	1	C>T	1	0	tRNA	0.000212208	1
HCS-2012P3-k~chrM~4904~C~T	0	0.00105	0	0.428571428571428	0	0	0.123607588679029	0.123647260587675	0.997974911557493	1	0.0379228068400585	2.07568810449267	7.7073431348563e-64	25.8895144704319	1	0.258198889747161	0.691643125198207	TCT	0.00145238137409447	0.020979020979021	4.70719514259949e-05	0	0.687790409171198	0	0.029411764705882353	1	C>T	1	0	Complex I	0.001234663	1
HCS-2012P3-k~chrM~5752~A~G	0	0.002189	0	0.571428571428571	0	0	0.82086849176505	0.82086849176505	0.534779052575702	0.999051279838231	0.079983236241594	1.75078334670567	1.62467710872202e-44	19.0279941287758	0.317310507862914	0.472455591261534	0.453613602435449	AAG	0.00414494596312766	0.00999000999000999	0.00335300579204691	0.00259740259740227	0.124966818049829	1	0.28431372549019607	0	A>G	1	0	NAN	0.0000193	0
HCS-2012P3-k~chrM~5840~C~T	0	0.002036	0	0.476190476190476	0	0	0.979687203599351	0.979687203599351	0.0130548325943857	0.998860842007209	0.00410985034894623	2.86960486016695	2.59079363778417e-29	12.6035490207772	0.108809430040546	1.84466196843155	0.775678170545054	CCT	0.00799962668408776	0.0151515151515152	1.56501549577527e-07	0.00238322211630049	0.387242152673004	0	0.3627450980392157	1	C>T	1	0	tRNA	0.000231499	1
HCS-2012P3-k~chrM~6023~G~A	0	0.002886	0	0.714285714285714	0	0	0.981671635629955	0.981671635629955	0.886609083149177	1	0.822138138520056	-0.224795794	4.1237154846701e-31	17.7952694699112	0.654720846018577	0.533333333333333	1	AGC	0.00816801469329985	0.00893550893550894	0.578075018194158	0	1	0	0.39215686274509803	1	G>A	1	0	Complex IV	0.007909561	1
HCS-2012P3-k~chrM~6242~C~T	0	0.001984	0	0.523809523809524	0	0	0.0930803033868299	0.0930320839201648	0.453397282029357	1	0.966619859128264	0.0418480136847893	3.45097947684072e-20	17.8699619175207	0.157299207050285	1.69932355211106	0.138531152622367	TTG	0.00123689226253329	0.0197075651621106	2.00612792549387e-08	0	0.548321602083616	0	0.23529411764705882	1	C>T	1	0	Complex IV	0.0000965	1
HCS-2012P3-k~chrM~6410~C~T	0	0.001276	0	0.19047619047619	0	0	0.560197836060941	0.560197836060941	0.0105831930360728	1	0.206758910525258	-1.262527853	3.79831102709796e-32	17.6973008011181	0.563702861650773	0.584093668458951	1	TCA	0.00566991693752237	0.0511593669488406	1.96119355680682e-11	0	1	0	0.049019607843137254	1	C>T	1	0	Complex IV	0.000520874	1
HCS-2012P3-k~chrM~6542~C~T	0	0.00159	0	0.476190476190476	0	0	0.058066627798654	0.0581382239406527	0.544447211146478	1	0.01453986917855	2.44364143637853	1.63056167725558e-29	17.6612362905077	0.0828790664428161	0.702648052522944	0.425680115084756	GCA	0.00122655641832442	0.030969030969031	1.03143203112969e-10	0	1	0	0.18627450980392157	1	C>T	1	0	Complex IV	0.000212208	1
HCS-2012P3-k~chrM~6935~C~T	0	0.001105	0	0.380952380952381	0	0	0.348880711556157	0.348880711556157	0.619168202112133	1	0.5454705302231	-0.604561295	7.31265278842404e-52	18.3562179380841	0.317310507862914	-0.377964473	0.714757914426063	TTA	0.00162918943015249	0.014985014985015	8.96673769330554e-06	0	0.722084878322952	0	0.2549019607843137	1	C>T	1	0	Complex IV	0.000424415	1
HCS-2012P3-k~chrM~7146~A~G	0	0.001215	0	0.238095238095238	0	0	0.966875002682473	0.901899205052024	0.746383556213605	1	0.922407200884982	0.0974019441227697	8.84911486018488e-21	14.834602807279	0.0863478209836625	1.09291813329405	0.428681783097679	CAC	0.00414382478094376	0.0506993006993007	2.38849272645796e-24	0	0.87435783546761	0	0.3333333333333333	1	A>G	1	0	Complex IV	0.047881781	1
HCS-2012P3-k~chrM~8021~A~G	0	0.001355	0	0.571428571428571	0	0	0.838128135932179	0.838128135932179	0.209227046232691	1	0.551563376695835	-0.595419077	9.55172176926684e-29	19.4794150448776	0.654720846018577	0.306186217847897	0.178735682713897	GAT	0.00105506269259719	0.0402097902097902	6.59229239849345e-06	0	1	0	0.3137254901960784	1	A>G	1	0	Complex IV	0.000154333	1
HCS-2012P3-k~chrM~9254~A~G	0	0.001116	0	0.619047619047619	0	0	0.166586217939012	0.166375441914655	0.34179823724584	1	0.801300937264344	-0.251663803	2.27279299262717e-21	15.593056914162	1	1.53093108923949	0.496795578770341	GAC	0.00138884956698721	0.0104895104895105	1.10579550844445e-05	0	0.727658908440831	0	0.28431372549019607	1	A>G	1	0	Complex IV	0.00825681	1
HCS-2012P3-k~chrM~11083~A~G	0	0.001414	0	0.285714285714286	0	0	0.0243248766836896	0.0243501070939435	0.451850618963334	1	0.854439667585407	-0.183456729	6.6713192212552e-56	14.3735587790106	0.256839257957857	1.17519112011534	0.809091645272213	TAA	0.00108340017906891	0.0226244343891403	1.38363716235111e-12	0	1	0	0.0784313725490196	1	A>G	1	0	Complex I	0.004629987	1
HCS-2012P3-k~chrM~11527~C~T	0	0.001719	0	0.428571428571428	0	0	0.901919758915175	0.901919758915175	0.48641829327602	1	0.976676892240313	0.0292353447485637	1.97353504366492e-40	20.0698866349606	0.317310507862914	1.4336844589447	0.79077883752013	ACA	0.00108019433810244	0.0284715284715285	1.65477385410688e-10	0	0.18226546082555	0	0.2549019607843137	1	C>T	1	0	Complex I	0.000443707	1
HCS-2012P3-k~chrM~11557~A~G	0	0.001406	0	0.380952380952381	0	0	0.248130601397804	0.248252969317946	0.555154028074106	1	0.568419357660325	0.570380934773208	2.01843485129374e-38	14.1970567864309	0.09375	1.84302445193621	0.0411279650168534	TAT	0.00137765460346105	0.0244755244755245	6.85703746008882e-12	0	0.803763487937039	0	0.27450980392156865	1	A>G	1	0	Complex I	0.000212208	1
HCS-2012P3-k~chrM~11590~A~G	0	0.002188	0	0.523809523809524	0	0	0.563026086769219	0.563026086769219	0.0998810899844682	1	0.161041820332475	-1.40157626	8.12016741096617e-59	16.3353391130151	0.785494747118354	0.608780777528101	0.773841489055851	TAC	0.00132497444803086	0.0221445221445221	2.68705245775734e-09	0	0.038388421753724	0	0.4019607843137255	1	A>G	1	0	Complex I	0.002025619	1
HCS-2013C1-k~chrM~4456~C~T	0	0.002125	0	0.476190476190476	0	0	0.103732982957135	0.103625994496731	0.222851059006469	1	0.778854186979961	-0.280812537	1.38168479427678e-74	23.2201123991911	0.330390048848794	0.905258530472377	0.274520719331758	ACC	0.000839043284935287	0.00753093060785368	2.73369376151752e-08	0	0.174726854901521	0	0.4019607843137255	1	C>T	1	0	tRNA	0.000212208	1
HCS-2013C1-k~chrM~4736~T~C	0	0.001728	0	0.285714285714286	0	0	0.625766693981179	0.625693123970594	0.126690172036426	1	0.631664316265619	-0.479385627	2.46618520408022e-53	19.6064762553859	0.102470434859749	0.374634324632678	0.774166421224515	CTA	0.00979137335210504	0.0116550116550117	0.167331235483612	0	0.246654660840705	0	0.3137254901960784	1	T>C	1	0	Complex I	0.001388996	1
HCS-2013C1-k~chrM~5041~T~C	0	0.001037	0	0.333333333333333	0	0	0.201506625275697	0.201506625275697	0.139915603379408	1	0.404213472371343	-0.834119811	1.59418057300076e-44	17.8669993501445	1	1.17108008753824	1	ACA	0.00483787496774492	0.0293706293706294	0.000108856746310147	0	0.679569727849976	0	0.21568627450980393	1	T>C	1	0	Complex I	0.0000579	0
HCS-2013C1-k~chrM~5840~C~T	0	0.001098	0	0.476190476190476	0	0	0.867355566997908	0.867163161506449	0.18053069831017	0.998243994590855	0.236588673032007	1.18355648853188	1.67864011152271e-73	20.5764808060333	1	0.231455024943138	1	CCT	0.000805003772991908	0.0147630147630148	3.3455023681028e-07	0.00423998304006545	1	0	0.3627450980392157	1	C>T	1	0	tRNA	0.000231499	1
HCS-2013C1-k~chrM~6023~G~A	0	0.0014089999999999	0	0.714285714285714	0	0	0.952199223452325	0.952199223452325	0.88354467815977	1	0.083358386036244	1.73152378724404	1.86429396474728e-76	21.1272717913741	1	0.950950166988625	0.364261594898957	AGC	0.000904280029058269	0.00826446280991736	3.03171233837837e-07	0	0.76976793902983	0	0.39215686274509803	1	G>A	1	0	Complex IV	0.007909561	1
HCS-2013C1-k~chrM~7316~G~A	0	0.001436	0	0.238095238095238	0	0	0.769800858745456	0.769800858745456	0.915722145996884	1	0.981757125717643	0.0228660446951916	5.55673493681132e-28	17.1090033832961	0.0655996921470719	0.927105069301107	1	TGA	0.00155258172617696	0.0132867132867133	7.60215356216957e-07	0	0.343393421252248	0	0.08823529411764706	1	G>A	1	0	Complex IV	0.000231499	1
HCS-2013C1-k~chrM~7705~T~C	0	0.001802	0	0.476190476190476	0	0	0.650055669228281	0.64992259125937	0.118928964066365	1	0.999852490570883	-0.000184876	2.82942354429519e-64	20.4727505651654	0.067889154861829	2.40039679259592	0.307685039063641	ATG	0.000736944215205091	0.0223776223776224	2.75109566944166e-11	0	0.207344092963306	0	0.23529411764705882	1	T>C	1	0	Complex IV	0.003800448	1
HCS-2013C1-k~chrM~7810~C~T	0	0.001101	0	0.619047619047619	0	0	0.040891538903819	0.0409011400839191	0.304683850401016	1	0.207011623345111	-1.261825391	2.07631940836072e-69	21.3570244512453	0.317310507862914	0.542150463899159	0.277666337922002	TCA	0.000714903757500113	0.00860677783754707	9.52758351659043e-09	0	1	0	0.35294117647058826	1	C>T	1	0	Complex IV	0.000270083	1
HCS-2013C1-k~chrM~8021~A~G	0	0.002009	0	0.571428571428571	0	0	0.10989446376169	0.10989446376169	0.0924307260107012	1	0.765829343121521	0.297834681452054	2.7177598679092e-43	20.442482036194	0.0457995891111867	1.77678277050816	0.15291038832188	GAT	0.000818087588197845	0.0176881941587824	1.3672574072659e-11	0	0.813528691647694	0	0.3137254901960784	1	A>G	1	0	Complex IV	0.000154333	1
HCS-2013C1-k~chrM~8943~C~T	0	0.0012839999999999	0	0.428571428571428	0	0	0.533552471087355	0.533385540382287	0.515039695490903	1	0.236758200974714	1.18312855885286	1.49225551049468e-76	23.080909675537	1	0.595413139528084	1	CCA	0.00772012159050285	0.0164541341011929	1.30154198258031e-10	0	0.630557760600692	0	0.4117647058823529	1	C>T	1	0	Complex V	0.001659079	1
HCS-2013C1-k~chrM~9075~C~T	0	0.001158	0	0.333333333333333	0	0	0.123094914561617	0.123094914561617	0.263247119906961	1	0.329454622995238	0.975212983787756	1.0167410860355e-81	21.9724023112146	0.105162385944877	1.31233464566864	0.346253665067135	CCA	0.000854167180508374	0.0143745143745144	7.05227320060358e-13	0	0.641028319262564	0	0.35294117647058826	1	C>T	1	0	Complex V	0.000154333	0
HCS-2013C1-k~chrM~9254~A~G	0	0.002194	0	0.619047619047619	0	0	0.0944109836704173	0.0944267683764775	0.782914554807272	1	0.150301931030279	-1.438465812	1.86372728576393e-32	13.8584897041585	0.144127034816015	1.16666666666667	0.814222400792603	GGC	0.000875844564401391	0.0159285159285159	4.65142085718506e-13	0	0.814375580602347	0	0.28431372549019607	1	A>G	1	0	Complex IV	0.00825681	1
HCS-2013C1-k~chrM~9329~G~C	0	0.001603	0	0.476190476190476	0	0	0.478524005249872	0.478182286194141	0.442651381483823	1	0.668531106760596	-0.428164848	4.59219682591745e-40	19.1392807730668	0.0196306572572907	2.05060966544099	0.512409416582697	CGC	0.000728764416938655	0.0381118881118881	1.0893773065198e-14	0	0.827206399765893	0	0.27450980392156865	1	G>C	0	1	Complex IV	0.0000772	0
HCS-2013P3-k~chrM~13180~G~A	0	0.001265	0	0.523809523809524	0	0	0.926301907464492	0.926360510651206	0.861426658530322	1	0.977226507103584	0.0285462171171633	2.439815580898e-55	15.5864542094054	0.0587817213553589	2.13030522215916	0.112057018577352	CAC	0.000613855179598164	0.00699300699300699	5.11465994863476e-12	0	1	0	0.0392156862745098	0	G>A	1	0	Complex I	0	0
HCS-2014C1-k~chrM~5041~T~C	0	0.005614	0	0.333333333333333	0	0	0.871087413505238	0.870125363528344	0.0342412282796928	1	0.553551878198004	-0.592446138	6.27959082859389e-45	14.6078824784342	0.021815081854635	1.47649628295668	0.00667890973722174	ATA	0.00315061847744033	0.0192307692307692	2.81165541731394e-20	0	0.598889579643964	0	0.21568627450980393	1	T>C	1	0	Complex I	0.0000579	0
HCS-2014C1-k~chrM~5320~C~T	0	0.002453	0	0.523809523809524	0	0	0.0132900149712303	0.0133282856656245	0.0240821930543028	1	0.412007489626416	-0.820366004	4.39454001276952e-58	21.6150549461458	0.102470434859749	-0.397918582	0.028411180222763	ACC	0.000526935615451279	0.0133200133200133	7.25247453418704e-15	0	0.383438107874448	0	0.23529411764705882	1	C>T	1	0	Complex I	0.0000965	1
HCS-2014C1-k~chrM~5351~A~G	0	0.002887	0	0.428571428571428	0	0	0.00483906646985583	0.00485502004548099	3.45290826217809e-05	1	0.00316549405032338	-2.951192656	8.42455499912305e-13	7.73712477775163	0.179712495	0.426006433615129	0.0119280341453185	TAC	0.000516583279921176	0.0136363636363636	2.64963641239471e-14	0	0.500778836669768	0	0.1568627450980392	1	A>G	1	0	Complex I	0.012616714	1
HCS-2014C1-k~chrM~6299~A~G	0	0.003553	0	0.571428571428571	0	0	0.00394270136305423	0.00394270136305423	0.0135878013222576	1	0.0222926826852758	2.28534369559026	6.01031656388208e-39	14.7873798820285	0.157299207050285	1.4790199457749	0.57811203109484	TGG	0.0057015988332793	0.020979020979021	2.06894731147206e-06	0	0.145746369552621	0	0.0784313725490196	1	A>G	1	0	Complex IV	0.000154333	1
HCS-2014C1-k~chrM~6324~G~A	0	0.002508	0	0.666666666666667	0	0	0.831335009022834	0.831335009022834	0.989137783693968	1	0.801567069417854	-0.25131954	4.34828690501864e-62	18.0195998888112	0.157299207050285	0.866025403784439	0.425789767985756	AGC	0.00413686291292195	0.010989010989011	2.68106203653591e-06	0	0.287068069722971	0	0.08823529411764706	0	G>A	1	0	Complex IV	0.0000386	1
HCS-2014C1-k~chrM~7810~C~T	0	0.001847	0	0.619047619047619	0	0	0.0294779299795386	0.0294779299795386	0.738570865384012	1	0.493323763242955	0.685031944582927	6.43790164485777e-67	19.7682421082099	0.317310507862914	-0.265684466	0.467565661080484	TCA	0.000488308732816023	0.00946112710818594	1.06913521033739e-11	0	0.00241901400117533	0	0.35294117647058826	1	C>T	1	0	Complex IV	0.000270083	1
HCS-2014C1-k~chrM~7868~C~T	0	0.001833	0	0.523809523809524	0	0	0.571830462993352	0.571830462993352	0.543118677915335	1	0.455336646378695	-0.74654767	3.1192751326841e-57	18.0230048662482	0.5	1.77646957639138	0.369227500771923	CTT	0.000609996064541524	0.0197075651621106	1.12736431254123e-08	0	0.143279412744806	0	0.3333333333333333	1	C>T	1	0	Complex IV	0.000347249	1
HCS-2014C1-k~chrM~7912~G~A	0	0.00326	0	0.523809523809524	0	0	0.941093939708499	0.941093939708499	0.138977086102626	0.998546546882369	0.0983924307686074	1.65269756234476	6.47620458875184e-60	20.8998936850328	0.0114120363860017	2.64051737654011	0.403751890632037	AGT	0.00049510735526567	0.0221951961082396	1.26032437480937e-16	0.00219876868953151	0.148496876601923	0	0.22549019607843138	1	G>A	1	0	Complex IV	0.001157497	1
HCS-2014C1-k~chrM~8021~A~G	0	0.002637	0	0.571428571428571	0	0	0.00292439819360338	0.00292439819360338	0.00931427157589222	1	0.0279468758796741	2.19803129491419	2.56700299247982e-31	13.4712129989628	0.285049407402613	0.85	0.11884505956142	GGT	0.00331231198749682	0.0223776223776224	2.87442462523853e-14	0	0.0733011275118539	0	0.3137254901960784	1	A>G	1	0	Complex IV	0.000154333	1
HCS-2014C1-k~chrM~9168~C~T	0	0.001925	0	0.428571428571428	0	0	0.00182553100455382	0.00182553100455382	0.594922605541971	1	0.751016487935743	-0.317299327	9.07421804320375e-57	18.4983669250545	0.0832645166635504	2.12397697621437	0.179079480044761	TCA	0.000499079867500923	0.00749250749250749	1.53397061431295e-09	0	0.0334401309412079	0	0.35294117647058826	1	C>T	1	0	Complex V	0.000424415	0
HCS-2014C1-k~chrM~11527~C~T	0	0.002727	0	0.428571428571428	0	0	0.276261267632772	0.276261267632772	0.877214646771337	1	0.117596930821039	1.56494020334617	2.25940397705448e-87	21.4479439597685	1	0.920910920272381	0.591763360749301	ATA	0.000642382612047219	0.0225927918235611	6.07621968281246e-10	0	0.58052553463308	0	0.2549019607843137	1	C>T	1	0	Complex I	0.000443707	1
HCS-2015C4-k~chrM~6023~G~A	0	0.003006	0	0.714285714285714	0	0	0.921573904890945	0.921732151455317	0.696790883253341	1	0.14474809893612	1.45833546641118	4.5483216553085e-54	19.6485881825504	0.246251699692527	1.36504726557987	0.112852782737466	AAC	0.000696586725047274	0.00749250749250749	3.7282385721576e-09	0	0.424423176694645	0	0.39215686274509803	1	G>A	1	0	Complex IV	0.007909561	1
HCS-2015C4-k~chrM~6266~A~C	0	0.002621	0	0.666666666666667	0	0	0.116678617886921	0.116703796518425	0.105905567032704	1	0.0385330533829784	-2.06913891	1.64300024433647e-40	16.0195060861094	0.179712495	1.49853729853071	1	GAG	0.000614271059965569	0.0227272727272727	2.15399731097498e-09	0	0.573747710273612	0	0.08823529411764706	1	A>C	0	1	Complex IV	0.0000965	1
HCS-2015P1-k~chrM~6221~T~C	0	0.001354	0	0.571428571428571	0	0	0.990635358808621	0.990635358808621	0.373628014438804	1	0.527902780587918	-0.631210679	2.7656026760831e-35	13.2471078202884	0.482764975525357	1.42348119105898	0.398143348663155	CCC	0.00057627557627558	0.0257469802924348	4.14200612249119e-15	0	0.206614017755424	0	0.20588235294117646	1	T>C	1	0	Complex IV	0.02872521	1
HCS-2015P1-k~chrM~6242~C~T	0	0.001127	0	0.523809523809524	0	0	0.334431057826754	0.334431057826754	0.223159542417325	1	0.111746226243484	-1.590393093	1.64976986987521e-77	18.9141737107333	0.179712495	1.64267943370736	0.375734311292541	TTG	0.000632612769815941	0.0184361093452003	1.09720539759122e-08	0	0.366658844237443	0	0.23529411764705882	1	C>T	1	0	Complex IV	0.0000965	1
HCS-2015P1-k~chrM~7232~C~T	0	0.001813	0	0.571428571428571	0	0	0.431074600988012	0.431120597748159	0.317442216003517	1	0.604230104090899	-0.518327048	2.92111237083278e-77	21.645747366629	0.179712495	1.10461217955755	0.223287233211736	ACC	0.000562218890554727	0.0168654874537228	1.24243652582174e-12	0	0.470496806879097	0	0.28431372549019607	1	C>T	1	0	Complex IV	0.00011575	0
HCS-2015P1-k~chrM~9329~G~C	0	0.001895	0	0.476190476190476	0	0	0.384631512311127	0.384631512311127	0.535858894310761	1	0.370012885346051	-0.896449228	1.51056770593328e-43	15.9623182273069	0.25	1.38675049056307	0.522768035623528	CCC	0.000499130087561682	0.0481740481740482	2.12411275121605e-07	0	0.513540779253987	0	0.27450980392156865	1	G>C	0	1	Complex IV	0.0000772	0
HCS-2015P1-k~chrM~9434~A~G	0	0.001609	0	0.523809523809524	0	0	0.855702455215585	0.855597558306669	0.0262393803044645	1	0.149675633842483	-1.440678138	4.75677624755415e-64	20.6311874482269	0.242288096536271	1.68033610083361	0.394037820636963	AGA	0.000583384696551187	0.0190718372536554	1.16111224522544e-15	0	0.523749939684309	1	0.30392156862745096	1	A>G	1	0	Complex IV	0.0000772	1
HCS-2017P1-k~chrM~1556~C~T	0	0.00109	0	0.428571428571428	0	0	0.604190912593915	0.603095989525789	0.544447671995166	1	0.381415571736693	-0.875291033	1.06704857820724e-46	12.8964489194946	0.361547071452043	1.1421579955846	0.503588373211249	ATA	0.00398704358765268	0.0167832167832168	2.44765066336604e-13	0	0.115637589461983	0	0.7058823529411765	1	C>T	1	0	rRNA	0.0000772	0
HCS-2019P1-k~chrM~72~T~C	0	0.001681	0	0.666666666666667	0	0	0.175725748062433	0.175725748062433	0.903675589108302	1	0.602742743610537	0.520460368424989	1.22259632781196e-56	16.5322490298136	0.179712495	0.918558653543692	0.737189562428165	GTA	0.0110652879883645	0.0174825174825175	0.00076169360680468	0	1	0	0.3431372549019608	0	T>C	1	0	Dloop	0.017921908	1
HCS-2019P1-k~chrM~4971~G~A	0	0.0031509999999999	0	0.428571428571428	0	0	0.508395268381032	0.508395268381032	0.18147539540219	1	0.518306221191895	0.645958516766111	1.38998018070714e-30	18.3815659643526	0.705456986111273	0.934646039092235	0.818854801028133	AGG	0.000507659309837171	0.00736105999263894	2.08954137549755e-12	0	0.256881090977269	0	0.10784313725490197	0	G>A	1	0	Complex I	0.0000193	0
HCS-2019P1-k~chrM~9254~A~G	0	0.001096	0	0.619047619047619	0	0	0.0617582038060274	0.0617582038060274	0.0122708997049681	1	0.0794192384595045	1.75406576809223	9.63068560848346e-18	10.9567153224252	0.705456986111273	-0.052925612	0.333077327395876	GAC	0.000634119149513502	0.0124320124320124	4.29135068232391e-07	0	0.179738032083501	0	0.28431372549019607	1	A>G	1	0	Complex IV	0.00825681	1
HCS-2019P1-k~chrM~10685~G~A	0	0.001457	0	0.714285714285714	0	0	0.640397303073952	0.640397303073952	0.778427087928404	1	0.649578205078785	-0.454348233	2.01111662504281e-63	22.8371065674085	0.317310507862914	0.733333333333333	0.741526813129298	CAG	0.000585433821097283	0.027972027972028	9.42903921375305e-07	0	0.746261031989467	0	0.08823529411764706	1	G>A	1	0	Complex I	0.005054402	1
HCS-2019P1-k~chrM~11083~A~G	0	0.001932	0	0.285714285714286	0	0	0.134435733736393	0.134485079079384	6.78987188555611e-05	1	0.432117152914168	-0.785573912	8.5854241759865e-120	19.1456938340933	0.13801073756866	1.68303447439938	1	TAA	0.000496451321683068	0.0205676676264912	1.43736948052551e-12	0	0.331389556209184	0	0.0784313725490196	1	A>G	1	0	Complex I	0.004629987	1
HCS-2019P1-k~chrM~11097~C~T	0	0.001497	0	0.428571428571428	0	0	0.35945900390141	0.35945900390141	0.604367272016875	1	0.506277237120676	0.664645535627306	1.1283270056476e-104	19.4074926094389	0.465208818452142	2.11268490315049	0.126290479722103	ATA	0.000507418457853826	0.0236013986013986	5.33470559975082e-12	0	0.803291559126562	0	0.049019607843137254	1	C>T	1	0	Complex I	0	0
HCS-2019P1-k~chrM~11914~G~A	0	0.00153	0	0.428571428571428	0	0	0.434422825128405	0.43449579892267	0.0704059231886213	1	0.695607056814132	-0.391257301	4.12943634346683e-28	18.8611641379989	0.414216178242525	-0.048795004	0.359878298384004	CAT	0.000517295275634285	0.0195804195804196	1.32739947680532e-07	0	0.541499678018294	0	0.3137254901960784	1	G>A	1	0	Complex I	0.109749981	1
HCS-2019P1-k~chrM~11937~T~C	0	0.001982	0	0.333333333333333	0	0	0.185126894762835	0.185126894762835	0.729865223951378	1	0.361617005962874	-0.912288235	9.1100137267376e-09	9.69987201077389	0.157299207050285	0.84588885222029	0.193463430986223	CCC	0.000523784194405272	0.00699300699300699	4.616478787374e-10	0	0.802500734208222	0	0.00980392156862745	0	T>C	1	0	Complex I	0	0
HCS-2019P1-k~chrM~15624~C~T	0	0.001355	0	0.523809523809524	0	0	0.499072241832396	0.499072241832396	0.673821401461973	1	0.640225035141109	-0.467384185	1.59408409487747e-64	21.7950058379343	0.317310507862914	0	1	GCC	0.000559258686696922	0.00786713286713287	4.96069999643698e-06	0	0.726384887118401	0	0.00980392156862745	0	C>T	1	0	Complex III	0	0
HCS-2022P1-k~chrM~1284~T~C	0	0.001469	0	0.476190476190476	0	0	0.881802449477269	0.881802449477269	0.671131648736458	1	0.459937091620788	0.738950440793587	4.76732128920577e-51	18.0349819340102	0.497394843733928	0.176480682074359	0.279906533229926	ACG	0.000838792139319387	0.0316350316350316	3.85933865521554e-15	0	0.274463705571235	0	0.38235294117647056	1	T>C	1	0	rRNA	0.000655915	1
HCS-2022P1-k~chrM~1292~A~G	0	0.001808	0	0.428571428571428	0	0	0.295050034298624	0.290878802322601	0.0347792740810609	1	0.427771670448015	0.793010559769191	2.76398505653089e-40	16.1769058042139	1	0.784931344843112	0.117100795017427	TGC	0.000882461960306278	0.0346960731576116	4.40122985246671e-18	0	0.696101932136704	0	0.29411764705882354	1	A>G	1	0	rRNA	0.0000772	0
HCS-2022P1-k~chrM~1476~G~A	0	0.0016259999999999	0	0.666666666666667	0	0	0.246562643763878	0.246562643763878	0.564310454959205	1	0.797810820003081	0.256181335451568	2.1237266855657e-56	19.1370150406813	0.317310507862914	1.17108008753824	0.274073441572955	CAT	0.00760487603167039	0.010989010989011	0.0259572398399693	0	0.125153660186024	0	0.18627450980392157	1	G>A	1	0	rRNA	0	0
HCS-2022P1-k~chrM~1520~T~C	0	0.002741	0	0.238095238095238	0	0	0.266446345582409	0.266446345582409	0.509933448364393	1	0.69602811099379	0.390687673899811	8.48871563106919e-55	17.5415438353062	0.832621202833212	0.741179064213742	0.0961614055521999	ACT	0.00399383461272699	0.0182595182595183	1.54071314420468e-12	0	0.479913337152395	0	0.4215686274509804	1	T>C	1	0	rRNA	0.000366541	1
HCS-2022P1-k~chrM~1556~C~T	0	0.00373	0	0.428571428571428	0	0	0.903273775488873	0.903790926853706	0.372341606690438	1	0.433371237417526	-0.783435805	8.19766101354812e-47	16.0679892395208	0.643209182225188	0.499083408945087	1	ATA	0.00157115611661065	0.0173160173160173	2.09064900269112e-14	0	0.831411975889389	0	0.7058823529411765	1	C>T	1	0	rRNA	0.0000772	0
HCS-2022P1-k~chrM~4736~T~C	0	0.001897	0	0.285714285714286	0	0	0.0961943112555404	0.0961943112555404	0.668286597823949	1	0.41063343727058	0.822779428192167	8.41585070470959e-58	16.4138155452382	1	0.273861278752583	0.688197751515696	CTA	0.0111659652241577	0.0151515151515152	0.0341000237872587	0	0.218678050317575	0	0.3137254901960784	1	T>C	1	0	Complex I	0.001388996	1
HCS-2022P1-k~chrM~4770~G~A	0	0.002675	0	0.238095238095238	0	0	0.972007340112362	0.972007340112362	0.193339742550944	1	0.0849583357252587	-1.722614088	2.8310601474959e-31	14.0962769309924	1	0.18113336514069	0.378960813998413	AGC	0.0112009921986165	0.0184361093452003	6.18654818207372e-05	0	0.0664941556241111	0	0.06862745098039216	0	G>A	1	0	Complex I	0.0000193	1
HCS-2022P1-k~chrM~4856~T~C	0	0.002016	0	0.571428571428571	0	0	0.034626174916776	0.0346356762751453	0.743629187572258	1	0.164793017986041	1.3891306733998	2.41228912612125e-37	14.6122669290248	0.892738400944348	0.0866025403784439	0.089240365838191	TCC	0.00285562027397167	0.0198135198135198	1.14726747999171e-08	0	0.575155697181863	0	0.19607843137254902	1	T>C	1	0	Complex I	0.002064202	1
HCS-2022P1-k~chrM~5041~T~C	0	0.002389	0	0.333333333333333	0	0	0.768199353267848	0.768199353267848	0.979103187224774	1	0.271698248455092	-1.099160078	1.83359304798784e-28	14.2116204218202	1	-0.306186218	0.728973109133525	ACA	0.000582211498030187	0.0192307692307692	1.49245633218259e-06	0	0.503550454826854	0	0.21568627450980393	1	T>C	1	0	Complex I	0.0000579	0
HCS-2022P1-k~chrM~5147~G~A	0	0.001973	0	0.619047619047619	0	0	0.943672249775254	0.943672249775254	0.0983041364015904	1	0.986031781143231	-0.01750746	4.49487860307978e-52	19.2265106441005	0.654720846018577	0.113960576459638	0.283810520500492	CAA	0.000564922649052671	0.014985014985015	1.62017996735823e-05	0	0.453649651980705	0	0.45098039215686275	1	G>A	1	0	Complex I	0.042152172	1
HCS-2022P1-k~chrM~5821~G~A	0	0.002353	0	0.476190476190476	0	0	0.201067668754174	0.201067668754174	0.883955240069882	1	0.477526505491638	0.710286474541944	2.87190377764419e-54	14.3567898722818	0.785494747118354	0.694365074829414	0.743681333233337	CAG	0.000696399036648004	0.0132090132090132	3.70138355707128e-07	0	1	0	0.4411764705882353	1	G>A	1	0	tRNA	0.00646269	1
HCS-2022P1-k~chrM~5840~C~T	0	0.002067	0	0.476190476190476	0	0	0.862749484343623	0.862749484343623	0.351332981020138	1	0.704917527709961	0.378690743801101	2.87762846322288e-63	16.7678308408888	0.449691797968891	0.921954445729289	1	CCT	0.000676843228136721	0.0132867132867133	7.97590388963764e-08	0	0.75578408338945	0	0.3627450980392157	1	C>T	1	0	tRNA	0.000231499	1
HCS-2022P1-k~chrM~6023~G~A	0	0.002821	0	0.714285714285714	0	0	0.0183750073551487	0.0183750073551487	0.646730278540353	1	0.255439903885517	1.13723537153458	2.92915119746013e-58	20.2531693086478	0.854757606321107	0.84412712744435	0.256020480450191	AAC	0.0073274355925007	0.00993743099006257	0.00629932199727263	0	0.496090375819894	0	0.39215686274509803	1	G>A	1	0	Complex IV	0.007909561	1
HCS-2022P1-k~chrM~6935~C~T	0	0.0015459999999999	0	0.380952380952381	0	0	0.30181593447496	0.30181593447496	0.434181218692872	1	0.177328910953867	1.349025079	2.98490569425562e-63	17.9100146317594	1	0.129099444873581	0.495073382306775	TTA	0.0016892468601235	0.013986013986014	5.04532378479568e-06	0	1	0	0.2549019607843137	1	C>T	1	0	Complex IV	0.000424415	1
HCS-2022P1-k~chrM~6938~C~T	0	0.0012859999999999	0	0.285714285714286	0	0	5.17094833876128e-05	5.17094833876128e-05	0.0544868661734939	1	0.658231532202339	0.442356112333755	1.15826713360101e-59	18.236546422247	0.092140371467418	2.58654061368137	0.368513318210329	TTT	0.00150275256658233	0.0557184750733138	9.31115149135028e-22	0	1	0	0.21568627450980393	1	C>T	1	0	Complex IV	0.002372868	1
HCS-2022P1-k~chrM~7146~A~G	0	0.001658	0	0.238095238095238	0	0	0.533102251541689	0.530857176033354	0.888178088982594	1	0.711331477428903	-0.370068466	2.01129819519284e-27	13.7695348653796	0.479500122186953	0.98646445863318	0.409041337107149	CAC	0.00547641404531843	0.0267558528428094	1.07833521995432e-08	0	0.0990328544282988	0	0.3333333333333333	1	A>G	1	0	Complex IV	0.047881781	1
HCS-2022P1-k~chrM~7810~C~T	0	0.001529	0	0.619047619047619	0	0	0.990670318353633	0.990670318353633	0.0972236974714959	1	0.980542435224602	0.0243888586106426	2.4919125626846e-62	20.3252590395351	1	0.596284793999944	1	TCA	0.00071680585275752	0.0153846153846154	0.000127854952851431	0	0.376675759570247	0	0.35294117647058826	1	C>T	1	0	Complex IV	0.000270083	1
HCS-2022P1-k~chrM~7868~C~T	0	0.001514	0	0.523809523809524	0	0	0.395564877315468	0.395564877315468	0.612412031042457	1	0.543650535749482	0.607301963172615	1.07644781381157e-64	17.5513246760054	0.317310507862914	0.273861278752583	0.689414584782757	CCT	0.000681060630576833	0.0233100233100233	2.3445589716207e-05	0	0.219100480445722	0	0.3333333333333333	1	C>T	1	0	Complex IV	0.000347249	1
HCS-2022P1-k~chrM~8021~A~G	0	0.00161	0	0.571428571428571	0	0	0.226705827136115	0.226705827136115	0.844097401104002	1	0.964181525520273	0.0449068892982841	1.73758266634539e-36	15.4404796890261	0.705456986111273	0.462910049886276	1	GAT	0.00717122128579298	0.0402097902097902	4.63268836248088e-06	0	0.173132555576392	0	0.3137254901960784	1	A>G	1	0	Complex IV	0.000154333	1
HCS-2022P1-k~chrM~8065~G~A	0	0.002032	0	0.476190476190476	0	0	0.212955819639288	0.212955819639288	0.633019471574355	1	0.480328135579152	0.705774896803821	1.18827915023325e-50	14.0802713302886	0.498224853418339	0.233723197152962	1	TAC	0.00425188688310999	0.0430338891877353	3.02867278780142e-08	0	1	0	0.3431372549019608	1	G>A	1	0	Complex IV	0.001022455	1
HCS-2022P1-k~chrM~8943~C~T	0	0.003013	0	0.428571428571428	0	0	0.038235751826399	0.0381851768227917	0.126387122664859	1	0.189541647359164	1.31193624357619	4.05159368656356e-84	19.2911273741763	0.157299207050285	1.15579348754809	0.763647079525577	CCA	0.00362535652979114	0.00953591862682772	0.00016648418309612	0	0.551582675233954	0	0.4117647058823529	1	C>T	1	0	Complex V	0.001659079	1
HCS-2022P1-k~chrM~9075~C~T	0	0.001824	0	0.333333333333333	0	0	0.0180791731766847	0.0180791731766847	0.528203969074797	1	0.195205933367088	1.29533139500296	8.95623422873293e-58	18.5397775262979	0.317310507862914	-0.131330022	0.227029319153313	CTA	0.000674836170119195	0.0190718372536554	1.06805334323982e-08	0	0.000459553352240728	0	0.35294117647058826	1	C>T	1	0	Complex V	0.000154333	0
HCS-2022P1-k~chrM~9168~C~T	0	0.001377	0	0.428571428571428	0	0	0.706625414536673	0.706625414536673	0.718649740717061	1	0.400488512342406	0.840749091500393	4.52337603138911e-55	17.8903924174495	0.317310507862914	0.285714285714286	0.725885337687173	TCA	0.000634674070231473	0.022977022977023	1.40933377967367e-05	0	0.721934345165615	0	0.35294117647058826	1	C>T	1	0	Complex V	0.000424415	0
HCS-2022P1-k~chrM~11557~A~G	0	0.002327	0	0.380952380952381	0	0	0.730061287219685	0.730061287219685	0.580275443886106	1	0.194714572901744	-1.296757689	2.90015876065616e-56	17.2204698852859	1	0.543155118283426	0.271528336724988	TGT	0.000818564695216684	0.0231307154384078	5.34318401271768e-10	0	0.177759989059985	0	0.27450980392156865	1	A>G	1	0	Complex I	0.000212208	1
HCS-2022P1-k~chrM~11590~A~G	0	0.002536	0	0.523809523809524	0	0	0.0991198999292595	0.0991198999292595	0.441024514256902	1	0.132570193451672	-1.504043396	2.42861084178492e-46	15.691621258815	1	-0.295803989	1	TAC	0.000796932251936463	0.0227272727272727	2.4646086559692e-09	0	0.0908521282482614	0	0.4019607843137255	1	A>G	1	0	Complex I	0.002025619	1
HCS-2025C1-k~chrM~2523~C~T	0	0.0011279999999999	0	0.428571428571428	0	0	0.0198847189210654	0.0252343766517431	0.899547123011074	1	0.111486927541908	-1.591545218	2.02641352325551e-73	21.1399416921022	0.00302700338129744	1.93381087646358	1	TCA	0.000834360015501461	0.0492689129052765	4.33647179593089e-44	0	0.457475407273054	0	0.06862745098039216	1	C>T	1	0	rRNA	0.000327957	1
HCS-2025C1-k~chrM~4456~C~T	0	0.001638	0	0.476190476190476	0	0	0.87355207308278	0.872580779164245	0.828839033003905	1	0.185464107495197	-1.32411725	1.5360323617489e-75	19.3726093386274	0.5	2.03809866146027	0.260243560376685	ACC	0.000793591540922508	0.0467993544916622	9.98426406720131e-10	0	0.582088021568965	0	0.4019607843137255	1	C>T	1	0	tRNA	0.000212208	1
HCS-2025C1-k~chrM~4736~T~C	0	0.001553	0	0.285714285714286	0	0	0.327340193310899	0.327340193310899	0.123488560700488	1	0.971091386367837	0.0362395048269574	8.72293652776884e-65	21.7029269038655	0.875	0.21320071635561	0.103417470467734	CCA	0.00415259303003881	0.0128205128205128	0.0002801732873581	0	0.688578321435771	0	0.3137254901960784	1	T>C	1	0	Complex I	0.001388996	1
HCS-2025C1-k~chrM~4856~T~C	0	0.001214	0	0.571428571428571	0	0	0.766195095459432	0.766195095459432	0.99754228177339	0.999214386280306	0.426494562118887	-0.795204487	2.5121156787736e-52	17.6586212603427	0.563702861650773	0.509524665365068	0.727985598246288	TTC	0.00478298607447654	0.0122377622377622	0.000128308359716675	-0.001005834	1	0	0.19607843137254902	1	T>C	1	0	Complex I	0.002064202	1
HCS-2025C1-k~chrM~5821~G~A	0	0.0012339999999999	0	0.476190476190476	0	0	0.629667335928467	0.61743751911038	0.975032161389456	0.674975480678905	0.600107751227095	-0.524245567	1.17638567977083e-75	19.5804625726565	0.288948626847503	1.27009025830643	1	CGG	0.000895821552346776	0.041958041958042	1.55670600207556e-12	0.235294117647058	1	0	0.4411764705882353	1	G>A	1	0	tRNA	0.00646269	1
HCS-2025C1-k~chrM~7705~T~C	0	0.001791	0	0.476190476190476	0	0	0.798345787885184	0.798345787885184	0.957788515567204	1	0.738106072544016	-0.334362448	3.96419828106942e-104	23.0572430835205	0.673289979659996	0.707527552887687	0.610204743428141	ATG	0.000700395066592256	0.0470862470862471	4.89654747738546e-11	0	0.446738934975104	0	0.23529411764705882	1	T>C	1	0	Complex IV	0.003800448	1
HCS-2025C1-k~chrM~8279~T~C	0	0.0522879999999999	0	0.666666666666667	0	0	0.0107987190173654	0.0107987190173654	0.250590088886426	1	0.626224415503533	-0.487047859	0.606513955788232	4.96720780383524	0.179712495	1.06066017177982	0.623131186386626	CTA	0.00327195740039777	0.0699300699300699	0.00184101113403018	0	1	0	0.0392156862745098	1	T>C	1	0	NAN	0.000925997	1
HCS-2025C1-k~chrM~8943~C~T	0	0.001019	0	0.428571428571428	0	0	0.519325626724561	0.519733770558406	0.0209928326936621	1	0.13943022788711	1.47791613183148	7.50947346215696e-92	21.6707316321896	1	0	0.311185246241663	CTA	0.00772523241165273	0.013986013986014	0.0211932924143199	0	0.125262949720979	0	0.4117647058823529	1	C>T	1	0	Complex V	0.001659079	1
HCS-2025C1-k~chrM~9629~A~G	0	0.001391	0	0.428571428571428	0	0	0.133247231990686	0.133331370679284	0.241882130506471	1	0.726380580029985	-0.349944193	7.13474889659649e-188	13.0256427760957	0.317310507862914	-0.255550626	1	GAG	0.000801221660117367	0.02997002997003	6.75646684164907e-06	0	1	0	0.0784313725490196	1	A>G	1	0	Complex IV	0.000385832	1
HCS-2025C1-k~chrM~11083~A~G	0	0.001086	0	0.285714285714286	0	0	0.162960927556097	0.156893073106958	0.642429487281056	1	0.0544778503014873	1.92301751448868	3.19636706890438e-106	22.0389583695615	0.517634118583346	0.438529009653515	0.789054615073034	TAA	0.000755962278763588	0.020541958041958	1.75465644538638e-11	0	0.0774596452983359	0	0.0784313725490196	1	A>G	1	0	Complex I	0.004629987	1
HCS-2026P1~chrM~4048~G~A	0	0.0011799999999999	0	0.428571428571428	0	0	0.661601938076578	0.661695854469634	0.54825948701499	1	0.940471255021789	-0.074677569	6.36635099432632e-44	8.52736193346047	0.317310507862914	0.326356975932253	0.562870973415644	TAA	0.000900314260638137	0.00699300699300699	5.37673839890693e-08	0	0.103221560944401	0	0.2647058823529412	1	G>A	1	0	Complex I	0.01711166	1
HCS-2026P1~chrM~5147~G~A	0	0.001229	0	0.619047619047619	0	0	0.0301495879532359	0.0301456064620625	0.653745899993793	1	0.116594626237175	1.56922884099971	1.20756710546006e-45	7.53505916998673	0.234194304879215	0.563343032175624	0.00459908420622516	CGA	0.000865810322007958	0.0104895104895105	5.04056072833613e-14	0	0.204937950886962	0	0.45098039215686275	1	G>A	1	0	Complex I	0.042152172	1
HCS-2026P1~chrM~6023~G~A	0	0.001045	0	0.714285714285714	0	0	0.876184274566912	0.878381934501535	0.322595973079645	1	0.192721561407085	-1.302570129	1.98745349079434e-23	4.43664906941692	1	1.02469507659596	0.122487095490025	AGC	0.000815455111615982	0.00699300699300699	1.31209271828909e-06	0	1	0	0.39215686274509803	1	G>A	1	0	Complex IV	0.007909561	1
HCS-2026P1~chrM~8718~A~G	0	0.001108	0	0.428571428571428	0	0	0.921298017219386	0.920351987816048	0.29112754971601	1	0.564338688662308	-0.576409109	1.25919760556163e-103	19.8652617244664	0.102470434859749	0.714285714285714	1	AGG	0.00807767130426072	0.025974025974026	0.000135350705186728	0	0.261031334649366	0	0.2647058823529412	1	A>G	1	0	Complex V	0.002488618	1
HCS-2026P1~chrM~8943~C~T	0	0.001229	0	0.428571428571428	0	0	0.923952000728715	0.922925092762426	0.2531732920315	1	0.768659806538346	0.294128378548927	1.5942608914782e-93	11.7513785338511	0.102470434859749	0.904534033733291	0.0737809436884581	CTA	0.00782555110602905	0.0183566433566434	2.07187722475746e-10	0	0.454971968585246	0	0.4117647058823529	1	C>T	1	0	Complex V	0.001659079	1
HCS-2028C5~chrM~1120~C~T	0	0.001386	0	0.285714285714286	0	0	0.768816799174167	0.768231709516614	0.00451157855759217	1	0.70768612169935	0.374965504198692	3.29835004791711e-25	4.97446796670235	1	0	0.00031159557548867	TTA	0.000616455742103928	0.0564819795589026	4.39832055559645e-10	0	4.3860145735496e-05	0	0.5392156862745098	1	C>T	1	0	rRNA	0.000540165	1
HCS-2028C5~chrM~1520~T~C	0	0.001274	0	0.238095238095238	0	0	0.230118359839549	0.236436877943693	0.00551037121589954	1	0.988443318080077	-0.014484659	3.82218174594817e-55	6.00791828146813	1	0	0.0202762885279477	ACT	0.00759953367356738	0.0289044289044289	2.58970374570008e-11	0	0.020097597951621	0	0.4215686274509804	1	T>C	1	0	rRNA	0.000366541	1
HCS-2028C5~chrM~1883~G~A	0	0.001368	0	0.428571428571428	0	0	0.000357299624422658	0.00318436303335494	0.00552718886076909	1	0.772978190813016	0.288481498584444	9.97344009269328e-26	5.50253364456959	0.102470434859749	0.554068780644922	0.763228103611881	AAG	0.000719564846208256	0.0446598855689765	2.22986548966595e-30	0	0.652250810730136	0	0.13725490196078433	1	G>A	1	0	rRNA	0	0
HCS-2028C5~chrM~3898~T~C	0	0.001072	0	0.666666666666667	0	0	0.596116463289623	0.596987588556009	1.19659477854695e-07	1	1.83018958462096e-10	-6.374953093	6.03212673282391e-49	7.12474719909447	1	2.41548314494832	0.171865024783415	CTT	0.000685532678969922	0.00719868366927191	7.24402091310506e-20	0	0.0148175810748865	0	0.00980392156862745	0	T>C	1	0	Complex I	0	0
HCS-2028C5~chrM~4104~A~G	0	0.001269	0	0.523809523809524	0	0	0.010304285667949	0.0103192048951838	0.00024994036075913	1	0.465925508514443	0.72912450108347	3.025676647318e-56	6.79407358491706	1	0	0.0244019526922053	TAA	0.000752357690156731	0.0148601398601399	1.18435922254743e-06	0	0.0748908040991212	0	0.28431372549019607	1	A>G	1	0	Complex I	0.073520333	1
HCS-2028C5~chrM~4456~C~T	0	0.001834	0	0.476190476190476	0	0	0.0329211956602504	0.0330120336026177	0.533620314487771	1	0.688060902719513	0.401487957374208	3.38087171890888e-48	8.78760331567054	0.157299207050285	0.480871419940105	0.619723820018365	ACC	0.000928974387528889	0.020610967979389	1.0237088104818e-22	0	0.748479855523047	0	0.4019607843137255	1	C>T	1	0	tRNA	0.000212208	1
HCS-2028C5~chrM~4736~T~C	0	0.001265	0	0.285714285714286	0	0	0.00017040317457368	0.00017040317457368	0.828048067852062	1	0.785249770246662	0.272484158574285	1.83637171804194e-48	7.74453798623795	0.317310507862914	0.346410161513775	0.0074359230856307	CTA	0.00894436516518326	0.00874125874125874	0.688792636997988	0	0.0033879307148076	0	0.3137254901960784	1	T>C	1	0	Complex I	0.001388996	1
HCS-2028C5~chrM~4856~T~C	0	0.001241	0	0.571428571428571	0	0	0.0938995288118649	0.0938995288118649	0.950840706411264	1	0.689635501510095	0.399349767433622	3.66550111992696e-22	1.90797390181868	1	0	0.378511160441089	TTC	0.0145181424330474	0.0218266581902946	1.61459660791875e-19	0	0.115236023760188	0	0.19607843137254902	1	T>C	1	0	Complex I	0.002064202	1
HCS-2028C5~chrM~5147~G~A	0	0.0042559999999999	0	0.619047619047619	0	0	0.034956163875463	0.0349963984043924	0.656207282341487	1	0.350009060215023	0.93457171735417	2.94491489893627e-18	4.16870011370142	0.205903210732068	0.372339589676362	0.913077815015743	CGA	0.00755665099927362	0.0130738826391	9.03462248269019e-32	0	0.11500565945802	0	0.45098039215686275	1	G>A	1	0	Complex I	0.042152172	1
HCS-2028C5~chrM~7705~T~C	0	0.002273	0	0.476190476190476	0	0	0.00413075896958428	0.00413861851118241	9.02214587378918e-08	1	0.0985238716436155	1.65205238838657	2.35229338916407e-38	6.29188741486552	0.189783401216727	0.696889391398814	5.40908050160807e-07	ATG	0.000628160766569073	0.0148883374689826	9.22373236205569e-22	0	4.00306548661612e-08	0	0.23529411764705882	1	T>C	1	0	Complex IV	0.003800448	1
HCS-2028C5~chrM~7810~C~T	0	0.0013189999999999	0	0.619047619047619	0	0	0.833215932232673	0.833215932232673	0.020596165125805	1	0.864662232750114	0.170442395943272	4.25856408659332e-19	4.47408238192086	0.317310507862914	0.480384461415261	0.00780145608883374	TTA	0.00624320577646104	0.0151515151515152	5.69959693546108e-05	0	0.0313639001913392	0	0.35294117647058826	1	C>T	1	0	Complex IV	0.000270083	1
HCS-2028C5~chrM~8152~G~A	0	0.001009	0	0.571428571428571	0	0	0.0644624216250704	0.0644624216250704	0.554620850098205	1	2.27239667970081e-06	-4.72755487	1.95695337430604e-76	10.7849394084915	0.419430107507493	0.490492931707496	4.0293766286213e-06	CAG	0.0011116136273281	0.0358530358530359	2.51505761498983e-41	0	0.0418287330731997	1	0.35294117647058826	1	G>A	1	0	Complex IV	0.017208118	1
HCS-2028C5~chrM~8167~T~C	0	0.001028	0	0.428571428571428	0	0	0.0019218567880359	0.00192213372212367	6.08856363576345e-09	1	0.311826895519914	1.01139608227518	4.38998839565493e-33	4.54707894295021	1	0	2.60354351105532e-09	GCC	0.00114532214504288	0.0410839160839161	2.33728744812451e-22	0	0.595562253173071	0	0.13725490196078433	1	T>C	1	0	Complex IV	0.002430743	1
HCS-2028C5~chrM~8203~C~T	0	0.001103	0	0.523809523809524	0	0	4.71499322687742e-08	4.26849600173997e-11	0.154259753337882	1	0.19198797442659	-1.304720688	1.810170790628e-59	11.2484781959931	0.157299207050285	0.162937633978071	0.0177396933584171	TTA	0.00122016640545286	0.0530719280719281	3.88876517605645e-38	0	0.0310381259781125	0	0.20588235294117646	1	C>T	1	0	Complex IV	0.000135041	0
HCS-2028C5~chrM~8545~G~A	0	0.0016309999999999	0	0.333333333333333	0	0	0.0829580076411728	0.0830225315749559	0.0103355332085689	1	0.51032416364416	-0.658333022	4.60416005624234e-21	2.41283009310421	0.654720846018577	0.639602149066831	0.554818901565366	CGC	0.000901470128881733	0.0297202797202797	2.24413854090655e-09	0	0.00764915983054662	0	0.17647058823529413	1	G>A	1	0	Complex V	0.002720117	1
HCS-2028C5~chrM~8655~C~T	0	0.001585	0	0.523809523809524	0	0	1.68452034535592e-05	1.6813965221628e-05	0.665906801503069	1	0.503711978984722	-0.668660643	4.64237845588457e-44	8.97996962827355	0.0253725382080424	-0.122304861	0.00104114536103068	TTA	0.00104946599791959	0.0216147488874762	6.04143832095088e-37	0	0.00167263421628992	0	0.21568627450980393	1	C>T	1	0	Complex V	0.049058569	1
HCS-2028C5~chrM~8677~A~C	0	0.001096	0	0.333333333333333	0	0	0.00145733351007045	0.00145629052652346	0.663167253312251	1	0.360945004273896	0.913565875279505	3.66953886793983e-72	13.5439470363575	0.102470434859749	-0.521394625	0.0231049394627426	CAA	0.00106897507778564	0.0253496503496504	3.63230340841398e-17	0	0.100229537191058	0	0.18627450980392157	1	A>C	0	1	Complex V	0.0000772	0
HCS-2028C5~chrM~8718~A~G	0	0.001223	0	0.428571428571428	0	0	0.852495351962523	0.852144625491528	0.00344857359203111	1	0.00387753284342324	-2.887956669	8.28766929814718e-99	17.1197347872781	0.123657710402833	0.856499880109564	0.0222068247266548	AGG	0.00777846446109363	0.027603974972396	2.86076977167885e-26	0	0.0132565133889986	0	0.2647058823529412	1	A>G	1	0	Complex V	0.002488618	1
HCS-2028C5~chrM~8943~C~T	0	0.001697	0	0.428571428571428	0	0	0.512741064654247	0.512741064654247	3.09809684268223e-05	1	0.191510133621258	1.30612476149766	1.16953077091343e-79	11.1363519676725	0.0832645166635504	-0.676481425	5.68009740487915e-09	CTA	0.0145125268864954	0.0142271521581867	0.741369041194286	0	0.197680110551635	0	0.4117647058823529	1	C>T	1	0	Complex V	0.001659079	1
HCS-2028C5~chrM~9168~C~T	0	0.0011229999999999	0	0.428571428571428	0	0	0.0307313393916913	0.0307313393916913	0.184383771908495	1	0.542279714071314	0.609369251776794	4.84320666572216e-73	10.9278562364849	0.563702861650773	0.233549683248457	0.252489378876394	TTA	0.000787394423758054	0.0243460243460244	3.81804604416559e-19	0	6.06562384458904e-06	0	0.35294117647058826	1	C>T	1	0	Complex V	0.000424415	0
HCS-2028C5~chrM~9329~G~C	0	0.001261	0	0.476190476190476	0	0	1.58272960748877e-05	1.56313777646341e-05	0.117823996223031	1	0.90037317716109	0.125189945234779	5.9779924841461e-06	-0.384574872	1	0	0.491479755503151	CCC	0.000712191456079543	0.027972027972028	4.80427656384295e-14	0	3.6605732412144e-05	0	0.27450980392156865	1	G>C	0	1	Complex IV	0.0000772	0
HCS-2028C5~chrM~9434~A~G	0	0.00147	0	0.523809523809524	0	0	0.00607569167697734	0.00598552406347756	0.0449092067938658	1	0.927315425831034	0.0912229672246926	1.9152826665524e-74	8.67207739471143	0.414216178242525	0.150470958772656	0.000778075803474308	AAA	0.000848873348873343	0.0213748515635308	5.79641818954403e-36	0	0.0389107353072479	1	0.30392156862745096	1	A>G	1	0	Complex IV	0.0000772	1
HCS-2028C5~chrM~11557~A~G	0	0.001027	0	0.380952380952381	0	0	3.11142380642094e-05	3.11142380642094e-05	0.507972947556393	1	0.968751125322053	-0.039174674	0.00393443498157785	-3.494749403	0.563702861650773	0.266017665862109	0.0224951903545337	TAT	0.000828106121300579	0.027972027972028	3.82890157690038e-17	0	0.000295830432119536	0	0.27450980392156865	1	A>G	1	0	Complex I	0.000212208	1
HCS-2028C5~chrM~12042~C~T	0	0.001053	0	0.333333333333333	0	0	0.0397732331512333	0.0397732331512333	0.447034681492568	1	0.897073358029998	0.129359291020738	1.26510634649851e-16	2.68708262907483	1	0	0.0962179464862248	CCC	0.00761515391044833	0.00932400932400932	0.458195103794262	0	0.103370386592328	0	0.0392156862745098	0	C>T	1	0	Complex I	0.0000193	0
HCS-2028P2~chrM~4048~G~A	0	0.001992	0	0.428571428571428	0	0	0.476725344396863	0.476838282772223	0.995927579009656	1	0.0361230263384315	-2.09553989	9.52547364445002e-65	16.5331484075946	0.179712495	0.408248290463863	1	TAA	0.0012138452918063	0.00839160839160839	2.57945185487614e-06	0	0.201347268599193	0	0.2647058823529412	1	G>A	1	0	Complex I	0.01711166	1
HCS-2028P2~chrM~4104~A~G	0	0.002676	0	0.523809523809524	0	0	0.00271203576265108	0.00271118990382168	0.363020601876541	1	0.993857139163438	0.0076990103888482	1.22553004957625e-78	16.6038143486623	0.130570018115736	0.58554004376912	0.343967680281172	TAA	0.00104463887684314	0.0146853146853147	7.20888499950414e-08	0	0.754165749231468	0	0.28431372549019607	1	A>G	1	0	Complex I	0.073520333	1
HCS-2028P2~chrM~5320~C~T	0	0.0014039999999999	0	0.523809523809524	0	0	0.211845051139208	0.209726293710089	0.366882409843187	1	0.720840664620886	0.357335489528483	2.41374715587528e-56	7.87208721075751	0.14077277337135	0.486984753557674	1	ACC	0.00165285661468864	0.0076010945576163	7.51155097308026e-11	0	0.21174496299179	0	0.23529411764705882	1	C>T	1	0	Complex I	0.0000965	1
HCS-2028P2~chrM~6023~G~A	0	0.001131	0	0.714285714285714	0	0	0.464805863036424	0.464805863036424	0.555515260066897	1	0.814545529659175	-0.234566092	1.32251693390052e-94	13.8319428441735	0.317310507862914	-0.21821789	1	AGC	0.00106157659584335	0.00699300699300699	0.0109089489003809	0	0.113389422470435	0	0.39215686274509803	1	G>A	1	0	Complex IV	0.007909561	1
HCS-2028P2~chrM~6938~C~T	0	0.001718	0	0.285714285714286	0	0	0.302780927338512	0.302780927338512	0.590590148422449	1	0.153751048154637	1.42640646667473	1.11314458049432e-56	10.6531698570039	0.563702861650773	0.181376841940376	0.645507812286855	TCT	0.00128677011567736	0.0565945682224752	1.90853010643863e-29	0	0.0134342942256748	0	0.21568627450980393	1	C>T	1	0	Complex IV	0.002372868	1
HCS-2028P2~chrM~7650~C~T	0	0.0024129999999999	0	0.380952380952381	0	0	0.118763213943005	0.118763213943005	0.125102827674495	1	0.286332845317424	-1.066200878	8.32925555022738e-74	14.6304644596191	0.157299207050285	1.14300114300171	0.089917354828419	ACC	0.000872786331665949	0.0135975135975136	6.62171498656262e-12	0	0.64482922284922	0	0.3333333333333333	1	C>T	1	0	Complex IV	0.000135041	1
HCS-2028P2~chrM~7705~T~C	0	0.002372	0	0.476190476190476	0	0	0.399669882829793	0.399208186887612	0.586750404989993	1	0.309885797895116	1.01546169306807	1.245362897413e-39	10.5633624025746	0.256839257957857	0.770377516858792	0.179185928735618	ATG	0.000910799394371421	0.0167332667332667	1.01759343033092e-19	0	0.851038633500197	0	0.23529411764705882	1	T>C	1	0	Complex IV	0.003800448	1
HCS-2028P2~chrM~7810~C~T	0	0.001981	0	0.619047619047619	0	0	0.621508038048332	0.621630561173723	0.934213255528103	1	0.996217134604485	-0.004741136	4.52558886653348e-61	13.566151777934	0.705456986111273	-0.013525045	1	TCA	0.00539218556563032	0.0157342657342657	1.47663306792225e-12	0	0.371647007093056	0	0.35294117647058826	1	C>T	1	0	Complex IV	0.000270083	1
HCS-2028P2~chrM~7891~C~T	0	0.001147	0	0.476190476190476	0	0	0.514501366665732	0.514858010807409	0.0963695674777662	1	0.0341308087139764	2.11852288688817	2.09761739187859e-57	11.0384490030039	0.0832645166635504	-0.811502671	0.0749812983500307	ACC	0.00582267525243062	0.0227272727272727	2.80469107236005e-14	0	0.180280099342295	0	0.23529411764705882	1	C>T	1	0	Complex IV	0.000424415	1
HCS-2028P2~chrM~8392~G~A	0	0.002976	0	0.523809523809524	0	0	0.646501349655334	0.622674057476423	0.255751760184593	1	0.77982741947519	-0.279543944	3.34203430142684e-47	15.2104408791566	0.598725069652847	0.681449531787545	0.831410203173436	GGC	0.00128087594644499	0.0222504767959313	1.19549360164349e-12	0	0.832983933477517	0	0.21568627450980393	1	G>A	1	0	Complex V	0.007716645	1
HCS-2028P2~chrM~8455~C~T	0	0.002202	0	0.238095238095238	0	0	0.624337874778244	0.634341793016225	0.0201435749067954	1	0.310630550901535	1.01389983337113	2.25111233686918e-64	19.873639109884	0.11447136336679	1.50122576380012	0.117353508507571	ATA	0.00132871446875147	0.0341173977537614	5.25893605811475e-23	0	0.0825976002046459	0	0.09803921568627451	1	C>T	1	0	Complex V	0.000675206	1
HCS-2028P2~chrM~8461~C~T	0	0.002201	0	0.380952380952381	0	0	0.545813712607492	0.545733845539153	0.0497852671919707	1	0.11696101420266	1.56765780395648	1.6317877614072e-85	21.9894120564004	0.239552799005511	1.9924670165476	0.235079731441815	ATT	0.00137527217428369	0.028971028971029	3.98945534961624e-24	0	0.23702031598053	0	0.08823529411764706	1	C>T	1	0	Complex V	0.000270083	1
HCS-2028P2~chrM~8545~G~A	0	0.003516	0	0.333333333333333	0	0	0.146788121172514	0.146805306059074	0.556396405087926	1	0.349842098011465	-0.934895613	6.92994051803587e-28	12.0814840258868	1	0.394291246472115	0.711076659960888	CGC	0.00133591208165488	0.0244755244755245	6.82928236924131e-21	0	0.464559561679283	0	0.17647058823529413	1	G>A	1	0	Complex V	0.002720117	1
HCS-2028P2~chrM~8655~C~T	0	0.001691	0	0.523809523809524	0	0	0.004126253849432	0.00413245978592022	0.0508715437183758	1	0.129874770695505	-1.514595902	7.32798024005767e-74	18.9625449136493	0.671783365693128	0.467313976830542	0.524756031796131	TCA	0.00191292578389349	0.0187539732994278	9.33344397897267e-15	0	0.670395021660338	0	0.21568627450980393	1	C>T	1	0	Complex V	0.049058569	1
HCS-2028P2~chrM~9168~C~T	0	0.001798	0	0.428571428571428	0	0	0.00082047106140009	0.00082047106140009	2.80216704421031e-06	1	0.225174283983809	1.21288371160179	7.79844486516481e-72	15.887925737338	1	0	0.00387950944184412	TTA	0.00108202749205434	0.0220548682087144	7.39679120525989e-10	0	0.789221089751327	0	0.35294117647058826	1	C>T	1	0	Complex V	0.000424415	0
HCS-2028P2~chrM~9325~T~C	0	0.001109	0	0.523809523809524	0	0	0.237004805206835	0.236864961618872	0.619846726957071	1	0.17443997730066	-1.358074716	2.02140828486592e-45	9.29918688009536	1	0	0.733106589501492	ACA	0.00124947099010498	0.0244755244755245	1.0111452072317e-06	0	0.0708253829955988	0	0.2549019607843137	1	T>C	1	0	Complex IV	0.000540165	1
HCS-2028P2~chrM~10978~A~G	0	0.00196	0	0.571428571428571	0	0	0.405306766589182	0.405306766589182	0.632884684530993	1	0.10598551479432	1.61650341897174	2.73931776916072e-146	26.044494279083	0.0338948535246893	1.38675049056307	0.241216173053725	TAC	0.00132839457980052	0.0247444862829478	5.43024310994325e-10	0	0.415378654206495	0	0.0196078431372549	1	A>G	1	0	Complex I	0.003414615	1
HCS-2028P2~chrM~11557~A~G	0	0.001237	0	0.380952380952381	0	0	0.00468132192993565	0.00468610067350761	0.261546064851432	1	0.982905347390507	0.0214266091662904	1.0269876959991e-12	3.73214498360708	0.179712495	0.840672807476707	0.63785613574578	TAT	0.00125067240451854	0.027972027972028	2.47255081992829e-13	0	0.00368943424869527	0	0.27450980392156865	1	A>G	1	0	Complex I	0.000212208	1
HCS-2028P2~chrM~11590~A~G	0	0.001685	0	0.523809523809524	0	0	0.808743645071232	0.809113588356958	0.845378485179116	1	0.0523036598188192	1.94062598560671	1.37953956883263e-27	7.03158114900045	0.678845299424318	0.0074086948096275	0.72405112300912	TAC	0.00129103349362844	0.0255681818181818	9.32568414525237e-22	0	0.725381082238388	0	0.4019607843137255	1	A>G	1	0	Complex I	0.002025619	1
HCS-2030-C1-3~chrM~8455~C~T	0	0.002978	0	0.238095238095238	0	0	0.498509691829936	0.498451584574698	0.0073476078015571	1	0.0708093259157898	-1.806698345	7.84511502729669e-20	8.9264669588532	0.319767063495179	0.685827655027405	0.839193957541052	ATA	0.00804600804600775	0.0453250453250453	1.7262173394848e-18	0	0.176554498386694	0	0.09803921568627451	1	C>T	1	0	Complex V	0.000675206	1
HCS-2030-C1-3~chrM~8461~C~T	0	0.002823	0	0.380952380952381	0	0	0.942194321987352	0.942194321987352	0.00451630382322621	1	0.0873512180764318	-1.709538654	1.95021353085751e-18	8.59664594286487	0.615266125827779	0.568654922648729	1	ATT	0.00785592946546719	0.046993006993007	1.67203483616608e-17	0	0.316484657175324	0	0.08823529411764706	1	C>T	1	0	Complex V	0.000270083	1
HCS-2030-C1-3~chrM~8545~G~A	0	0.003919	0	0.333333333333333	0	0	0.275468464102895	0.275468464102895	0.275429617808488	1	0.403881286108663	0.834709509506097	1.01252590379349e-29	12.543027488305	0.317310507862914	0.37917551255275	0.269127471795993	CAC	0.00281321295221536	0.021978021978022	6.83392137207511e-14	0	0.827880145540114	0	0.17647058823529413	1	G>A	1	0	Complex V	0.002720117	1
HCS-2030-C1-3~chrM~8655~C~T	0	0.004958	0	0.523809523809524	0	0	0.171905881486302	0.171920489132506	0.882746139500197	1	0.00958161922480025	-2.590573378	9.43677109620252e-95	16.4138732030492	0.112388406740957	1.59922193527736	0.0520187220184111	TTA	0.00664102736641573	0.0276744532063681	3.00219590047191e-23	0	0.186711154465334	0	0.21568627450980393	1	C>T	1	0	Complex V	0.049058569	1
HCS-2030-C1-3~chrM~8677~A~C	0	0.004118	0	0.333333333333333	0	0	0.776659949719277	0.776659949719277	0.782319255297469	1	0.0193872170878494	-2.338000599	2.74381593360465e-92	16.1998482309053	0.00980939174725903	1.19626748707014	0.0484170976683195	CCA	0.00818596107675305	0.0410839160839161	7.86025494556366e-26	0	0.526623993832535	0	0.18627450980392157	1	A>C	0	1	Complex V	0.0000772	0
HCS-2030-C1-3~chrM~8718~A~G	0	0.0044979999999999	0	0.428571428571428	0	0	0.27603288944504	0.276229743265768	0.205856500476556	1	0.184912611163815	1.32577990459372	4.29463800870515e-45	10.8609186122203	0.927713614532797	-0.134718759	0.717007790291653	AAG	0.00978154319303165	0.0310571781160016	7.59677678260598e-22	0	1	0	0.2647058823529412	1	A>G	1	0	Complex V	0.002488618	1
HCS-2030-C1-3~chrM~9329~G~C	0	0.004175	0	0.476190476190476	0	0	0.145226549230539	0.145193138534508	0.972927283544836	1	0.28618345763149	1.06653147656482	3.21455488774588e-44	12.4314804006757	0.0591805085961926	0.661760390796027	0.885953775806211	CCC	0.0089578233908127	0.0312544598258884	8.62380151299501e-31	0	0.150953455486408	0	0.27450980392156865	1	G>C	0	1	Complex IV	0.0000772	0
HCS-2030-C1-3~chrM~9434~A~G	0	0.003788	0	0.523809523809524	0	0	0.858047658365618	0.858335908070817	0.758437920969294	0.997217571055715	0.608885968529344	0.511664309935971	8.22358512998606e-56	11.3521662815082	0.307217718265517	0.55337157109286	0.139922555663202	AAA	0.00198196299113726	0.0160103054839897	3.34020439183551e-21	-0.001310616	0.517174316836021	1	0.30392156862745096	1	A>G	1	0	Complex IV	0.0000772	1
HCS-2045P1~chrM~1556~C~T	0	0.001305	0	0.428571428571428	0	0	0.011854445894934	0.0117951746659296	0.893531528714296	1	0.837421621134589	0.205192637953497	3.89923379712651e-33	8.89260464580955	0.414216178242525	0.608808457033747	0.235155449387704	ATA	0.00718280697851658	0.0162237762237762	5.81881498525849e-15	0	0.0429283154034251	0	0.7058823529411765	1	C>T	1	0	rRNA	0.0000772	0
HCS-2045P1~chrM~4456~C~T	0	0.004042	0	0.476190476190476	0	0	0.328265815673967	0.328794495381221	0.148026099417579	1	0.153349214623405	1.42780075796605	2.23870167013128e-55	11.3522042285388	0.229205791654731	0.0255093679096921	0.880128144289507	ACC	0.00124830205765456	0.00927333536029189	1.81571217413969e-24	0	0.463622294490366	0	0.4019607843137255	1	C>T	1	0	tRNA	0.000212208	1
HCS-2045P1~chrM~5580~T~C	0	0.001227	0	0.285714285714286	0	0	0.25105238464799	0.25105238464799	0.317974897532573	1	0.363358159103444	0.908984781380077	7.94009595541372e-40	10.6779578839056	1	0	1	GTA	0.000902400697026744	0.0111888111888112	8.41341550656357e-07	0	1	0	0.38235294117647056	1	T>C	1	0	NAN	0.003723281	1
HCS-2045P1~chrM~6023~G~A	0	0.001009	0	0.714285714285714	0	0	0.25814720814971	0.25814720814971	0.48336740431563	1	0.281219953888706	1.07758286169118	8.14880798726084e-37	7.03444669797646	0.317310507862914	-0.420084025	0.0835778013116313	AGC	0.000936459891683763	0.00874125874125874	1.53378927473812e-05	0	0.49346835936395	0	0.39215686274509803	1	G>A	1	0	Complex IV	0.007909561	1
HCS-2051C1~chrM~5580~T~C	0	0.001792	0	0.285714285714286	0	0	8.21767021615604e-07	8.21767021615604e-07	0.164368183673227	1	0.0118501592310101	2.51657524901933	2.48140536144534e-32	9.91413717587218	0.479500122186953	-0.382673886	5.72777255002252e-07	GTA	0.000999165254344466	0.0109265734265734	2.05310485129148e-19	0	0.00104487355763883	0	0.38235294117647056	1	T>C	1	0	NAN	0.003723281	1
HCS-2051C1~chrM~7705~T~C	0	0.001027	0	0.476190476190476	0	0	0.117952438660538	0.117952438660538	0.0129162755009065	1	0.913256194070743	-0.108932292	2.51057678727312e-45	8.79321799552108	0.317310507862914	1.06066017177982	0.310398039221073	ATG	0.000709966868212819	0.0174825174825175	0.000571093785064673	0	0.628839202424714	0	0.23529411764705882	1	T>C	1	0	Complex IV	0.003800448	1
HCS-2051C1~chrM~8140~C~T	0	0.0020399999999999	0	0.571428571428571	0	0	0.300650110801166	0.300579692406372	0.879705868225122	1	0.0294018777363098	-2.178055867	5.68222051807011e-142	17.0800982473163	0.785494747118354	0.534224450635342	0.404737166995312	CTG	0.00128454198221638	0.020979020979021	2.35706776061508e-09	0	0.580847401323378	0	0.27450980392156865	1	C>T	1	0	Complex IV	0.00071379	1
HCS-2051C1~chrM~8167~T~C	0	0.001213	0	0.428571428571428	0	0	0.0156389180546272	0.0156389180546272	0.000800320835927558	1	0.103889035894503	1.62628502507155	4.56518602273455e-21	6.08760245261702	1	0	3.45075955333982e-05	GCC	0.00138658286334923	0.0406468531468532	8.27359979340285e-12	0	0.206511859730762	0	0.13725490196078433	1	T>C	1	0	Complex IV	0.002430743	1
HCS-2051P1~chrM~709~G~A	0	0.0010689999999999	0	0.571428571428571	0	0	0.0302129581937	0.0302129581937	0.675987173058743	1	0.261919571132115	-1.121865642	5.56533537653091e-102	19.7996892243323	1	1.71269767715535	0.594251215201111	CGT	0.0106010941650118	0.0163170163170163	1.55626154561163e-05	0	1	0	0.47058823529411764	1	G>A	1	0	rRNA	0.129909715	1
HCS-2051P1~chrM~1106~C~T	0	0.001206	0	0.428571428571428	0	0	0.00193478954386914	0.00162848287117683	0.488537058551326	1	0.776104276707959	-0.284399455	7.73288084363731e-77	15.9378885796426	0.578514721507944	0.913664385152257	0.833690488181548	CCT	0.0033054704670923	0.0747947704469444	1.69218991458266e-16	0	0.0924310325663407	0	0.3235294117647059	1	C>T	1	0	rRNA	0.000270083	1
HCS-2051P1~chrM~1267~T~C	0	0.001058	0	0.428571428571428	0	0	0.152320655564348	0.152372352617573	0.256020433184859	1	0.811373921132248	-0.238653958	1.8090517962953e-44	13.6270495802459	0.317310507862914	0.426401432711221	0.780174291779812	ACC	0.00136322575346964	0.0227272727272727	7.38518494959365e-09	0	0.146239960874431	0	0.10784313725490197	1	T>C	1	0	rRNA	0	0
HCS-2051P1~chrM~1284~T~C	0	0.001616	0	0.476190476190476	0	0	0.0197547611958353	0.0197547611958353	0.0880658299147784	1	0.609462454153026	0.510840918759336	2.51030210921055e-37	13.1076659104771	0.124114827611017	1.54369647902768	0.601228098699351	ACG	0.00113540555673195	0.0389913117185844	1.90073322204754e-22	0	0.861708556768459	0	0.38235294117647056	1	T>C	1	0	rRNA	0.000655915	1
HCS-2051P1~chrM~1292~A~G	0	0.001688	0	0.428571428571428	0	0	0.022875057611112	0.0259142369704598	0.126512606464758	1	0.240277009395559	-1.17429469	2.56365340941036e-15	10.080393434788	0.479500122186953	2.02690542163054	0.00362195092047945	TGC	0.0012489885186066	0.0443618881118881	3.89710835035941e-22	0	1	0	0.29411764705882354	1	A>G	1	0	rRNA	0.0000772	0
HCS-2051P1~chrM~1518~C~T	0	0.001292	0	0.285714285714286	0	0	0.0215533865463843	0.0215533865463843	0.557463016580896	1	0.945401935505226	-0.068482016	1.15638921763742e-89	19.9698501238225	1	0	1	ACA	0.00747773483448129	0.013986013986014	0.00330671230158213	0	1	0	0.16666666666666666	1	C>T	1	0	rRNA	0.0000193	0
HCS-2051P1~chrM~1520~T~C	0	0.002078	0	0.238095238095238	0	0	0.130050081356016	0.130050081356016	0.539558474516978	1	0.711897153779599	-0.369309354	4.19022396819915e-65	17.5674031157082	0.102470434859749	1.96683020432156	0.401988381041091	ACT	0.00722531526608507	0.0110722610722611	0.031468328095616	0	0.774279099311233	0	0.4215686274509804	1	T>C	1	0	rRNA	0.000366541	1
HCS-2051P1~chrM~1556~C~T	0	0.002779	0	0.428571428571428	0	0	0.0487817018429144	0.0487817018429144	0.71172818349208	1	0.962845518172675	-0.046583079	2.24519865441727e-52	13.020652034192	0.195667742543641	1.26100921121506	1	ACA	0.00315691032911793	0.0186480186480187	3.86322692560448e-12	0	0.160864313241731	0	0.7058823529411765	1	C>T	1	0	rRNA	0.0000772	0
HCS-2051P1~chrM~1654~T~C	0	0.001328	0	0.380952380952381	0	0	0.78397882474281	0.783795644844614	0.186219908449875	1	0.967722327135378	0.0404651041022228	3.98689433882444e-44	14.1684546127529	0.102470434859749	1.00412151701521	0.0919993380889671	TCA	0.000856260053584471	0.0313479623824451	2.18439574038369e-20	0	0.196521513678112	0	0.12745098039215685	1	T>C	1	0	tRNA	0.000192916	1
HCS-2051P1~chrM~1883~G~A	0	0.001144	0	0.428571428571428	0	0	0.706121116447009	0.706121116447009	0.329708195781212	1	0.808397999094494	-0.242493234	4.22756676955175e-65	16.6876034977617	0.705456986111273	1.05030181525783	0.115481793273533	AAG	0.000962745341443567	0.0365788058095751	1.95784241467174e-18	0	0.0286489363482052	0	0.13725490196078433	1	G>A	1	0	rRNA	0	0
HCS-2051P1~chrM~4456~C~T	0	0.002434	0	0.476190476190476	0	0	0.217809385991746	0.217935250671495	0.679530584000119	1	0.139263617801322	-1.478538808	1.84252860100192e-75	17.2649405571135	0.441418326782054	1.6681153124566	0.140889232464848	ATC	0.00132770334790535	0.0170264518090605	1.36042987757885e-12	0	0.301197923986706	0	0.4019607843137255	1	C>T	1	0	tRNA	0.000212208	1
HCS-2051P1~chrM~4736~T~C	0	0.0023699999999999	0	0.285714285714286	0	0	0.613060341124762	0.613060341124762	0.757608649832753	1	0.186522886553682	-1.320935455	6.73452419163428e-74	15.6394309261614	0.102470434859749	1.67573779750649	0.27397599792476	CTA	0.00660083548333317	0.0102205486820871	0.0160343457305366	0	0.787201963008036	0	0.3137254901960784	1	T>C	1	0	Complex I	0.001388996	1
HCS-2051P1~chrM~5041~T~C	0	0.0016359999999999	0	0.333333333333333	0	0	0.0656421704277256	0.0656421704277256	0.399481495366904	1	0.0533204891582056	-1.932316208	4.0629655857308e-55	14.708335953935	1	0.18113336514069	1	ACA	0.000821207543216054	0.0184361093452003	2.3685491694726e-08	0	1	0	0.21568627450980393	1	T>C	1	0	Complex I	0.0000579	0
HCS-2051P1~chrM~5498~A~G	0	0.002247	0	0.285714285714286	0	0	0.141618287780108	0.141463545720735	0.80708129017075	1	0.492615985268583	0.686154026058927	5.08704113652841e-50	14.8738524616982	0.516412268396038	0.479617686047926	0.494040305910392	TGC	0.0011355820412642	0.0231873389768127	1.53951920304546e-13	0	0.491284971065227	0	0.10784313725490197	1	A>G	1	0	Complex I	0.000829539	1
HCS-2051P1~chrM~5580~T~C	0	0.002387	0	0.285714285714286	0	0	0.572219481208195	0.571817917244433	0.0590279829254856	1	0.461943540919447	-0.735650303	8.53852584210411e-40	12.5383830227436	0.414216178242525	0.0816496580927726	0.761371089836433	GTA	0.000937331608602928	0.0181818181818182	4.97949651226287e-07	0	0.753645470195764	0	0.38235294117647056	1	T>C	1	0	NAN	0.003723281	1
HCS-2051P1~chrM~6023~G~A	0	0.002041	0	0.714285714285714	0	0	0.127210510732722	0.121386884839724	0.00729528465289165	1	0.808474148724169	-0.242394948	9.94534784783527e-53	15.0720479923893	0.0338948535246892	1.71816625840697	0.0919418671134282	AGC	0.00190973173301462	0.00795755968169762	1.2366605836905e-12	0	0.191804378290923	0	0.39215686274509803	1	G>A	1	0	Complex IV	0.007909561	1
HCS-2051P1~chrM~7146~A~G	0	0.003125	0	0.238095238095238	0	0	0.0139987215831397	0.0144835607331488	0.608752198023254	1	0.542250171363974	-0.609413833	8.41986030187915e-35	12.6240844592321	0.291914795966444	1.04883067629899	1	CAC	0.00257217107730604	0.020979020979021	9.38018685312333e-18	0	0.739151544519857	0	0.3333333333333333	1	A>G	1	0	Complex IV	0.047881781	1
HCS-2051P1~chrM~7705~T~C	0	0.001958	0	0.476190476190476	0	0	0.243996521072911	0.243996521072911	0.725969843053897	1	0.945098300109277	-0.068863465	5.02284418412606e-58	13.464125291213	0.738882680363527	0.869048189253482	0.269930237962379	ACG	0.000721607370339121	0.0398063474986552	5.46987791076434e-10	0	0.419220636582422	0	0.23529411764705882	1	T>C	1	0	Complex IV	0.003800448	1
HCS-2051P1~chrM~8140~C~T	0	0.002375	0	0.571428571428571	0	0	0.143160908325986	0.143160908325986	0.694597143935477	1	0.170233145950704	1.37145505238619	1.8024926007085e-39	12.3627240207683	0.491118850480673	0.87831006565368	0.603412058650042	CTG	0.00149307214524605	0.026973026973027	2.71574130840392e-10	0	0.10406772477064	0	0.27450980392156865	1	C>T	1	0	Complex IV	0.00071379	1
HCS-2051P1~chrM~8152~G~A	0	0.002195	0	0.571428571428571	0	0	0.35178608979381	0.35178608979381	0.393482139213926	1	0.189918487130479	1.31082028627738	6.5916898768574e-20	8.52928032287255	0.403363636699846	0.577573141334267	0.191203847657137	CGG	0.00143741589304261	0.0456210456210456	5.1489405466564e-15	0	0.662669374321347	1	0.35294117647058826	1	G>A	1	0	Complex IV	0.017208118	1
HCS-2051P1~chrM~8677~A~C	0	0.001001	0	0.333333333333333	0	0	0.673991934346983	0.673991934346983	0.534281363057749	1	0.442397801678872	-0.76815046	5.05191734655528e-84	18.0964700316324	0.0832645166635504	0.995233204045556	0.802293883204588	CAA	0.00106705688199746	0.0472027972027972	4.72714318877778e-12	0	0.212026790081171	0	0.18627450980392157	1	A>C	0	1	Complex V	0.0000772	0
HCS-2051P1~chrM~8823~T~C	0	0.001147	0	0.380952380952381	0	0	0.00064843061104196	0.000648240683810654	0.249621252249117	1	0.899054070149432	0.126856381522284	4.72420662199784e-90	21.109822746779	0.276302917337483	0.843274042711568	0.0850178502939583	CTA	0.0151566836710963	0.0244755244755245	1.99826795400805e-06	0	0.136036788227362	0	0.00980392156862745	0	T>C	1	0	Complex V	0.000405124	1
HCS-2051P1~chrM~9168~C~T	0	0.002094	0	0.428571428571428	0	0	0.129693790263713	0.129722333666653	0.81845161197631	1	0.678930845041127	0.413922527644966	1.10942530300545e-72	17.4414618600511	0.317310507862914	0.714285714285714	0.477425672090871	TTA	0.00114019038527828	0.018981018981019	5.33901612555612e-06	0	1	0	0.35294117647058826	1	C>T	1	0	Complex V	0.000424415	0
HCS-2051P1~chrM~9329~G~C	0	0.001941	0	0.476190476190476	0	0	0.886730206351035	0.886673557202438	0.728165777913229	1	0.38496379943934	0.868786717575851	1.99543077347629e-47	14.4003713425344	0.14077277337135	-0.334814013	0.811673070207666	CCC	0.00115513761204594	0.0407239819004525	1.19078015757744e-12	0	0.0267938937740215	0	0.27450980392156865	1	G>C	0	1	Complex IV	0.0000772	0
HCS-2051P1~chrM~11557~A~G	0	0.001313	0	0.380952380952381	0	0	0.0140354549540926	0.0140354549540926	0.915274223228449	1	0.780218512482176	-0.279034287	5.54336320042793e-24	10.0735475324015	0.0338948535246893	0.664861501612577	0.500515370968342	TAT	0.00106115624292509	0.0258741258741259	1.25224473217013e-14	0	0.185711553432555	0	0.27450980392156865	1	A>G	1	0	Complex I	0.000212208	1
HCS-2052P1~chrM~2807~T~C	0	0.001065	0	0.380952380952381	0	0	0.518320849239765	0.518257753321365	0.987973256113138	1	0.51002665228004	-0.658796193	7.80992821680941e-26	8.29973485558552	0.317310507862914	0.645497224367903	1	TTT	0.00640292679776811	0.013986013986014	8.47701001616327e-06	0	0.167466302008721	0	0.00980392156862745	0	T>C	1	0	rRNA	0	0
HCS-2054P2~chrM~6023~G~A	0	0.001014	0	0.714285714285714	0	0	0.746794807066254	0.746427430774242	0.00462862535669888	1	0.309687959707599	1.01587700626548	1.38048163790268e-40	6.70362528275191	1	0.0151934281365691	0.00616168186702499	AGC	0.00791533921118238	0.00809716599190284	0.777976114282744	0	0.167755211693832	0	0.39215686274509803	1	G>A	1	0	Complex IV	0.007909561	1
HCS-2055C1~chrM~4736~T~C	0	0.0021349999999999	0	0.285714285714286	0	0	0.00105721477488265	0.00105721477488265	0.538396783244549	1	0.245167473096595	1.16216740202521	1.85494385729783e-48	9.96665052739189	0.317310507862914	-0.377964473	0.204621213153392	CTA	0.00106312606312605	0.00769230769230769	2.31991156555204e-06	0	0.116240722410894	0	0.3137254901960784	1	T>C	1	0	Complex I	0.001388996	1
HCS-2055C1~chrM~5147~G~A	0	0.001685	0	0.619047619047619	0	0	0.247043420081561	0.247043420081561	0.000637029211934201	1	0.00656972334000931	-2.717902304	1.74201979943951e-25	5.87744852063263	0.0832645166635504	2.72179412617966	0.28021720973534	CGA	0.000758876012425706	0.010989010989011	1.02437184462804e-09	0	0.42348615340699	0	0.45098039215686275	1	G>A	1	0	Complex I	0.042152172	1
HCS-2055C1~chrM~6023~G~A	0	0.00187	0	0.714285714285714	0	0	0.332197843315816	0.129135044646959	0.787672695790876	1	0.442808241956481	0.767459705267405	3.68571697432435e-49	7.35534576638941	0.317310507862914	0.264135271897687	0.830540859713291	AGC	0.00488804703207302	0.006993006993007	0.0157440356190643	0	0.282366241466081	0	0.39215686274509803	1	G>A	1	0	Complex IV	0.007909561	1
HCS-2055C1~chrM~6221~T~C	0	0.00146	0	0.571428571428571	0	0	0.484280011931598	0.484313981443052	0.289130881652465	1	0.000396891864468036	-3.542141928	1.27687770138928e-23	4.48090230421322	1	1.69444444444444	0.637766426327315	CCC	0.00063225213245216	0.00815850815850816	1.19887568226951e-11	0	0.0323561323247142	0	0.20588235294117646	1	T>C	1	0	Complex IV	0.02872521	1
HCS-2055C1~chrM~8545~G~A	0	0.0026929999999999	0	0.333333333333333	0	0	0.918553511664496	0.918553511664496	0.0106339063242785	1	0.32371324894138	-0.986855976	2.41637906769909e-18	6.8176313339705	1	1.35873244097351	0.029543880232439	CAC	0.000923539270646705	0.0122377622377622	9.14107101927091e-06	0	0.502306635537166	0	0.17647058823529413	1	G>A	1	0	Complex V	0.002720117	1
HCS-2055C1~chrM~8677~A~C	0	0.001339	0	0.333333333333333	0	0	0.810038830280844	0.809734098397033	0.0154320395238116	1	0.00966528682156755	2.58757957532952	1.77304597133251e-86	17.1779207221981	1	0	0.00265580393486021	CAA	0.000868019064607201	0.0313286713286713	5.83530783454222e-18	0	0.0144402561036623	0	0.18627450980392157	1	A>C	0	1	Complex V	0.0000772	0
HCS-2055C1~chrM~9329~G~C	0	0.001504	0	0.476190476190476	0	0	4.80653863824652e-06	4.81101655703778e-06	0.0300146499213074	1	0.621700845959126	0.493441244255407	3.88526256290415e-20	2.7718403163882	1	0	0.148426427982874	CCC	0.000740436034553678	0.0215871085436303	1.15207248282759e-16	0	0.0194589386931334	0	0.27450980392156865	1	G>C	0	1	Complex IV	0.0000772	0
HCS-2055C1~chrM~9434~A~G	0	0.0011949999999999	0	0.523809523809524	0	0	0.350725159392176	0.350725159392176	0.0347570477364809	1	0.867558693700874	0.166760253623872	1.51540781280602e-47	8.9697033196918	1	0	0.084488023962741	AAA	0.000789438026169277	0.027972027972028	0.00271226326404981	0	0.606202512407348	1	0.30392156862745096	1	A>G	1	0	Complex IV	0.0000772	1
HCS-2055C1~chrM~11557~A~G	0	0.001104	0	0.380952380952381	0	0	0.0428255150586517	0.0428255150586517	0.2684429201663	1	0.547919149247954	0.60088114972607	1.8632462187858e-16	1.53560420640586	1	0	0.0378774453973986	TAT	0.000878022423341886	0.02997002997003	7.96342575472979e-20	0	0.000204125407758126	0	0.27450980392156865	1	A>G	1	0	Complex I	0.000212208	1
HCS-2055C1~chrM~11590~A~G	0	0.001002	0	0.523809523809524	0	0	0.145032559463943	0.144198911285573	0.0369878313644594	1	0.75814326317457	0.307919926064221	3.66758994887476e-25	2.03172195759665	1	0	0.0089757612188919	TAC	0.000826571073346164	0.027972027972028	5.01106020170326e-10	0	0.00339200199634501	0	0.4019607843137255	1	A>G	1	0	Complex I	0.002025619	1
HCS-2055P1~chrM~1106~C~T	0	0.003587	0	0.428571428571428	0	0	0.00150774262018436	0.00143111260912583	0.326999108841579	1	0.097345495976624	1.65786114648593	5.0102654358928e-56	13.5046264368071	0.0474995937643862	1.85421542649739	0.0054623241508069	CCT	0.00310544297364716	0.0571095571095572	3.97408476615569e-51	0	0.64987575774699	0	0.3235294117647059	1	C>T	1	0	rRNA	0.000270083	1
HCS-2055P1~chrM~1120~C~T	0	0.003781	0	0.285714285714286	0	0	0.35820972911148	0.361003777058981	0.0909384447090873	1	0.151803155442129	1.43319136935949	1.26126848627058e-59	13.664005221729	0.157299207050285	0.842557069647808	0.137367446325174	TCA	0.00271985152574121	0.037418721629248	2.03645199405739e-37	0	0.690466399564785	0	0.5392156862745098	1	C>T	1	0	rRNA	0.000540165	1
HCS-2055P1~chrM~1267~T~C	0	0.0022389999999999	0	0.428571428571428	0	0	0.215004825285969	0.215061621348385	0.0934641314091455	1	0.447345906207637	0.759847232414612	9.26460368410084e-62	13.6672148751639	0.102470434859749	0.64576588223646	0.00514792253566961	ATC	0.00118423135530444	0.0203619909502263	6.46369808820374e-22	0	0.0583113545527382	0	0.10784313725490197	1	T>C	1	0	rRNA	0	0
HCS-2055P1~chrM~1291~T~C	0	0.002889	0	0.380952380952381	0	0	0.616401560452865	0.600687081236502	0.485857380140481	1	0.546958909441914	0.602323367167236	8.48591369903814e-79	18.2158130740004	0.80836515591451	0.227633215059651	0.780507134253384	CCA	0.000914640135145753	0.0345615922539	1.9368369871549e-34	0	0.0514409888887839	0	0.0392156862745098	1	T>C	1	0	rRNA	0.001041747	1
HCS-2055P1~chrM~1292~A~G	0	0.0052439999999999	0	0.428571428571428	0	0	0.810616533671133	0.823319762899623	0.0693158680595138	1	0.241417826318659	-1.171450294	1.67488039748324e-18	8.97877291361244	0.654706880274463	0.739702442558419	0.338194457542747	TGC	0.000826045009994516	0.0316162710528908	4.76284543849794e-47	0	0.63346735975579	0	0.29411764705882354	1	A>G	1	0	rRNA	0.0000772	0
HCS-2055P1~chrM~1322~C~T	0	0.001834	0	0.428571428571428	0	0	0.154506540737039	0.154785259409773	0.192872166706983	1	0.402859393396665	-0.8365254	4.17396747835381e-53	13.3376098358685	0.291914795966444	1.06702580609032	0.0349403722202743	ATG	0.00119453500236418	0.0352690787473396	2.97780453550704e-16	0	0.209722248832863	0	0.049019607843137254	1	C>T	1	0	rRNA	0	0
HCS-2055P1~chrM~1405~C~T	0	0.0011409999999999	0	0.428571428571428	0	0	0.0891429953082598	0.0891429953082598	0.147256371431906	1	0.277318338311772	1.08636319473631	5.64808044926236e-32	10.6045231326686	0.856784607087458	0.0705053365746256	0.0666252187677725	ATT	0.00558700558700536	0.0423465423465424	4.02934589480388e-25	0	1	0	0.0392156862745098	1	C>T	1	0	rRNA	0.00011575	0
HCS-2055P1~chrM~1520~T~C	0	0.002378	0	0.238095238095238	0	0	0.986305565144928	0.986364082660596	0.653217016424521	1	0.567523692155282	0.571702276134297	4.96175754001787e-74	17.5189372877633	0.563702861650773	0.216131447892633	0.232109519534594	ATT	0.00747608460095311	0.0197449609214315	1.21765438777848e-10	0	0.233460506725643	0	0.4215686274509804	1	T>C	1	0	rRNA	0.000366541	1
HCS-2055P1~chrM~1536~A~G	0	0.001365	0	0.333333333333333	0	0	0.0442814519809601	0.0442814519809601	0.418266765457197	1	0.942165822002582	0.0725479819004168	2.13158744394983e-42	12.748579163561	0.157299207050285	1.55233253793008	1	TAC	0.00532935303303045	0.0201563142739613	2.52822792139257e-12	0	0.0899265658834721	0	0.28431372549019607	1	A>G	1	0	rRNA	0.000327957	1
HCS-2055P1~chrM~1556~C~T	0	0.003614	0	0.428571428571428	0	0	0.0117906865284289	0.0117967614238836	0.622552788337329	1	0.750887550354165	0.317469273978714	1.25985981669312e-51	13.173825690594	0.269602211258408	0.889730241551345	0.097769240414686	ACA	0.0030179062437126	0.0158931977113795	1.5095554966714e-28	0	0.0331178837960547	0	0.7058823529411765	1	C>T	1	0	rRNA	0.0000772	0
HCS-2055P1~chrM~1654~T~C	0	0.001137	0	0.380952380952381	0	0	0.772431083408155	0.772724244653511	0.00788635685097404	1	0.628277932842771	-0.484152094	9.04389684191302e-51	13.8840888531264	0.417304165627404	0.402822404870157	0.00568956307850092	TCA	0.000531844836777577	0.0318450779989242	1.30207315746973e-43	0	0.457177712539132	0	0.12745098039215685	1	T>C	1	0	tRNA	0.000192916	1
HCS-2055P1~chrM~2059~C~T	0	0.002731	0	0.428571428571428	0	0	0.0253137695607727	0.0253233451890354	0.100575564893932	1	0.0179943863531123	-2.365733619	1.11691277082762e-48	14.0450673255685	0.452966402751067	0.217490899130815	0.517560194822461	CCA	0.000786105652044088	0.0276541640178004	1.82728279536473e-15	0	0.286462403457384	0	0.17647058823529413	1	C>T	1	0	rRNA	0.0000386	1
HCS-2055P1~chrM~4312~C~T	0	0.003153	0	0.428571428571428	0	0	0.080613587757977	0.0806005908981567	0.226080721345521	1	0.363280566656896	0.909131784662791	4.38894269878287e-31	10.7121260158893	0.670206901423059	0.286521542985156	1	GCT	0.0043745279347372	0.0255244755244755	1.28037308121777e-13	0	0.0756466886321423	0	0.2549019607843137	1	C>T	1	0	tRNA	0.032274867	1
HCS-2055P1~chrM~4318~C~T	0	0.0030559999999999	0	0.428571428571428	0	0	0.238781824396649	0.238751398017096	0.296749089120872	1	0.748127511003164	0.321109368399197	2.037398038487e-61	14.7514230197999	0.469798882533601	0.645709524069209	0.819414815996607	ACC	0.00408329161215982	0.0261317629738682	4.17370984518038e-13	0	0.109653277204519	1	0.2647058823529412	1	C>T	1	0	tRNA	0.00011575	1
HCS-2055P1~chrM~4456~C~T	0	0.003463	0	0.476190476190476	0	0	0.18551408214182	0.185569877004438	0.139543235820761	1	0.157066039325938	-1.415008379	8.14817714543776e-75	17.2207827968109	0.227799993988229	0.99819081295528	0.595988351074721	ACC	0.000806786756896812	0.0207604895104895	1.16229227492952e-19	0	0.72517633511089	0	0.4019607843137255	1	C>T	1	0	tRNA	0.000212208	1
HCS-2055P1~chrM~4736~T~C	0	0.003013	0	0.285714285714286	0	0	0.719913685400889	0.720225380094476	0.236109911985342	1	0.997872859168585	-0.002665979	5.4529442512445e-45	12.4595195368225	0.317310507862914	0.526234811584218	0.217720254445839	CCA	0.00480171206708093	0.0126748251748252	1.00283652227907e-07	0	0.803644216822341	0	0.3137254901960784	1	T>C	1	0	Complex I	0.001388996	1
HCS-2055P1~chrM~5041~T~C	0	0.003237	0	0.333333333333333	0	0	0.141217683373025	0.141200316114125	0.244395211346663	1	0.0182966295940884	2.35955984266391	6.9885926044108e-51	12.46998887	0.235943346013232	0.632857892965959	0.150328146141751	ATA	0.000678144896959656	0.0203022783667945	2.80938234452441e-21	0	0.279980228895831	0	0.21568627450980393	1	T>C	1	0	Complex I	0.0000579	0
HCS-2055P1~chrM~5320~C~T	0	0.002308	0	0.523809523809524	0	0	0.166807253111566	0.166985863454456	0.471156891871848	1	0.101727656874891	1.63653504741526	3.77960982528227e-72	15.694369272019	0.234194304879215	0.320534670381205	0.846544558074219	ACC	0.000796078921078923	0.00779989241527703	2.30490158147151e-15	0	0.844681989269772	0	0.23529411764705882	1	C>T	1	0	Complex I	0.0000965	1
HCS-2055P1~chrM~5498~A~G	0	0.002859	0	0.285714285714286	0	0	0.646987008279372	0.652855356945018	0.599394809269505	1	0.259539453006872	1.12748032854371	1.18266390245045e-45	12.8703530637959	0.067155777953412	0.90941604658569	0.235905637598674	TAC	0.000634980652612158	0.0293168370091447	1.47233049071583e-18	0	0.0163368100313337	0	0.10784313725490197	1	A>G	1	0	Complex I	0.000829539	1
HCS-2055P1~chrM~5580~T~C	0	0.00464	0	0.285714285714286	0	0	0.336730671086051	0.352371216264791	0.0117077198458863	1	0.131056209151978	-1.509949897	1.39350121845332e-48	13.1824932313875	0.914621387899687	-0.245401678	0.608060661445844	GTA	0.000575826091773563	0.0253746253746254	3.71680953553617e-22	0	0.865609327961844	0	0.38235294117647056	1	T>C	1	0	NAN	0.003723281	1
HCS-2055P1~chrM~6266~A~C	0	0.001129	0	0.666666666666667	0	0	0.00025576918888539	0.00025502331039695	0.754271268944324	1	0.656270078749702	0.445068739809142	5.06879343221006e-43	13.207840861242	0.317310507862914	0.827728901957117	0.504481129205224	GAG	0.000660135919029902	0.0269230769230769	1.0658985476124e-14	0	0.823494896037251	0	0.08823529411764706	1	A>C	0	1	Complex IV	0.0000965	1
HCS-2055P1~chrM~7146~A~G	0	0.0030459999999999	0	0.238095238095238	0	0	0.195254683084828	0.179745326076637	0.076342636480584	1	0.987856775279017	-0.015219863	3.06041311674193e-27	11.0316070296766	0.419831249552644	0.624271283861705	0.0194484214125577	CGC	0.00224889182728198	0.0395104895104895	5.75588877131592e-32	0	0.0381499314520291	0	0.3333333333333333	1	A>G	1	0	Complex IV	0.047881781	1
HCS-2055P1~chrM~7705~T~C	0	0.002996	0	0.476190476190476	0	0	0.629493379013628	0.629666923649185	0.883750034093857	1	0.00522024905314421	-2.793118959	3.72437777468379e-44	11.4762931418413	0.288948626847503	0.852088904731018	0.0140311818499705	ACG	0.000495921495370332	0.0251230251230251	4.44641380834257e-19	0	0.335332986604926	0	0.23529411764705882	1	T>C	1	0	Complex IV	0.003800448	1
HCS-2055P1~chrM~8021~A~G	0	0.001085	0	0.571428571428571	0	0	0.0549014262986102	0.0548902601755041	0.0560300035990367	1	0.193882931489244	-1.299177762	4.06217493236779e-77	17.7830814782214	0.14077277337135	1.05528970602217	0.0614757857881411	GAT	0.000664365270631153	0.0216147488874762	4.16175780265013e-08	0	1	0	0.3137254901960784	1	A>G	1	0	Complex IV	0.000154333	1
HCS-2055P1~chrM~8152~G~A	0	0.002705	0	0.571428571428571	0	0	0.0347880151668445	0.0347880151668445	0.759265762997486	1	0.63791479152269	-0.470616263	3.21840920563322e-24	9.71959652402357	0.107697145844712	0.925820099772552	0.177094186020718	CGG	0.000973671794471111	0.0445554445554445	6.61726450908093e-24	0	0.615045798614264	1	0.35294117647058826	1	G>A	1	0	Complex IV	0.017208118	1
HCS-2055P1~chrM~8167~T~C	0	0.002408	0	0.428571428571428	0	0	0.0282782476994027	0.0282782476994027	0.484408578199292	1	0.602390809958826	-0.520965493	5.72132267885027e-16	8.3199566657262	0.0659920550593476	0.84887898636894	0.474605546865498	GTC	0.000973230108283223	0.0487254680803068	7.27584499927691e-22	0	0.28567447561986	0	0.13725490196078433	1	T>C	1	0	Complex IV	0.002430743	1
HCS-2055P1~chrM~8503~T~C	0	0.002036	0	0.0952380952380952	0	0	0.746431310111459	0.746431310111459	0.636393451975249	1	0.479206383956593	0.707579569401125	2.42945025163914e-26	11.8380816928432	1	0.180020574955774	1	ATT	0.000669369540964876	0.037962037962038	1.08229117701701e-10	0	1	0	0.10784313725490197	1	T>C	1	0	Complex V	0.001890578	1
HCS-2055P1~chrM~8545~G~A	0	0.00337	0	0.333333333333333	0	0	0.550960397314104	0.550541785968538	0.218344116603675	1	0.498287716771967	0.677186366479668	1.58024844264875e-41	12.2967526014159	0.102470434859749	0.885614885540095	0.808804336137422	CGC	0.000719912296161767	0.0168654874537228	3.40679511854979e-12	0	0.630086177727347	0	0.17647058823529413	1	G>A	1	0	Complex V	0.002720117	1
HCS-2055P1~chrM~8677~A~C	0	0.0028399999999999	0	0.333333333333333	0	0	0.104483371685539	0.104569054733224	0.171300713222577	1	0.347746610963656	-0.938969097	1.49106569136437e-72	17.0224764362422	0.53640325368822	0.613891476645538	0.0943128393673246	CCA	0.000707755582950597	0.0289044289044289	7.03793319948293e-31	0	0.0711573981905363	0	0.18627450980392157	1	A>C	0	1	Complex V	0.0000772	0
HCS-2055P1~chrM~9168~C~T	0	0.002687	0	0.428571428571428	0	0	0.854050160388978	0.853998657844822	0.327257463016164	1	0.246189848636517	-1.159653649	4.07723263710606e-58	14.1522700165767	0.0832645166635504	0.764093177458341	0.638326441267915	TCA	0.000507947520348878	0.0388500388500388	4.38303640782814e-13	0	1	0	0.35294117647058826	1	C>T	1	0	Complex V	0.000424415	0
HCS-2055P1~chrM~9329~G~C	0	0.0023639999999999	0	0.476190476190476	0	0	0.977986228231068	0.977755535390095	0.0152056180762332	1	0.974341509245417	-0.032163694	3.08191096465045e-47	10.6445645168887	0.890230054943497	0.407795435870278	0.0326680669455848	CCC	0.000640915895153189	0.040368722186904	5.0863649009391e-16	0	0.0893756476093071	0	0.27450980392156865	1	G>C	0	1	Complex IV	0.0000772	0
HCS-2055P1~chrM~9434~A~G	0	0.003015	0	0.523809523809524	0	0	0.119294348684009	0.119747519725993	0.0310214700003483	1	0.548490874898513	-0.600023049	8.45203297701274e-47	14.0312385963209	0.241356386054494	1.42363249324373	0.00335100454943755	AAA	0.000826192750420069	0.0202429149797571	3.32534292987516e-26	0	0.14265583374975	1	0.30392156862745096	1	A>G	1	0	Complex IV	0.0000772	1
HCS-2055P1~chrM~9629~A~G	0	0.0010739999999999	0	0.428571428571428	0	0	0.260873410456005	0.260936012181214	0.855212019096693	1	0.394136255983459	-0.852140247	1.33305027014494e-72	16.3271953164832	0.0400918856854532	1.61386759254482	0.814182516010609	GAG	0.00534560341035944	0.0360691939639308	5.00695876328805e-13	0	0.497687853537105	0	0.0784313725490196	1	A>G	1	0	Complex IV	0.000385832	1
HCS-2056C1~chrM~1556~C~T	0	0.0011949999999999	0	0.428571428571428	0	0	6.01740135220007e-06	6.01124410426261e-06	0.56192376926592	1	0.630354155591605	0.481228432093915	1.20830102046028e-31	6.66871148163045	0.317310507862914	0.28474739872575	3.62985927741311e-05	ACA	0.00763717302076705	0.0217560217560218	2.93529103026077e-13	0	0.00748160372589439	0	0.7058823529411765	1	C>T	1	0	rRNA	0.0000772	0
HCS-2056C1~chrM~4312~C~T	0	0.0011799999999999	0	0.428571428571428	0	0	0.0323141113295274	0.0323141113295274	0.716553406645547	1	0.277144297334199	1.08675681570928	1.01819170409647e-35	5.35498571494494	0.317310507862914	-0.311085508	0.0664644187430399	GTT	0.000605514919433975	0.013986013986014	2.70299661092998e-11	0	0.449836053902386	0	0.2549019607843137	1	C>T	1	0	tRNA	0.032274867	1
HCS-2056C1~chrM~5580~T~C	0	0.001393	0	0.285714285714286	0	0	5.71900362716403e-07	5.71900362716403e-07	0.84051931309513	1	0.0225017498442845	2.28178985809862	4.12367031080427e-35	7.98029539011659	0.0832645166635504	-0.742307489	0.681246348379448	GTA	0.00351633820724716	0.0297202797202797	2.47569130070499e-17	0	0.414224840782672	0	0.38235294117647056	1	T>C	1	0	NAN	0.003723281	1
HCS-2056C1~chrM~8065~G~A	0	0.001161	0	0.476190476190476	0	0	0.00213007078751248	0.00212856120904115	0.00693042484149587	1	0.482925545743203	-0.701604979	7.15739070189139e-35	7.7083819928653	1	0	0.000198830942215384	TGC	0.000774158091231257	0.0211379529561348	9.22489858128281e-30	0	0.131507203825913	0	0.3431372549019608	1	G>A	1	0	Complex IV	0.001022455	1
HCS-2056C1~chrM~8718~A~G	0	0.001109	0	0.428571428571428	0	0	0.251706840520313	0.251573815469442	0.0878726546804167	1	0.0796730300601553	1.75258638449923	6.56179748561934e-62	15.1550607950685	0.0395437490162232	1.26103082555227	0.579218930857784	AGG	0.00783196760290499	0.0260429225946468	5.85562843526376e-20	0	0.199458382994834	0	0.2647058823529412	1	A>G	1	0	Complex V	0.002488618	1
HCS-2056P1~chrM~4104~A~G	0	0.001554	0	0.523809523809524	0	0	0.299773242074016	0.299876830977666	0.334222297072162	1	0.624516754212993	-0.489459029	1.67062865193468e-65	17.0435439881939	0.102470434859749	1.00173460668094	0.507352566945274	TAA	0.00156807168943557	0.0163170163170163	6.4824767306265e-07	0	0.514861101859528	0	0.28431372549019607	1	A>G	1	0	Complex I	0.073520333	1
HCS-2056P1~chrM~4456~C~T	0	0.0015199999999999	0	0.476190476190476	0	0	0.420111608494082	0.420464964738346	0.49783271870169	1	0.327512489937638	-0.979136599	2.79474489180456e-80	16.5083212733085	0.0832645166635504	1.06666666666667	0.745451511836882	ACC	0.00207264406981116	0.0163170163170163	4.93653425456312e-05	0	1	0	0.4019607843137255	1	C>T	1	0	tRNA	0.000212208	1
HCS-2056P1~chrM~4736~T~C	0	0.00165	0	0.285714285714286	0	0	0.914785137641372	0.91487946059766	0.855317568546616	1	0.422999383130186	0.801228485696004	5.68989946291241e-61	12.9626022221645	0.276302917337483	0.471404520791032	1	CTA	0.00818806013611175	0.0132090132090132	0.0288424394915901	0	0.751740363317979	0	0.3137254901960784	1	T>C	1	0	Complex I	0.001388996	1
HCS-2056P1~chrM~5247~T~C	0	0.001077	0	0.523809523809524	0	0	0.782014666063497	0.781947511712805	0.570513654315884	1	0.33348448791764	0.967119120823729	8.43159528748345e-85	20.8399132089691	0.102470434859749	1.45063704147073	0.259448698245007	CTT	0.00262406128278998	0.00932400932400932	1.09213266721283e-05	0	0.0400913157266047	1	0.029411764705882353	0	T>C	1	0	Complex I	0	0
HCS-2056P1~chrM~6221~T~C	0	0.001059	0	0.571428571428571	0	0	0.201124928520467	0.201124928520467	0.138364770347207	1	0.350342539844752	0.933925081590546	1.57558599902178e-38	10.2556198534667	0.276302917337483	0.341881729378914	0.361969095789737	CCC	0.00153772928642036	0.020979020979021	5.21685681020617e-08	0	0.14443582175774	0	0.20588235294117646	1	T>C	1	0	Complex IV	0.02872521	1
HCS-2056P1~chrM~7146~A~G	0	0.0014149999999999	0	0.238095238095238	0	0	0.573669301968209	0.616778230800392	0.401122013593081	1	0.624494543314153	-0.489490409	2.46618655254573e-41	12.3222755432945	1	0.0521640530957301	0.830427492693201	CGC	0.00372587412587401	0.046953046953047	3.08146683236407e-11	0	0.521557594446357	0	0.3333333333333333	1	A>G	1	0	Complex IV	0.047881781	1
HCS-2056P1~chrM~8718~A~G	0	0.001072	0	0.428571428571428	0	0	0.224298047399552	0.224298047399552	0.00801122858645291	1	0.704456025449876	-0.379312221	2.32575082442463e-109	19.4518269528564	0.179712495	1.29099444873581	0.425797870212812	AAG	0.00860373278878026	0.0244755244755245	9.41238606042468e-05	0	0.689056780818354	0	0.2647058823529412	1	A>G	1	0	Complex V	0.002488618	1
HCS-2056P1~chrM~9075~C~T	0	0.001033	0	0.333333333333333	0	0	0.358091891610718	0.358029573412398	0.110512021326982	1	0.415761120287989	0.813797233384215	7.65927871693023e-76	14.2432863237863	0.317310507862914	0.522232967867094	0.168637474507523	CCA	0.00201998678452967	0.0237762237762238	0.000153382953587736	0	1	0	0.35294117647058826	1	C>T	1	0	Complex V	0.000154333	0
HCS-2056P1~chrM~9168~C~T	0	0.001207	0	0.428571428571428	0	0	0.49885364948845	0.498584873008655	0.217922294184318	1	0.0963127218661361	1.66299856937307	1.59398289587438e-74	16.5412362006346	1	0	0.766286133028462	TCA	0.00148941967123783	0.0330578512396694	1.17438678432034e-08	0	0.0120522901648584	0	0.35294117647058826	1	C>T	1	0	Complex V	0.000424415	0
HCS-2057C1~chrM~4456~C~T	0	0.001841	0	0.476190476190476	0	0	0.960076552876484	0.938895807193364	0.00882101073086074	1	0.955007135143704	-0.056420112	1.24367574587948e-65	13.1711374120603	0.157299207050285	0.659380473395787	0.381989794899514	ATC	0.00210133635547995	0.0203962703962704	4.87998865004047e-07	0	0.776581545834865	0	0.4019607843137255	1	C>T	1	0	tRNA	0.000212208	1
HCS-2057C1~chrM~4736~T~C	0	0.001928	0	0.285714285714286	0	0	0.0834271186042989	0.0834271186042989	0.502756680905238	1	0.641587142467217	-0.465480857	7.28813755278253e-58	11.5699492534109	0.5774686624273	1.06622797996637	1	CTA	0.00539237454799193	0.0132867132867133	0.0005031421069045	0	0.755896191282493	0	0.3137254901960784	1	T>C	1	0	Complex I	0.001388996	1
HCS-2057C1~chrM~4856~T~C	0	0.001084	0	0.571428571428571	0	0	0.327989126628944	0.327989126628944	0.475178282965789	1	0.0271530138288534	-2.20931104	3.24097837231713e-29	9.07011760958007	0.578514721507944	1.25219806739988	1	TTC	0.0156702369360595	0.0167832167832168	0.236849875009962	0	0.435931988341932	0	0.19607843137254902	1	T>C	1	0	Complex I	0.002064202	1
HCS-2057C1~chrM~5041~T~C	0	0.001384	0	0.333333333333333	0	0	0.454430355806704	0.454430355806704	0.3001176349938	1	0.152421369656263	1.4310308643027	1.13201702598644e-28	9.49520684570734	1	0	0.171994231910607	ATA	0.00168777320828806	0.0287490287490288	4.31500961448188e-07	0	0.015240712531859	0	0.21568627450980393	1	T>C	1	0	Complex I	0.0000579	0
HCS-2057C1~chrM~5580~T~C	0	0.002866	0	0.285714285714286	0	0	0.336550818311748	0.336550818311748	0.321583764717621	1	0.355553895749958	0.923870208312961	4.63867523193475e-35	10.1661814442252	0.317310507862914	0.925820099772551	0.559791268495107	GTA	0.00757389177880075	0.0122377622377622	0.00144023469180136	0	0.0812136886014635	0	0.38235294117647056	1	T>C	1	0	NAN	0.003723281	1
HCS-2057C1~chrM~7146~A~G	0	0.001559	0	0.238095238095238	0	0	0.231662189828859	0.201873502212728	0.00177783328938723	1	0.375016707695671	0.887115522593515	1.12481309470112e-11	1.60135921809366	1	0	0.00178673564494614	CAC	0.00724532676423676	0.0324836453868712	1.24704955517817e-05	0	0.0458231730067225	0	0.3333333333333333	1	A>G	1	0	Complex IV	0.047881781	1
HCS-2057C1~chrM~7705~T~C	0	0.001068	0	0.476190476190476	0	0	0.0110085134222078	0.0110085134222078	0.306936590255016	1	0.422540780011922	-0.802021053	3.27238786262644e-39	10.0008205541945	0.179712495	0.226816177181639	0.4048823824225	ATG	0.0120018514066747	0.0346736596736597	3.06960139846924e-06	0	0.0389488299148891	0	0.23529411764705882	1	T>C	1	0	Complex IV	0.003800448	1
HCS-2057C1~chrM~8021~A~G	0	0.001964	0	0.571428571428571	0	0	0.0705300615232058	0.0705169428711439	0.335889528094044	1	0.602314526798252	-0.521074998	6.3771160360586e-79	13.1955489618108	0.157299207050285	0.740958573634948	0.0817228981037611	GAT	0.00195125143940582	0.0155400155400155	1.84229456649965e-06	0	1	0	0.3137254901960784	1	A>G	1	0	Complex IV	0.000154333	1
HCS-2057C1~chrM~8503~T~C	0	0.002223	0	0.0952380952380952	0	0	0.82815920794526	0.82815920794526	0.939963630829409	1	0.734014483752176	-0.339790259	1.433365182161e-21	11.0352719565711	0.285049407402613	0.685727513099936	0.79662216047122	ATT	0.00204711842059606	0.0321678321678322	2.39723814835392e-11	0	1	0	0.10784313725490197	1	T>C	1	0	Complex V	0.001890578	1
HCS-2057C1~chrM~9168~C~T	0	0.001084	0	0.428571428571428	0	0	0.572936925637264	0.572813967264986	0.82686051091391	1	0.405560272625988	0.83173193156666	2.63399749127771e-83	15.9943049835439	0.317310507862914	0.420084025208403	0.15059158902115	TTA	0.00142647020875801	0.0463286713286713	1.35688568900765e-06	0	0.728523339840487	0	0.35294117647058826	1	C>T	1	0	Complex V	0.000424415	0
HCS-2057C1~chrM~9329~G~C	0	0.001342	0	0.476190476190476	0	0	0.026699063677153	0.0265917717832491	0.525189853988091	1	0.799902225587619	0.2534736436684	1.84430291138102e-34	5.2928070652495	1	0	0.167871890173053	CGC	0.00203398537680992	0.0629370629370629	0.0147338479419834	0	1	0	0.27450980392156865	1	G>C	0	1	Complex IV	0.0000772	0
HCS-2057P1~chrM~4736~T~C	0	0.002603	0	0.285714285714286	0	0	0.1242041686816	0.1242041686816	0.611667865825235	1	0.339901993206504	0.95435891937651	2.85853074406632e-49	14.7270637439162	0.276302917337483	0.0923186182344995	0.776980923419144	CTA	0.00284332401504819	0.0110722610722611	1.56662668103746e-06	0	1	0	0.3137254901960784	1	T>C	1	0	Complex I	0.001388996	1
HCS-2057P1~chrM~5041~T~C	0	0.002846	0	0.333333333333333	0	0	0.12326990082114	0.12326990082114	0.41303753792762	1	0.566960183944831	0.572534110124013	4.27891691279736e-44	13.3893316721694	1	0	1	ACA	0.000962654627163982	0.0285099515868747	6.81925437599746e-10	0	0.272271382825504	0	0.21568627450980393	1	T>C	1	0	Complex I	0.0000579	0
HCS-2057P1~chrM~5320~C~T	0	0.001245	0	0.523809523809524	0	0	0.502206237077292	0.503292800209526	0.289914069694571	1	0.118616980987853	1.56060498869042	7.25933065160883e-67	13.3403688507345	1	-0.23	0.692567367420242	ACC	0.00123916125709042	0.00867132867132868	1.9136330960582e-13	0	0.164775455845111	0	0.23529411764705882	1	C>T	1	0	Complex I	0.0000965	1
HCS-2057P1~chrM~5840~C~T	0	0.0014269999999999	0	0.476190476190476	0	0	0.0085632892768423	0.0114335741653351	0.836347003611431	1	0.342245167845119	-0.949738449	2.90998507107286e-68	13.1372601734428	0.0196306572572907	1.45997655170606	0.366862559592177	CCT	0.00114728158309398	0.030969030969031	9.41533857888384e-15	0	0.829421499804422	0	0.3627450980392157	1	C>T	1	0	tRNA	0.000231499	1
HCS-2057P1~chrM~6023~G~A	0	0.001484	0	0.714285714285714	0	0	0.973468693023223	0.973339948096314	0.600172043578648	1	0.245698189134782	1.16086159517691	6.14352229885029e-43	9.47081480074363	0.276302917337483	0.243492376778837	0.211158142943647	AGC	0.000848681099464794	0.006993006993007	2.92382523796935e-13	0	0.210243257979387	0	0.39215686274509803	1	G>A	1	0	Complex IV	0.007909561	1
HCS-2057P1~chrM~6266~A~C	0	0.001058	0	0.666666666666667	0	0	0.141985046594143	0.142280760810755	0.83549225042661	1	0.194592881432583	1.2971113365992	3.8323458653112e-56	10.22862564	1	0	1	GAG	0.000892499304717656	0.0225927918235611	4.63692772540074e-10	0	0.423238876303932	0	0.08823529411764706	1	A>C	0	1	Complex IV	0.0000965	1
HCS-2057P1~chrM~6935~C~T	0	0.001572	0	0.380952380952381	0	0	0.883907067043172	0.884244618396399	0.444479019289999	1	0.55033631308252	0.597256244152965	2.31125349412846e-51	9.30761360465046	1	0.318651002726277	1	TCA	0.00117242424934731	0.0150618612157074	1.26740175180605e-09	0	0.050410281847704	0	0.2549019607843137	1	C>T	1	0	Complex IV	0.000424415	1
HCS-2057P1~chrM~6938~C~T	0	0.001582	0	0.285714285714286	0	0	0.931489427152301	0.931911952714097	0.981229973075163	1	0.159616003486032	1.40636420577059	2.59907811770165e-58	13.4060173706749	0.317310507862914	0.211700906763517	0.391034759546038	TCT	0.000972267379802129	0.0495680789798437	1.4907071244818e-23	0	0.492895104141837	0	0.21568627450980393	1	C>T	1	0	Complex IV	0.002372868	1
HCS-2057P1~chrM~7146~A~G	0	0.002398	0	0.238095238095238	0	0	0.80393128812305	0.810183519746561	0.939473542884831	1	0.936828099041582	0.0792571366001609	2.28957365307488e-35	9.83296274017534	0.24956988897441	1.07487482200834	1	CGC	0.00358817212749784	0.0236571938699598	2.00675376278565e-16	0	0.00484727713571181	0	0.3333333333333333	1	A>G	1	0	Complex IV	0.047881781	1
HCS-2057P1~chrM~7232~C~T	0	0.001492	0	0.571428571428571	0	0	0.0393038790586867	0.0393991473205789	0.00463546223948444	1	0.00814177621429272	2.64613314949316	4.12602509051741e-83	16.2411565607312	0.317310507862914	0.235702260395516	0.00392566572146272	ATC	0.00119623142131179	0.0162337662337662	2.58517652489347e-19	0	0.449350401045087	0	0.28431372549019607	1	C>T	1	0	Complex IV	0.00011575	0
HCS-2057P1~chrM~7650~C~T	0	0.002054	0	0.380952380952381	0	0	0.00930385572069702	0.00930385572069702	0.627296441401216	1	0.20749402243507	1.26048620168714	1.21154919126475e-62	14.2290798625211	1	0	0.447161354080156	ACC	0.0141293874208536	0.0275606746194982	0.0994406633874193	0	0.629939375511085	0	0.3333333333333333	1	C>T	1	0	Complex IV	0.000135041	1
HCS-2057P1~chrM~7705~T~C	0	0.001821	0	0.476190476190476	0	0	0.189482647664975	0.189482647664975	0.941444205507977	1	0.368723495234995	0.898867022570969	3.43059427648474e-47	11.1192377302073	1	0.483045891539648	0.316596417130324	ATG	0.0114532365132296	0.0275835275835276	3.07093609398163e-05	0	0.637652192286603	0	0.23529411764705882	1	T>C	1	0	Complex IV	0.003800448	1
HCS-2057P1~chrM~8065~G~A	0	0.001929	0	0.476190476190476	0	0	0.0588204156943366	0.0588525162129965	0.0601009690323564	1	0.385946901748613	0.866991071538092	1.68822094007328e-74	15.4228165898137	0.414216178242525	0.00704295212273764	0.108801234858205	TGC	0.000969512509785701	0.0218531468531469	4.42578491878846e-22	0	0.596094629401521	0	0.3431372549019608	1	G>A	1	0	Complex IV	0.001022455	1
HCS-2057P1~chrM~8140~C~T	0	0.0017649999999999	0	0.571428571428571	0	0	0.885010154611778	0.885141762497237	0.70346661772936	1	0.66604312030145	0.431584920313743	6.01211205458289e-127	20.7172852715964	0.124547348518401	1.15157390078952	0.850264726138217	CTG	0.00112207003478059	0.0237262737262737	1.07851766824116e-18	0	1	0	0.27450980392156865	1	C>T	1	0	Complex IV	0.00071379	1
HCS-2057P1~chrM~8718~A~G	0	0.001392	0	0.428571428571428	0	0	0.0820214958602124	0.0821350510247151	0.0628843530822576	1	0.400688745186172	-0.8403918	6.57353673649821e-103	21.1359449117685	0.179712495	1.51185789203691	0.0601866862951653	AGG	0.00832194272930716	0.025974025974026	9.49090856307912e-06	0	0.457781027927149	0	0.2647058823529412	1	A>G	1	0	Complex V	0.002488618	1
HCS-2057P1~chrM~9168~C~T	0	0.001358	0	0.428571428571428	0	0	0.0138307085519987	0.0138242704160182	0.280376524192735	1	0.429506455388395	-0.790036495	7.98235560169541e-61	13.5828749029609	0.0655996921470719	1.4142135623731	0.100183491924909	TCA	0.00097066054512862	0.034965034965035	2.09945986872422e-07	0	0.103061938499295	0	0.35294117647058826	1	C>T	1	0	Complex V	0.000424415	0
HCS-2057P1~chrM~9329~G~C	0	0.001149	0	0.476190476190476	0	0	0.410100369964015	0.410168976289018	0.0308374358755538	1	0.732829156226808	0.341364553709764	5.88309407216633e-23	4.09498040307073	1	0	0.035285444578326	CGC	0.00109302298370897	0.0262237762237762	0.000543579964957444	0	0.626461594362649	0	0.27450980392156865	1	G>C	0	1	Complex IV	0.0000772	0
HCS-2058P1~chrM~6023~G~A	0	0.001219	0	0.714285714285714	0	0	0.547194076448347	0.546750708379874	0.249644558271961	1	0.364643490425846	0.906552499476107	7.43351876241996e-43	9.29008762365279	1	0.305505046330389	0.311347600125903	AGC	0.000651846289430185	0.00745920745920746	9.58541426685019e-10	0	0.0205670132462409	0	0.39215686274509803	1	G>A	1	0	Complex IV	0.007909561	1
HCS-2058P1~chrM~7146~A~G	0	0.001237	0	0.238095238095238	0	0	0.00831701815595094	0.0101995229832321	0.128586295866185	1	0.770432903565076	-0.291808686	2.64430749394686e-31	9.07702750523816	1	-0.16	0.689664247812631	CAC	0.00336126084629067	0.0542657342657343	8.95502101174096e-12	0	1	0	0.3333333333333333	1	A>G	1	0	Complex IV	0.047881781	1
HCS-2058P1~chrM~8943~C~T	0	0.001008	0	0.428571428571428	0	0	0.919206196018817	0.919369352923486	0.109878055901669	1	0.474818884917951	0.714660445107162	1.64138912441056e-60	12.4082656688882	1	0	0.220598667841929	CTA	0.0093724800719126	0.0163170163170163	0.00228450944507445	0	0.68816332724437	0	0.4117647058823529	1	C>T	1	0	Complex V	0.001659079	1
HCS-2059P1~chrM~11016~G~A	0	0.001472	0	0.428571428571428	0	0	0.146294278763807	0.146394660267942	0.272475860541382	1	0.222921482433339	1.21879638892798	2.11674245238348e-146	26.8830197333286	0.0659920550593476	1.40126926589987	0.166227419472233	AGT	0.000744147618515418	0.041958041958042	2.30074116508332e-11	0	0.442246613460569	0	0.17647058823529413	1	G>A	1	0	Complex I	0.006501273	1
HCS-2060C1~chrM~4104~A~G	0	0.001674	0	0.523809523809524	0	0	0.121409746147739	0.121409746147739	0.00014776134822543	1	0.0567113951321035	1.9055285866337	1.22911341408239e-46	13.168879579316	0.157299207050285	0.603022689155527	0.00013983712043858	TAA	0.000620115009434283	0.0144230769230769	5.89483132982318e-12	0	0.327024714143313	0	0.28431372549019607	1	A>G	1	0	Complex I	0.073520333	1
HCS-2060C1~chrM~4456~C~T	0	0.003503	0	0.476190476190476	0	0	0.00141606621100112	0.00141714142204898	0.0581189327548098	1	5.95356787388981e-06	-4.528031605	3.53538088904626e-58	13.3602737617662	1	0.23706292499958	0.674591318818489	ACC	0.000850441990273817	0.0284900284900285	1.95715187263855e-32	0	0.13178038523463	0	0.4019607843137255	1	C>T	1	0	tRNA	0.000212208	1
HCS-2060C1~chrM~5474~A~G	0	0.002581	0	0.476190476190476	0	0	0.750275315032276	0.750004635560945	0.83405298313479	1	0.541483642573469	-0.610570975	1.24854210974753e-52	16.5776691078165	0.0235441024125528	1.39334638242403	1	TGC	0.000781355247204638	0.0318570318570319	3.07617687254841e-13	0	0.646761441307117	0	0.058823529411764705	1	A>G	1	0	Complex I	0.000385832	1
HCS-2060C1~chrM~5498~A~G	0	0.00336	0	0.285714285714286	0	0	0.12337594988109	0.12337594988109	0.523016537389629	1	0.0611027268025291	-1.872751365	1.66700149004301e-64	14.0699687936753	0.449891536292817	1.79306180697768	0.0602718429733741	TGC	0.000769457080136696	0.0264735264735265	9.12900284883419e-20	0	0.134686198917123	0	0.10784313725490197	1	A>G	1	0	Complex I	0.000829539	1
HCS-2060C1~chrM~7146~A~G	0	0.002079	0	0.238095238095238	0	0	0.0234407718776836	0.0290539569660439	0.00605114735045741	1	0.59764309812808	-0.527792882	6.74657411430272e-25	5.20716834505918	1	0.108940955880384	0.133569863844131	CAC	0.00523744460298152	0.0573426573426573	5.00334484978701e-16	0	0.000123256427569081	0	0.3333333333333333	1	A>G	1	0	Complex IV	0.047881781	1
HCS-2060C1~chrM~8545~G~A	0	0.002397	0	0.333333333333333	0	0	0.161009267887498	0.161009267887498	0.324807621240099	1	0.0694322207392324	-1.815596957	3.93799162262775e-17	8.70075197239012	0.125	2.12397697621437	1	CGC	0.000866425046368815	0.021978021978022	1.31091854425055e-10	0	1	0	0.17647058823529413	1	G>A	1	0	Complex V	0.002720117	1
HCS-2060C1~chrM~8655~C~T	0	0.002343	0	0.523809523809524	0	0	0.92275984355377	0.922845683935586	6.25931990821468e-05	1	0.0025956373756798	3.01196357945875	3.07504675490064e-85	15.6035333439882	0.0707498670763776	0.850047437006483	1.20612301807608e-05	TCA	0.00241222192441697	0.026618542747575	2.85735133440493e-21	0	0.105148500053259	0	0.21568627450980393	1	C>T	1	0	Complex V	0.049058569	1
HCS-2060C1~chrM~8677~A~C	0	0.0027229999999999	0	0.333333333333333	0	0	0.326330631855229	0.326784193775351	3.68736048367525e-08	1	0.990494378314924	0.0119138118747964	1.31747718448026e-63	14.9371576650481	0.231899048415021	1.19935785652353	0.0124634516277724	CAA	0.00488179946001109	0.0252701843610935	7.76508666517613e-29	0	0.762149811391506	0	0.18627450980392157	1	A>C	0	1	Complex V	0.0000772	0
HCS-2060C1~chrM~8718~A~G	0	0.0023499999999999	0	0.428571428571428	0	0	1.56370549449618e-05	1.5645424913097e-05	0.00670618976855705	1	0.0434431393340127	2.01942428705568	2.85958712212678e-70	15.6622982272219	0.130797061806859	0.539870405834973	0.00927048193369434	AGG	0.00768200079318277	0.0286077558804832	6.92737864029463e-16	0	3.64091286239497e-05	0	0.2647058823529412	1	A>G	1	0	Complex V	0.002488618	1
HCS-2060C1~chrM~8943~C~T	0	0.001618	0	0.428571428571428	0	0	0.000842371403390548	0.000843667656427774	0.567278766667981	0.994120055559611	2.61778488411549e-05	-4.204397539	2.67740765333579e-93	16.6449942859957	0.0255968053859486	1.34365943091627	0.676013989448179	CTA	0.00771913614455427	0.0142900577683186	4.03164367120821e-14	-0.000888757	0.0594169921669715	0	0.4117647058823529	1	C>T	1	0	Complex V	0.001659079	1
HCS-2060C1~chrM~9434~A~G	0	0.0015079999999999	0	0.523809523809524	0	0	0.801940338850547	0.799928570608276	0.594497355168167	1	0.407590939748607	0.828140492598921	7.85503230281813e-43	9.43099401851246	0.317310507862914	0.346410161513775	0.258131930091803	AGA	0.000682955573531726	0.020979020979021	2.05612542140412e-09	0	0.250824011584313	1	0.30392156862745096	1	A>G	1	0	Complex IV	0.0000772	1
HCS-2060C1~chrM~11590~A~G	0	0.0014299999999999	0	0.523809523809524	0	0	1.0683609287765e-06	1.0683609287765e-06	0.550602287989608	1	0.347606331902358	0.93924234632331	7.64111335217012e-23	4.15199460191607	0.414216178242525	0.255113003643678	7.80744772968241e-06	TAC	0.000686840769302853	0.0219326128417038	7.87069881384014e-16	0	0.0043230327268619	0	0.4019607843137255	1	A>G	1	0	Complex I	0.002025619	1
HCS-2060P1~chrM~4456~C~T	0	0.002492	0	0.476190476190476	0	0	0.0920626028368235	0.0920626028368235	0.431834785292405	1	0.271420494091149	-1.099797197	1.24403397782022e-81	17.5631233545807	0.14077277337135	0.843725079376794	0.303776230507865	ATC	0.00105322811744829	0.0285547785547785	8.5476316050849e-15	0	1	0	0.4019607843137255	1	C>T	1	0	tRNA	0.000212208	1
HCS-2060P1~chrM~4736~T~C	0	0.003461	0	0.285714285714286	0	0	0.593709745771921	0.593660840776132	0.423650424452852	1	0.851394720391877	0.187339161057797	7.74764502255601e-68	13.9836034971436	0.0832645166635504	1.49312711161126	0.689155829237323	CTA	0.00511638085784109	0.026013986013986	1.4085762264733e-09	0	0.423303449437823	0	0.3137254901960784	1	T>C	1	0	Complex I	0.001388996	1
HCS-2060P1~chrM~5041~T~C	0	0.004601	0	0.333333333333333	0	0	0.0181904103583062	0.0181904103583062	0.00100246218237192	1	0.0150498859530435	-2.431176385	1.04080599516608e-37	12.91521546	0.785494747118354	-0.399447514	0.533980837755201	ATA	0.000903270599491896	0.0161143204621466	1.24042882743223e-15	0	0.835064670591773	0	0.21568627450980393	1	T>C	1	0	Complex I	0.0000579	0
HCS-2060P1~chrM~5821~G~A	0	0.003285	0	0.476190476190476	0	0	0.048163625393018	0.052678786084723	0.398339758170051	1	0.203877404560217	-1.27058197	3.48987972038445e-43	11.1356417700444	0.712701856658178	-0.183892428	1	CGG	0.000827918863951338	0.0389176041349954	5.3404162598969e-16	0	0.679272680224634	0	0.4411764705882353	1	G>A	1	0	tRNA	0.00646269	1
HCS-2060P1~chrM~5840~C~T	0	0.0033339999999999	0	0.476190476190476	0	0	0.37368875353807	0.414820216021453	0.00463744469022062	1	0.0804064715472538	1.74833248345553	5.99651657537111e-44	12.5052880129288	0.317310507862914	0.950365976201697	0.190607145623646	CTT	0.00072685184544223	0.040959040959041	3.76000265699671e-15	0	0.281307228588872	0	0.3627450980392157	1	C>T	1	0	tRNA	0.000231499	1
HCS-2060P1~chrM~6023~G~A	0	0.002826	0	0.714285714285714	0	0	0.265573839619296	0.265573839619296	0.733026177776119	1	0.782406569724572	-0.276184229	3.42259413665248e-56	16.6861767115988	0.0832645166635504	0.759256602365297	0.222385060350618	AAC	0.000674637920392731	0.00769230769230769	5.89281087822206e-07	0	0.541798172707129	0	0.39215686274509803	1	G>A	1	0	Complex IV	0.007909561	1
HCS-2060P1~chrM~6242~C~T	0	0.00222	0	0.523809523809524	0	0	0.0173946659961861	0.0173946659961861	0.559656353823938	1	0.0730659370895734	1.79241860284524	4.54767480064951e-60	15.7619546390546	0.0587817213553589	1.05246962316844	0.010191359054504	TCG	0.00129621977570791	0.0253496503496503	4.97076024579672e-12	0	0.211411223997761	0	0.23529411764705882	1	C>T	1	0	Complex IV	0.0000965	1
HCS-2060P1~chrM~6266~A~C	0	0.001558	0	0.666666666666667	0	0	0.027196262390796	0.027196262390796	0.00657028007742947	1	0.22345444169059	1.21739374523081	1.12265792355291e-56	16.1961332975714	0.317310507862914	1.36730435933423	0.000217548084924658	GAG	0.0011092355919942	0.0260892953200645	1.27925806470517e-18	0	0.169054152705402	0	0.08823529411764706	1	A>C	0	1	Complex IV	0.0000965	1
HCS-2060P1~chrM~6938~C~T	0	0.001869	0	0.285714285714286	0	0	0.237573618011822	0.237573618011822	0.147121418860566	1	0.0107557031800475	-2.550537243	1.43298974297431e-69	16.6445305899281	0.396143909152074	1.48284092346451	0.594118649191488	TTT	0.000742960480456051	0.0433115271824949	1.43093700074802e-21	0	0.857493799179294	0	0.21568627450980393	1	C>T	1	0	Complex IV	0.002372868	1
HCS-2060P1~chrM~7146~A~G	0	0.003911	0	0.238095238095238	0	0	0.36686726932654	0.330861950700653	0.605128174911365	1	0.606978829208149	0.514390744088898	5.00314951650345e-39	12.9026130769876	0.252117391244058	0.597494769851586	0.111762893168152	CGC	0.00198956351768787	0.0436034553681613	6.84443279666589e-38	0	0.111906507465431	0	0.3333333333333333	1	A>G	1	0	Complex IV	0.047881781	1
HCS-2060P1~chrM~7650~C~T	0	0.0042	0	0.380952380952381	0	0	0.5094795615942	0.5094795615942	0.149703402383405	1	0.612903020937217	0.5059339459889	6.70183234878941e-71	13.611110377325	0.0815562003793512	0.352089395109765	0.205209513922529	ACC	0.000578862338662176	0.0185751748251748	1.19799753522719e-21	0	0.0130574975273246	0	0.3333333333333333	1	C>T	1	0	Complex IV	0.000135041	1
HCS-2060P1~chrM~7705~T~C	0	0.003367	0	0.476190476190476	0	0	0.143590097111103	0.143680235727645	0.404169482467216	1	0.193567683900083	-1.300097122	6.50488718862172e-58	12.7666919233914	0.0338242108846834	1.16007576777777	1	ATG	0.000596828913660602	0.020979020979021	4.75557583528381e-19	0	0.0321842086280053	0	0.23529411764705882	1	T>C	1	0	Complex IV	0.003800448	1
HCS-2060P1~chrM~7810~C~T	0	0.00214	0	0.619047619047619	0	0	0.026591008017156	0.026591008017156	0.216504038371453	1	0.357068116491082	0.920966118616962	1.50394544195923e-66	16.3247091513202	0.0455002638963584	1.13189773907311	0.10419647041444	TTA	0.000672982931047453	0.013986013986014	1.4843123793709e-13	0	0.112033665827949	0	0.35294117647058826	1	C>T	1	0	Complex IV	0.000270083	1
HCS-2060P1~chrM~8021~A~G	0	0.003406	0	0.571428571428571	0	0	0.502970834136033	0.503208167690055	0.187316024868149	1	0.0224559724862942	2.28256554454859	3.44873736398105e-70	18.8305245642857	0.113706838279324	0.728039845617479	0.392443078274962	GAT	0.000777283940549251	0.0125874125874126	1.48243892717013e-22	0	1	0	0.3137254901960784	1	A>G	1	0	Complex IV	0.000154333	1
HCS-2060P1~chrM~8167~T~C	0	0.00439	0	0.428571428571428	0	0	0.00521826057381677	0.00521826057381677	0.265418258238903	1	0.779458337982627	-0.280024983	1.65308760199083e-17	7.28850891312929	0.317310507862914	0.666781007918973	1	GTC	0.00118937162570289	0.0407925407925408	4.46553718872572e-21	0	0.584899417029362	0	0.13725490196078433	1	T>C	1	0	Complex IV	0.002430743	1
HCS-2060P1~chrM~8503~T~C	0	0.003947	0	0.0952380952380952	0	0	0.00262635332480625	0.00265147481486164	0.633148850858606	1	0.177269584031248	-1.349209812	7.19033690230728e-28	11.9410999673038	0.0832645166635504	1.41961591405364	0.17511848864877	ATT	0.000867349704559013	0.0264180264180264	7.55250231835619e-19	0	1	0	0.10784313725490197	1	T>C	1	0	Complex V	0.001890578	1
HCS-2060P1~chrM~8677~A~C	0	0.002061	0	0.333333333333333	0	0	0.260116712596834	0.260187242504645	0.632767189621582	1	0.595143616768119	0.531397120104997	3.06477321617076e-66	16.9526915196643	0.291244106567634	1.59177467100745	0.874695424378533	CAA	0.00577955649238722	0.0286713286713287	5.33787841667954e-27	0	0.207138836797066	0	0.18627450980392157	1	A>C	0	1	Complex V	0.0000772	0
HCS-2060P1~chrM~8718~A~G	0	0.001249	0	0.428571428571428	0	0	0.540491848167312	0.540722109423834	0.134452858220776	1	0.572960469482564	-0.563696838	4.24628104384212e-90	21.6786522628756	0.0289727681350786	2.06150488030989	0.837391813887482	AAG	0.00777916308146138	0.027972027972028	2.1654741780509e-16	0	0.0944126473377704	0	0.2647058823529412	1	A>G	1	0	Complex V	0.002488618	1
HCS-2060P1~chrM~8943~C~T	0	0.002187	0	0.428571428571428	0	0	0.00787811914763945	0.00786183181184577	0.632768416464023	1	0.587440476557469	0.542548832835929	6.94186737582298e-109	20.836569183911	0.0715459725890063	1.88869871000719	0.595598015179618	CCA	0.00770461726035876	0.013986013986014	6.27299725731134e-08	0	0.0571042868803441	0	0.4117647058823529	1	C>T	1	0	Complex V	0.001659079	1
HCS-2060P1~chrM~9168~C~T	0	0.002015	0	0.428571428571428	0	0	0.838493193592778	0.839550378708062	0.208326498731447	1	0.162390769523055	-1.397075829	3.07852669259761e-63	14.8876174536307	0.563702861650773	0.533001790889026	0.0442062646317077	TCA	0.00762507634545517	0.0244755244755245	7.42623230979324e-07	0	1	0	0.35294117647058826	1	C>T	1	0	Complex V	0.000424415	0
HCS-2060P1~chrM~9329~G~C	0	0.002627	0	0.476190476190476	0	0	0.169555915846714	0.169535610205921	0.166312005256806	1	0.394836477633114	-0.850879169	1.26651087316644e-76	15.0040225959713	0.317310507862914	1.00171237731408	0.175702504591955	CGC	0.000782506880067857	0.0253956569746044	5.04984585556341e-14	0	0.106431372481361	0	0.27450980392156865	1	G>C	0	1	Complex IV	0.0000772	0
HCS-2060P1~chrM~11527~C~T	0	0.002214	0	0.428571428571428	0	0	0.0343851276805469	0.0343926939365696	0.0282241471680349	1	0.315978849218681	1.00275549007398	1.21465961228451e-95	19.4987003027682	0.317310507862914	0.781735959970572	0.00719378033749097	ATA	0.000857327725655131	0.0314685314685315	2.36140297317629e-09	0	1	0	0.2549019607843137	1	C>T	1	0	Complex I	0.000443707	1
HCS-2061C1~chrM~4736~T~C	0	0.001006	0	0.285714285714286	0	0	0.412717541263728	0.411372172174832	0.0636154998258742	1	0.670583933957779	0.425346728460908	3.5533546651102e-34	8.05203460007236	1	0	0.252673507753167	CTA	0.00124462314544958	0.00932400932400932	0.00868462526891433	0	0.249893020515207	0	0.3137254901960784	1	T>C	1	0	Complex I	0.001388996	1
HCS-2061C1~chrM~5320~C~T	0	0.001597	0	0.523809523809524	0	0	0.0135695399190376	0.0135590773005752	0.642742026427928	1	0.757395540390156	0.308902703281346	3.99381446199273e-54	7.3770849622404	1	0	0.250095404961058	ACC	0.00122326934421368	0.0116550116550117	0.00802372564677879	0	0.614108241193423	0	0.23529411764705882	1	C>T	1	0	Complex I	0.0000965	1
HCS-2061C1~chrM~5351~A~G	0	0.00122	0	0.428571428571428	0	0	0.0858883870695118	0.0858236788296617	0.717204095628564	1	0.874071409794904	0.158489099056655	8.75067583478356e-16	2.63563373897623	1	0	0.499989733354688	TAC	0.00128176442060905	0.013986013986014	0.0165212666555452	0	0.502993795677667	0	0.1568627450980392	1	A>G	1	0	Complex I	0.012616714	1
HCS-2061C1~chrM~7705~T~C	0	0.001352	0	0.476190476190476	0	0	0.40205861902828	0.402349632866941	0.281892678190732	1	0.0929990012271821	1.67978578830449	1.47819279494891e-48	7.11241404429569	0.705456986111273	0	0.16258183800784	ATG	0.000747478423409824	0.0221778221778222	1.99648129827155e-24	0	0.176830809980074	0	0.23529411764705882	1	T>C	1	0	Complex IV	0.003800448	1
HCS-2062P2~chrM~5580~T~C	0	0.001591	0	0.285714285714286	0	0	0.49969935159878	0.499751643974069	0.0422596939433684	1	0.0356827160734765	2.10052463272451	1.996135083526e-69	14.7579560368418	1	-0.2297384	0.0309683903652989	GTA	0.00101216213019666	0.01998001998002	3.94823353567273e-10	0	0.59549756633333	0	0.38235294117647056	1	T>C	1	0	NAN	0.003723281	1
HCS-2062P2~chrM~5840~C~T	0	0.001378	0	0.476190476190476	0	0	0.00523292292320955	0.00518987501420085	0.0246354284779576	1	0.10954636005008	1.60023545255129	5.18204391101289e-45	9.43387918541632	1	0	0.00114698331835548	CTT	0.000854123903070709	0.0305620305620305	5.6016980412596e-19	0	0.336346105812306	0	0.3627450980392157	1	C>T	1	0	tRNA	0.000231499	1
HCS-2062P2~chrM~7316~G~A	0	0.00117	0	0.238095238095238	0	0	0.0788504387252279	0.0788717904260404	0.023672655682223	1	0.699925368906835	-0.385421213	2.74759380941167e-43	11.6187450265879	0.317310507862914	0.240192230707631	0.0937562709133943	TGA	0.000631330358183857	0.0198135198135198	2.43131404589018e-05	0	0.687360296150454	0	0.08823529411764706	1	G>A	1	0	Complex IV	0.000231499	1
HCS-2062P2~chrM~8943~C~T	0	0.001036	0	0.428571428571428	0	0	0.993301528549857	0.992753486294177	0.563156890211994	1	0.508646964969808	0.660945968227832	1.00481784234544e-84	14.5622676234231	1	0	0.754482739270442	CTA	0.00754593335823256	0.013986013986014	5.67019310673704e-07	0	0.544795325125983	0	0.4117647058823529	1	C>T	1	0	Complex V	0.001659079	1
HCS-2063C6~chrM~11016~G~A	0	0.001452	0	0.428571428571428	0	0	2.58415028195158e-09	2.58415028195158e-09	0.102112237339843	1	0.765590350547207	0.298147812951928	1.00191728740057e-198	30.9627805452411	0.00120531431039089	3.6517620204031	0.0324615460512635	AGT	0.00113027576890914	0.0468790468790469	2.57262628619927e-36	0	0.338132326076317	0	0.17647058823529413	1	G>A	1	0	Complex I	0.006501273	1
HCS-2064P1~chrM~4736~T~C	0	0.001364	0	0.285714285714286	0	0	0.845996187647446	0.845996187647446	0.377022352701675	1	0.768446740313629	0.294407233332674	7.27799309868969e-48	11.196966100884	1	0	1	CTA	0.001239931345876	0.00699300699300699	0.0434446019858746	0	1	0	0.3137254901960784	1	T>C	1	0	Complex I	0.001388996	1
HCS-2064P1~chrM~6023~G~A	0	0.0013969999999999	0	0.714285714285714	0	0	0.0615184051150191	0.0615037283937885	0.00202927515091374	1	0.307977425773304	1.01947519006436	2.72653812842251e-58	8.85133190567387	1	0	9.96857194297358e-07	AAC	0.00071750757641015	0.00732600732600733	8.63065340936164e-13	0	2.35508366370967e-05	0	0.39215686274509803	1	G>A	1	0	Complex IV	0.007909561	1
HCS-2065C1~chrM~9168~C~T	0	0.001952	0	0.428571428571428	0	0	0.0159851571479295	0.0159851571479295	0.554759469254749	1	0.343291798826903	0.947681152277151	1.20818172094231e-47	10.9677633638487	0.317310507862914	0.327326835353989	0.796700415216954	TTA	0.00732866336056732	0.020979020979021	5.30169019777025e-10	0	1	0	0.35294117647058826	1	C>T	1	0	Complex V	0.000424415	0
HCS-2065C1~chrM~11590~A~G	0	0.001602	0	0.523809523809524	0	0	0.0848554718716031	0.0848554718716031	0.438967821329451	1	0.856440110668017	0.180907590672346	7.95817509729936e-35	4.22906575839743	1	0	1	TAC	0.000594431172339005	0.020979020979021	0.083490302663947	0	0.493270918665887	0	0.4019607843137255	1	A>G	1	0	Complex I	0.002025619	1
HCS-2065P1~chrM~1520~T~C	0	0.002931	0	0.238095238095238	0	0	0.261188404396541	0.261188404396541	0.824494182624994	1	0.00207273280002124	-3.079607893	1.44166046894183e-57	11.6446745548209	1	1.56669890360128	1	ATT	0.00816026396020335	0.0217560217560218	1.19836057943345e-05	0	0.324927391181856	0	0.4215686274509804	1	T>C	1	0	rRNA	0.000366541	1
HCS-2065P1~chrM~1556~C~T	0	0.00507	0	0.428571428571428	0	0	0.0860554772368782	0.0849867363064045	0.368684260779425	1	0.0306905768937995	2.1610616575497	3.93927684245516e-31	8.60558608033791	0.0384339302367817	0.814280384011852	0.588345272324729	ACA	0.00568503816135728	0.017418944691672	7.03403188750139e-35	0	0.589473197653701	0	0.7058823529411765	1	C>T	1	0	rRNA	0.0000772	0
HCS-2065P1~chrM~7146~A~G	0	0.00324	0	0.238095238095238	0	0	0.452316101544776	0.34132030720634	0.00336511559731464	1	0.175754014388017	1.35394472104461	4.41742856103338e-33	8.62410495069346	0.317310507862914	0.0194028500029066	0.844281988656023	CAC	0.00307779994300359	0.0640559440559441	2.6599028549233e-16	0	0.689457927880118	0	0.3333333333333333	1	A>G	1	0	Complex IV	0.047881781	1
HCS-2065P1~chrM~8677~A~C	0	0.001797	0	0.333333333333333	0	0	9.3117472897289e-05	9.3117472897289e-05	0.0186434331280654	1	0.106081304856137	-1.616060169	4.85165628489262e-75	15.2488999071607	0.320152541368419	1.0265483951994	0.00341175247635366	CAA	0.000634334473484707	0.0293131526008238	6.04055819505058e-49	0	0.0752348334852443	0	0.18627450980392157	1	A>C	0	1	Complex V	0.0000772	0
HCS-2065P1~chrM~8867~T~C	0	0.0031569999999999	0	0.428571428571428	0	0	0.00459244692162756	0.00458450728372413	0.283279442834784	1	0.877176491974999	-0.154549491	1.52479287407067e-44	7.40368298657503	0.0832645166635504	0.696990282963439	0.00135372123037853	ATT	0.00763136037986474	0.013986013986014	9.35873161597682e-15	0	2.899129693201e-06	0	0.00980392156862745	0	T>C	1	0	Complex V	0.000540165	1
HCS-2065P1~chrM~9168~C~T	0	0.001193	0	0.428571428571428	0	0	0.0163362079537528	0.0163362079537528	0.853663083684856	1	0.708012371194288	0.374526867667913	2.54372762058349e-56	12.8707462683392	1	0	0.223528853868017	TCA	0.00646277899496755	0.0454545454545455	0.185741764260511	0	0.236561915008738	0	0.35294117647058826	1	C>T	1	0	Complex V	0.000424415	0
HCS-2065P1~chrM~9329~G~C	0	0.002441	0	0.476190476190476	0	0	0.426157291373086	0.426157291373086	0.034270795804103	1	0.556481501489895	0.588075672238632	4.6589472263146e-23	5.87313783123473	1	0	0.00355927995583644	CGC	0.000563920206777355	0.021978021978022	4.68745465947706e-06	0	0.00595854822228808	0	0.27450980392156865	1	G>C	0	1	Complex IV	0.0000772	0
HCS-2066C3~chrM~1556~C~T	0	0.001387	0	0.428571428571428	0	0	0.00758916775095801	0.00760758207738096	0.419272823292175	1	0.0195594834596295	-2.334692632	7.75981144014344e-45	10.2889469070608	0.317310507862914	-0.018010954	0.223194990301781	ACA	0.00751688246092034	0.0148087206910736	9.18716974028305e-11	0	1	0	0.7058823529411765	1	C>T	1	0	rRNA	0.0000772	0
HCS-2066C3~chrM~4312~C~T	0	0.001611	0	0.428571428571428	0	0	0.0792468475614479	0.0792778549190192	0.81194801113168	1	0.495216902768019	0.682034868763755	1.37120124926628e-40	10.2625502656473	0.179712495	0.793884186037445	1	GTT	0.000863551217046893	0.0155400155400155	3.67383852496706e-07	0	0.748632862919103	0	0.2549019607843137	1	C>T	1	0	tRNA	0.032274867	1
HCS-2066C3~chrM~4456~C~T	0	0.001796	0	0.476190476190476	0	0	0.129717442158406	0.129717442158406	0.257390356968863	1	0.27338933293387	-1.095290626	7.61169777547957e-70	14.685776586045	0.0587817213553589	0.533333333333333	0.495120262159675	ACC	0.00788871119565077	0.0157342657342657	0.00234480958668251	0	0.503327881341761	0	0.4019607843137255	1	C>T	1	0	tRNA	0.000212208	1
HCS-2066C3~chrM~5498~A~G	0	0.001038	0	0.285714285714286	0	0	0.315807073824037	0.3159883984584	0.437782648422895	1	0.523472343866882	0.638002052708815	9.20467295723161e-87	21.8043050812301	0.276302917337483	0.679719964962948	0.0654318176708482	TGC	0.00105630507160143	0.0336538461538462	4.59314621598045e-12	0	0.221362147079297	0	0.10784313725490197	1	A>G	1	0	Complex I	0.000829539	1
HCS-2066C3~chrM~7521~G~A	0	0.001574	0	0.19047619047619	0	0	0.707913218119129	0.707913218119129	0.763032133299919	1	0.431219345159262	0.787106806671381	2.01623079877029e-103	17.3075492059114	0.317310507862914	0.64959835435292	0.710798142344595	GGT	0.000789371885513963	0.0489510489510489	1.82663386728153e-05	0	0.273024928721487	0	0.10784313725490197	1	G>A	1	0	tRNA	0.077224323	1
HCS-2066C3~chrM~8545~G~A	0	0.001058	0	0.333333333333333	0	0	0.00400527863836573	0.00400527863836573	0.528192942354239	1	0.0849141657109982	1.72285822892117	1.17180310375452e-30	10.1687166638973	1	0	0.296247570626236	CGC	0.000883236177353824	0.027972027972028	1.43405733182596e-10	0	0.428100025549491	0	0.17647058823529413	1	G>A	1	0	Complex V	0.002720117	1
HCS-2066P3~chrM~6023~G~A	0	0.0018609999999999	0	0.714285714285714	0	0	0.952864152033619	0.952864152033619	7.8620889707513e-05	1	0.0250111768750093	2.24123005664032	8.94421754686728e-41	9.0535133631541	0.705456986111273	-0.546963413	2.71776782538047e-05	AGC	0.000603121500694396	0.00772911299227089	3.47787393056207e-12	0	0.00503925385469372	0	0.39215686274509803	1	G>A	1	0	Complex IV	0.007909561	1
HCS-2066P3~chrM~7868~C~T	0	0.002297	0	0.523809523809524	0	0	0.768667645235694	0.768962207757712	0.0225493491727475	1	0.0957387729407152	1.66587269605214	2.05279183817968e-95	14.6653054028681	0.317310507862914	-0.612372436	0.0175566741232225	CCT	0.000489579444361812	0.0118881118881119	1.08283764066072e-07	0	1	0	0.3333333333333333	1	C>T	1	0	Complex IV	0.000347249	1
HCS-2066P3~chrM~8677~A~C	0	0.002858	0	0.333333333333333	0	0	0.774257759493088	0.773516865767951	0.00223813437890753	1	0.0122789781807509	2.50402377766202	1.52180029151385e-81	16.8240674237436	0.00628157417610122	0.964874664489016	0.0194194121481926	CAA	0.00382649135705356	0.0272359219727641	1.43824683663672e-37	0	8.09127493633411e-05	0	0.18627450980392157	1	A>C	0	1	Complex V	0.0000772	0
HCS-2066P3~chrM~8718~A~G	0	0.001991	0	0.428571428571428	0	0	0.0242952060254337	0.024317550188178	1.33774195793102e-05	1	0.84361113272758	-0.197276545	4.06888099143623e-95	17.1739993674306	0.00581981695400985	1.77518482172453	0.0128675526366489	AGG	0.00779687602117475	0.0283500283500284	1.87733475430893e-25	0	0.41460904780163	0	0.2647058823529412	1	A>G	1	0	Complex V	0.002488618	1
HCS-2066P3~chrM~9329~G~C	0	0.001198	0	0.476190476190476	0	0	0.45482721800049	0.453973295103949	0.00216039883437587	1	0.453973295103949	0.748807406317084	4.79408147374539e-46	7.65112423022468	1	0	0.000150815556779123	CGC	0.000667340707582158	0.020979020979021	4.61993823345987e-08	0	0.000921226525673588	0	0.27450980392156865	1	G>C	0	1	Complex IV	0.0000772	0
HCS-2067P1~chrM~4621~G~A	0	0.00164	0	0.428571428571428	0	0	4.68206604090846e-07	4.7769348981205e-07	0.833440104809087	1	0.441028192242636	-0.770458114	8.98395569343172e-60	11.1176609889641	0.157299207050285	0.444860440779662	0.616778209132617	CGT	0.00497834235514276	0.00796425796425797	7.5770411729415e-05	0	0.868407161170474	0	0.0196078431372549	0	G>A	1	0	Complex I	0	0
HCS-2068C1~chrM~7406~C~T	0	0.002297	0	0.666666666666667	0	0	0.661245044571192	0.661245044571192	0.565661538566062	1	0.414136561919141	-0.816635849	7.25702323626562e-49	16.0973383133691	1	0.43915503282684	0.149064410434604	CTT	0.000982390531084125	0.00699300699300699	2.52396574256729e-05	0	0.501503799125438	0	0.06862745098039216	1	C>T	1	0	Complex IV	0.00011575	0
HCS-2068C1~chrM~11016~G~A	0	0.001372	0	0.428571428571428	0	0	0.298490991975685	0.298490991975685	0.981653975760976	1	0.77580633054306	-0.284788308	2.14402403499722e-123	22.7995158964084	0.785494747118354	-0.25819889	0.714805815157044	AGT	0.00643477047311887	0.0445804195804196	1.27075306100736e-06	0	0.167016225140215	0	0.17647058823529413	1	G>A	1	0	Complex I	0.006501273	1
HCS-2070C1~chrM~4736~T~C	0	0.001342	0	0.285714285714286	0	0	0.553441705198683	0.553347033983947	0.998218842735368	1	0.816355096658427	-0.232235512	4.0133675664034e-59	15.5808394109437	0.256839257957857	0.763056773181226	0.819430692034087	CTA	0.00319416721627444	0.0125138019874862	9.52003966088907e-10	0	0.0631883375151348	0	0.3137254901960784	1	T>C	1	0	Complex I	0.001388996	1
HCS-2070C1~chrM~5840~C~T	0	0.001452	0	0.476190476190476	0	0	0.51115092423827	0.511250649797413	0.352981391688993	1	0.573340558715988	-0.563138527	3.60356314728154e-49	12.1975224053193	0.179712495	1.25988157669742	0.422895140444404	CCT	0.000716660059162579	0.013986013986014	1.3583404928334e-10	0	1	0	0.3627450980392157	1	C>T	1	0	tRNA	0.000231499	1
HCS-2070C1~chrM~6023~G~A	0	0.00214	0	0.714285714285714	0	0	0.638998946490996	0.638705696919734	0.00594897068373916	1	0.564519707776528	0.576141255749713	7.16860708817237e-59	11.9839882173964	1	1.10554159678513	0.177886357869229	AAC	0.000669646467641845	0.00725200725200726	3.60571838867791e-16	0	0.121476874051807	0	0.39215686274509803	1	G>A	1	0	Complex IV	0.007909561	1
HCS-2070C1~chrM~6266~A~C	0	0.001664	0	0.666666666666667	0	0	0.165949887015057	0.165864436282706	0.711462129375045	1	0.214151755275375	1.24222988783859	2.27906831654924e-33	8.78622813329297	1	0	0.796941807961496	GAG	0.000701599230320473	0.0228438228438228	2.13522571542638e-11	0	0.79891149840971	0	0.08823529411764706	1	A>C	0	1	Complex IV	0.0000965	1
HCS-2070C1~chrM~7146~A~G	0	0.002002	0	0.238095238095238	0	0	0.117889375624194	0.120042746349773	0.00402179101172345	1	0.854103729259015	0.183884927543082	6.19126128789497e-36	9.57253843112633	0.438578026	0.586109648440553	0.259251766032114	CAC	0.00352995472178206	0.0315581854043393	4.68615860084814e-22	0	0.107068637764729	0	0.3333333333333333	1	A>G	1	0	Complex IV	0.047881781	1
HCS-2070C1~chrM~7705~T~C	0	0.0031119999999999	0	0.476190476190476	0	0	0.873738565681585	0.873968159356722	0.48081754813297	1	0.923082661001818	0.0965513902666543	3.51823355713977e-52	11.8798439494949	0.0258442619955388	1.40425067987164	0.72931606176139	ATG	0.000567194612369155	0.0238140238140238	1.18463296333671e-25	0	0.74510028976534	0	0.23529411764705882	1	T>C	1	0	Complex IV	0.003800448	1
HCS-2070C1~chrM~8140~C~T	0	0.002248	0	0.571428571428571	0	0	0.960263807122442	0.960503563293189	0.0486897507395608	1	0.202356229803089	-1.274867258	4.95742412103475e-71	14.7907979438548	0.738882680363527	1.22999449466587	0.843818738793634	CCG	0.00343441377563929	0.0288111888111888	8.88139644020072e-18	0	0.424931275733976	0	0.27450980392156865	1	C>T	1	0	Complex IV	0.00071379	1
HCS-2070C1~chrM~8392~G~A	0	0.001791	0	0.523809523809524	0	0	0.709130714233853	0.708895451212136	0.131319034495879	1	0.811523348195394	0.238461273681529	2.6818225226715e-49	14.1520071990314	0.157299207050285	1.69932355211106	0.765225743644888	GGC	0.0131793459066181	0.0108073744437381	0.0541143781415994	0	0.5543169787361	0	0.21568627450980393	1	G>A	1	0	Complex V	0.007716645	1
HCS-2070C1~chrM~8503~T~C	0	0.002391	0	0.0952380952380952	0	0	0.520777850202588	0.520777850202588	0.440248788260502	1	0.35662699663764	-0.92181133	1.82352924093063e-19	11.3221090413805	0.0860403957845676	1.16350762782201	0.397826670956373	ATT	0.00751152937330625	0.0305694305694306	1.71894906433927e-22	0	0.500318063668802	0	0.10784313725490197	1	T>C	1	0	Complex V	0.001890578	1
HCS-2070C1~chrM~8677~A~C	0	0.001398	0	0.333333333333333	0	0	0.669719564477053	0.669543894252485	0.475237167031355	1	0.714856673497183	-0.365341272	2.23787397155393e-66	16.3401989349091	0.189783401216727	1.33870846373555	1	CAA	0.0104071752423396	0.0288111888111888	3.93521867962446e-16	0	0.426291136276321	0	0.18627450980392157	1	A>C	0	1	Complex V	0.0000772	0
HCS-2070C1~chrM~9168~C~T	0	0.00231	0	0.428571428571428	0	0	0.0996542760014272	0.0995830844373211	0.671117760913168	1	0.255128606735577	1.13798054363611	1.34638048734648e-54	13.9770878093771	0.179712495	0.818587484686561	0.114842084593966	TCA	0.000853518310993687	0.0573426573426574	1.11774833402222e-14	0	0.115030748350024	0	0.35294117647058826	1	C>T	1	0	Complex V	0.000424415	0
HCS-2070C1~chrM~9329~G~C	0	0.002521	0	0.476190476190476	0	0	0.711245758705695	0.711354674549499	0.119852947418467	1	0.187851823780786	1.31696062356685	4.68250706010167e-36	8.06179175832643	0.0587817213553589	0.90913729009699	0.254391223920958	CGC	0.0144064498831017	0.0364635364635365	1.15106993391593e-17	0	0.850793229358681	0	0.27450980392156865	1	G>C	0	1	Complex IV	0.0000772	0
HCS-2070P1~chrM~5821~G~A	0	0.00212	0	0.476190476190476	0	0	0.0030576612395938	0.0030739153559278	0.00708594989666701	1	0.0287405995841123	2.18702636204043	2.55144070606713e-51	9.2070226060183	0.317310507862914	-0.585540044	0.204351817977668	CGG	0.00110443448766801	0.011517893870835	5.27488853451434e-11	0	6.97832608886646e-06	0	0.4411764705882353	1	G>A	1	0	tRNA	0.00646269	1
HCS-2070P1~chrM~5840~C~T	0	0.001746	0	0.476190476190476	0	0	0.00201487948755484	0.00201951831914074	0.0327407277437463	1	0.339208969157205	0.955729391713331	1.81075626834245e-44	9.26823191406492	1	0	0.496763742772432	CCT	0.00109353108020366	0.0147630147630148	4.29383630119867e-07	0	0.0199280015141142	0	0.3627450980392157	1	C>T	1	0	tRNA	0.000231499	1
HCS-2070P1~chrM~6023~G~A	0	0.002111	0	0.714285714285714	0	0	0.344851243665609	0.344851243665609	0.474932257666336	1	0.00248535767519669	-3.025118454	1.76388355645577e-71	9.78877441861113	0.317310507862914	0.135850023855518	1	AGC	0.0006268908396568	0.00826446280991736	1.06573358070589e-07	0	0.382607968355093	0	0.39215686274509803	1	G>A	1	0	Complex IV	0.007909561	1
HCS-2070P1~chrM~6221~T~C	0	0.001375	0	0.571428571428571	0	0	0.00027920758131106	0.00027920758131106	6.03072517932667e-13	1	0.0695548281860849	1.8147988436482	7.9889798543232e-62	10.7872301270532	0.317310507862914	-0.168738915	4.2077955560134e-11	CTC	0.000612585384158992	0.00846521899153479	4.20866940380734e-23	0	0.514899920330582	0	0.20588235294117646	1	T>C	1	0	Complex IV	0.02872521	1
HCS-2070P1~chrM~8655~C~T	0	0.001271	0	0.523809523809524	0	0	0.0895721597847427	0.0895721597847427	0.0410555595014346	1	0.75797592510551	-0.308139843	9.00788554294958e-91	17.5300896806258	0.0139554072838244	1.64730947976971	0.237659919109673	TTA	0.00873823930818711	0.0272280910578783	2.05607889504135e-27	0	0.302471042112678	0	0.21568627450980393	1	C>T	1	0	Complex V	0.049058569	1
HCS-2070P1~chrM~8677~A~C	0	0.001241	0	0.333333333333333	0	0	0.0384310183115557	0.0384310183115557	0.0276548138273076	1	0.360851969929943	0.913742873950808	5.388499759899e-77	17.7443899198016	0.157299207050285	-0.461538462	0.777221862060597	CAA	0.0109330615403486	0.0247444862829478	1.38945420536915e-06	0	0.782222590188783	0	0.18627450980392157	1	A>C	0	1	Complex V	0.0000772	0
HCS-2070P1~chrM~9434~A~G	0	0.001576	0	0.523809523809524	0	0	0.831698393805977	0.829720611843427	0.00223442009901526	1	0.920238703008603	0.100133042527296	1.49110878071595e-54	10.8165361962815	0.317310507862914	-0.110281162	0.104074706935212	AAA	0.00229055796346073	0.0211630474788369	1.92286497708114e-25	0	0.629460723995744	1	0.30392156862745096	1	A>G	1	0	Complex IV	0.0000772	1
HCS-2070P1~chrM~11662~T~C	0	0.001242	0	0.380952380952381	0	0	0.0935754152128158	0.0935754152128158	0.912192429332427	1	0.907091556986264	0.116707865653241	4.82752915733371e-25	4.84635356061374	1	0	0.490742029792566	TTC	0.000950316739790414	0.020979020979021	0.0844301545490152	0	0.49575386328832	0	0.24509803921568626	1	T>C	1	0	Complex I	0.000270083	1
HCS-2073Pk~chrM~1284~T~C	0	0.010099	0	0.476190476190476	0	0	0.72180955400389	0.72180955400389	0.860009949824938	1	0.00154839486563598	-3.165457112	3.91238135638626e-52	13.7349406139894	0.0840233697356919	1.39030611538503	0.439689220609965	ACG	0.00104079456306177	0.0258821638131983	3.7472637420971e-110	0	0.817256610942982	0	0.38235294117647056	1	T>C	1	0	rRNA	0.000655915	1
HCS-2073Pk~chrM~1292~A~G	0	0.009048	0	0.428571428571428	0	0	0.000256957571815068	0.000261259340775218	0.359743426151088	0.99662051001811	0.00528799619152662	-2.788945506	3.62738029780546e-81	17.465619856737	0.203701449415613	1.40774479959977	0.266225913577567	TGC	0.00110830004137472	0.0253709704929217	1.06444897233559e-104	-0.001163919	1	0	0.29411764705882354	1	A>G	1	0	rRNA	0.0000772	0
HCS-2073Pk~chrM~1520~T~C	0	0.004732	0	0.238095238095238	0	0	0.94245871044283	0.942374670631605	0.546545698777162	1	0.0154616691882218	-2.421380842	1.33324584657757e-60	14.5779598785827	0.763024600552995	0.260989078956978	0.641183745049009	ACT	0.00611579717812543	0.0144976974245267	7.20198119649412e-16	0	0.119440356382893	0	0.4215686274509804	1	T>C	1	0	rRNA	0.000366541	1
HCS-2073Pk~chrM~1556~C~T	0	0.005832	0	0.428571428571428	0	0	9.65255631499584e-06	9.65954181500013e-06	0.0287155834783744	1	0.380991528174226	0.876070832231953	1.67188146684228e-21	9.2760585243782	0.425507503211244	0.635723630137231	0.0250273736888564	ATA	0.00279054141137381	0.020830233596191	2.22802535012317e-30	0	0.560798999430495	0	0.7058823529411765	1	C>T	1	0	rRNA	0.0000772	0
HCS-2073Pk~chrM~4456~C~T	0	0.004028	0	0.476190476190476	0	0	0.157855812888942	0.157878813251391	0.119454280281815	1	0.0315110739857637	-2.150558372	1.86218381196358e-42	10.6990283759453	0.179712495	0.525884991156284	1	ACC	0.000783264253777625	0.00762873490146218	3.39239669534639e-13	0	0.285153317700872	0	0.4019607843137255	1	C>T	1	0	tRNA	0.000212208	1
HCS-2073Pk~chrM~4736~T~C	0	0.001566	0	0.285714285714286	0	0	0.920356877793243	0.920356877793243	0.0831345042465548	1	0.829703179024495	0.215082267295217	1.2822747664853e-68	12.4544524090474	0.125	1.54303349962092	0.322972544587391	CTA	0.00930897363068257	0.0132090132090132	0.191686070959873	0	0.0193633754422992	0	0.3137254901960784	1	T>C	1	0	Complex I	0.001388996	1
HCS-2073Pk~chrM~5320~C~T	0	0.001222	0	0.523809523809524	0	0	0.0199509824069172	0.0198874444372078	0.876776910391426	1	0.668184902870555	0.428640451103096	1.11552142113642e-59	14.7945110345207	0.343776755298358	0.526361355967815	0.733573543513314	ATC	0.00112848217356413	0.0077922077922078	1.89775878119178e-18	0	0.311372515504296	0	0.23529411764705882	1	C>T	1	0	Complex I	0.0000965	1
HCS-2073Pk~chrM~5821~G~A	0	0.003149	0	0.476190476190476	0	0	0.0628802251425559	0.0723952536037465	0.203751723209499	1	0.0337598243865536	-2.122928732	9.18781191443251e-27	9.65381741215312	0.257899035292339	0.653791891414923	0.106265832969939	CAG	0.00105222255308182	0.0201313837677474	6.50600228724692e-22	0	0.605946092786258	0	0.4411764705882353	1	G>A	1	0	tRNA	0.00646269	1
HCS-2073Pk~chrM~5840~C~T	0	0.0028179999999999	0	0.476190476190476	0	0	0.0110562439061158	0.0110826259115592	0.122620551187613	1	0.56568283345436	-0.574421166	6.28002367404271e-20	9.04577422952396	0.441418326782054	0.641440330163284	0.0292967741941635	CTT	0.000979153297034089	0.0185583647122109	2.66371254244462e-18	0	0.84504237848174	0	0.3627450980392157	1	C>T	1	0	tRNA	0.000231499	1
HCS-2073Pk~chrM~6023~G~A	0	0.0034739999999999	0	0.714285714285714	0	0	0.00891784675977415	0.00892115771715557	0.586507886903937	1	0.891767241430183	-0.136068358	7.63048938753733e-41	10.7168302118359	0.521197686633656	0.8553372034477	0.0907221553720694	AAC	0.000868473261111296	0.00777000777000776	4.03334593745984e-43	0	0.0339941665474454	0	0.39215686274509803	1	G>A	1	0	Complex IV	0.007909561	1
HCS-2073Pk~chrM~6242~C~T	0	0.002336	0	0.523809523809524	0	0	0.000713941032088431	0.000710485839319761	0.282795552439381	1	0.699386110583562	-0.386149285	2.99838649289553e-60	12.8373429190455	0.0291759456515622	1.33719181773138	0.733488036101668	TCG	0.000748748570464391	0.0206010206010206	9.54976194380177e-26	0	0.189383108059661	0	0.23529411764705882	1	C>T	1	0	Complex IV	0.0000965	1
HCS-2073Pk~chrM~6266~A~C	0	0.00199	0	0.666666666666667	0	0	0.0144568223740382	0.0144523279563363	0.534838491096608	1	0.204025704091912	-1.270165444	3.54218119298353e-49	10.9684360216532	0.0913528647842834	1.78338617518804	0.593911724043211	GAG	0.000708152606886789	0.024653312788906	5.28325307269362e-40	0	0.697449155616888	0	0.08823529411764706	1	A>C	0	1	Complex IV	0.0000965	1
HCS-2073Pk~chrM~6935~C~T	0	0.002343	0	0.380952380952381	0	0	0.00287784959214364	0.00287912378945366	0.01461831490393	1	0.967285158292048	0.0410134688696673	3.94237605961319e-54	13.9304537135513	0.763024600552995	0.628144264792177	0.158833740175404	TTA	0.00125948213058277	0.0142657342657343	4.4945609075561e-17	0	0.690132663239594	0	0.2549019607843137	1	C>T	1	0	Complex IV	0.000424415	1
HCS-2073Pk~chrM~6938~C~T	0	0.002595	0	0.285714285714286	0	0	0.00067710591756156	0.000677512135282822	0.839989451229802	1	0.0177642504112087	-2.370495703	6.1028190286884e-52	14.0415201527772	0.512957821744318	1.04966501840527	0.807613477853853	TTT	0.000812437022383951	0.0385643767996709	2.3234286297653e-45	0	0.39477930082142	0	0.21568627450980393	1	C>T	1	0	Complex IV	0.002372868	1
HCS-2073Pk~chrM~7146~A~G	0	0.004592	0	0.238095238095238	0	0	0.137520823432939	0.142197581780282	0.691376814042379	1	0.159707607447688	-1.406055626	6.98564671557766e-32	11.90330721	0.157299207050285	0.383919543444338	0.597421131102871	CGC	0.00156022294087646	0.0183566433566434	1.99308012677104e-19	0	0.726844985163318	0	0.3333333333333333	1	A>G	1	0	Complex IV	0.047881781	1
HCS-2073Pk~chrM~7232~C~T	0	0.006373	0	0.571428571428571	0	0	0.0710537714502783	0.0710870869616576	0.340245984910384	1	0.573235697710253	-0.563292539	1.32026100485315e-26	11.5689961057455	1	0.687838139345765	0.0232293071605602	ATC	0.000847281317530844	0.0150143973673386	3.71480862059707e-23	0	0.608864083308241	0	0.28431372549019607	1	C>T	1	0	Complex IV	0.00011575	0
HCS-2073Pk~chrM~7256~C~T	0	0.004533	0	0.380952380952381	0	0	0.597246928520012	0.615397439215393	0.268606262573746	1	0.229416617800568	-1.201862984	5.48530144577734e-23	10.9476410729736	0.654720846018577	0.929669680201368	0.0438803966812346	ATA	0.000773157595968192	0.0253080253080253	3.30072229024236e-15	0	0.827537690045928	0	0.13725490196078433	1	C>T	1	0	Complex IV	0.074291998	1
HCS-2073Pk~chrM~7810~C~T	0	0.002058	0	0.619047619047619	0	0	0.286268074065956	0.286227508511408	0.680832466179417	1	0.903535886489436	0.12119588108334	9.43223727397381e-48	13.4630870692623	0.317310507862914	0.215410109213832	0.552846053347466	TCA	0.000654926594168017	0.0116550116550117	1.21987837119933e-08	0	0.774403546531453	0	0.35294117647058826	1	C>T	1	0	Complex IV	0.000270083	1
HCS-2073Pk~chrM~7868~C~T	0	0.001852	0	0.523809523809524	0	0	0.0385085943118973	0.0384939311124923	0.244094972310572	1	0.424949363286478	0.797864091712146	2.98228494448935e-58	13.0819016188007	0.469798882533601	0.255240583509629	0.293813712921729	CCT	0.000762851439230215	0.0216147488874762	5.41064673696025e-23	0	0.862906587540707	0	0.3333333333333333	1	C>T	1	0	Complex IV	0.000347249	1
HCS-2073Pk~chrM~8021~A~G	0	0.003149	0	0.571428571428571	0	0	3.25736032978215e-05	3.25736032978215e-05	0.02251604232813	1	0.0512521389464841	-1.949362589	1.57728636374009e-51	13.6442381868043	0.559815592507998	0.795918585382841	0.147557510942024	GAT	0.0010731456043956	0.0423861852433281	5.73656083835989e-31	0	0.251750405720786	0	0.3137254901960784	1	A>G	1	0	Complex IV	0.000154333	1
HCS-2073Pk~chrM~8065~G~A	0	0.003044	0	0.476190476190476	0	0	0.0707250537845945	0.0707314735256891	0.344045720240543	1	0.0328396873118997	-2.134037793	1.7225632395651e-47	13.8429772122395	0.747104174909492	0.330641479802963	0.902831768403828	TAC	0.00102996707142808	0.0510078157136981	9.58410149218024e-45	0	0.2218815615394	0	0.3431372549019608	1	G>A	1	0	Complex IV	0.001022455	1
HCS-2073Pk~chrM~8943~C~T	0	0.00272	0	0.428571428571428	0	0	0.76226855446361	0.76226855446361	0.0868601025310261	1	0.0113880201458428	2.53056124532673	3.86395915645997e-45	12.3386417628829	1	0	1	CCA	0.0057933644531958	0.0125874125874126	3.9100026435942e-05	0	0.118136631480351	0	0.4117647058823529	1	C>T	1	0	Complex V	0.001659079	1
HCS-2073Pk~chrM~9075~C~T	0	0.002447	0	0.333333333333333	0	0	0.00460997858737222	0.00460997858737222	0.000135215440924036	1	0.0818396108734178	1.74011053427813	9.74967085163995e-65	14.7693926105172	0.252150700422779	1.11940180821941	0.00020979149163972	CTA	0.00116690465907736	0.0177220040233739	4.90909256513035e-48	0	0.289130723667156	0	0.35294117647058826	1	C>T	1	0	Complex V	0.000154333	0
HCS-2073Pk~chrM~9168~C~T	0	0.001722	0	0.428571428571428	0	0	0.979788363252347	0.979876221257429	0.0243366747376088	1	0.387704674608028	-0.863787429	1.59040254920706e-81	16.851632291202	0.317310507862914	1.01904933073014	0.0712233209232862	TCA	0.000835887784582656	0.00961538461538462	8.4293089313003e-06	0	0.50036914757493	0	0.35294117647058826	1	C>T	1	0	Complex V	0.000424415	0
HCS-2073Pk~chrM~9329~G~C	0	0.00221	0	0.476190476190476	0	0	0.381144557798042	0.381096381138572	0.817253204902333	1	0.963815048418835	-0.045366668	1.69550012725372e-62	15.5130708490861	0.317310507862914	0.285773803324704	0.362496126934776	CGC	0.00152858799231854	0.0454545454545455	4.64528117649846e-08	0	0.534008673919809	0	0.27450980392156865	1	G>C	0	1	Complex IV	0.0000772	0
HCS-2073Pk~chrM~11455~C~T	0	0.001148	0	0.476190476190476	0	0	0.265454386324755	0.265546058500606	0.614494953192579	1	0.576087020086099	0.559109458319816	2.48061968244643e-44	13.860320419184	0.0196306572572907	1.66437571483921	1	CCG	0.000820132632809264	0.053030303030303	1.01518176799263e-16	0	0.684873537298748	0	0.10784313725490197	1	C>T	1	0	Complex I	0.00011575	1
HCS-2073Pk~chrM~11557~A~G	0	0.001179	0	0.380952380952381	0	0	0.10109613166864	0.101064185699991	0.0712475619090692	1	0.00172836943950783	3.13332670719267	1.28153468205358e-68	14.5975127980774	0.414216178242525	0.238829381953332	0.266923410055976	TAT	0.000847384637611103	0.0244755244755245	1.13393663972667e-14	0	0.657559978426257	0	0.27450980392156865	1	A>G	1	0	Complex I	0.000212208	1
HCS-2073Pk~chrM~16234~C~T	0	0.001034	0	0.380952380952381	0	0	0.512492265612169	0.512556866647107	0.375478739325127	1	0.673909193732151	0.420788960313111	7.60322218397141e-54	13.1419732815181	0.414216178242525	0.395628284037472	0.393868553876291	ACA	0.0191173102565509	0.0268065268065268	1.24689881914616e-05	0	0.146057986718797	0	0.058823529411764705	0	C>T	1	0	Dloop	0.030905162	1
HCS-2074Ck~chrM~1106~C~T	0	0.002092	0	0.428571428571428	0	0	0.00288677834403862	0.00288677834403862	0.050237705546456	1	0.438662453095476	0.774453843761309	4.71353405953738e-79	14.2065175975814	0.022949709411096	1.3616328865179	0.040281394295839	CCT	0.000561582837294001	0.0438228438228438	3.93473152865617e-21	0	0.58377395705897	0	0.3235294117647059	1	C>T	1	0	rRNA	0.000270083	1
HCS-2074Ck~chrM~1120~C~T	0	0.00316	0	0.285714285714286	0	0	0.00129625860341061	0.00129625860341061	0.991633915824954	1	0.757730848562589	-0.308461951	2.76231868507315e-85	15.5077793761591	0.102470434859749	0.614997247332934	0.160686332570886	TCA	0.000740970838478969	0.0254545454545454	9.25774323530957e-18	0	0.552531322999495	0	0.5392156862745098	1	C>T	1	0	rRNA	0.000540165	1
HCS-2074Ck~chrM~1556~C~T	0	0.002195	0	0.428571428571428	0	0	0.201759904963317	0.201823843669571	0.704659480720408	1	0.14903001404037	1.44296612492795	1.06309283201543e-35	11.5923775009523	0.0832645166635504	0.44035242296399	0.642803179957472	ACA	0.00228647407678945	0.0182595182595183	9.33959534605075e-13	0	1	0	0.7058823529411765	1	C>T	1	0	rRNA	0.0000772	0
HCS-2074Ck~chrM~5147~G~A	0	0.001531	0	0.619047619047619	0	0	0.195027762281797	0.195027762281797	0.763021454012675	1	0.608310213460811	-0.512487004	1.54063557195984e-75	13.4109270848341	0.317310507862914	0.339683110243379	0.728911815400719	CGA	0.00069086032429797	0.00699300699300699	8.81083615422773e-06	0	1	0	0.45098039215686275	1	G>A	1	0	Complex I	0.042152172	1
HCS-2074Ck~chrM~9168~C~T	0	0.001042	0	0.428571428571428	0	0	0.161496890037049	0.161496890037049	0.680945767144616	1	0.72586364879045	-0.350633063	2.17998801989187e-59	16.4821772311206	0.317310507862914	0.580947501931113	0.678022962346209	TTA	0.000593816254153361	0.048951048951049	0.000184360630725694	0	1	0	0.35294117647058826	1	C>T	1	0	Complex V	0.000424415	0
HCS-2074Pk~chrM~1106~C~T	0	0.005405	0	0.428571428571428	0	0	0.89307499432359	0.89307499432359	0.311170881926779	1	0.0124095254434083	2.50027979432396	9.14803937079526e-18	7.62668942255349	1	0.433343442917428	0.386210299031487	CCT	0.00175230801680919	0.0389610389610389	6.46624852897787e-15	0	0.389777819451282	0	0.3235294117647059	1	C>T	1	0	rRNA	0.000270083	1
HCS-2074Pk~chrM~1120~C~T	0	0.007194	0	0.285714285714286	0	0	0.0754587226890266	0.0754587226890266	0.868950314459932	1	0.0813290489598798	1.74302613943713	9.46035120023885e-17	7.7509005	0.710874966312467	0.281463125876322	1	TCA	0.00180389125112745	0.0180345969819654	4.10573600695294e-12	0	1	0	0.5392156862745098	1	C>T	1	0	rRNA	0.000540165	1
HCS-2074Pk~chrM~1284~T~C	0	0.0068969999999999	0	0.476190476190476	0	0	0.0012730065002779	0.0012730065002779	0.0815134642954281	1	0.0910239999590817	1.69002067157408	5.39332521731964e-13	6.6532768875002	0.516412268396038	0.216711667588688	0.227904790565502	ACG	0.00197249065502114	0.0382558617852736	8.40381956006979e-23	0	0.389779587651992	0	0.38235294117647056	1	T>C	1	0	rRNA	0.000655915	1
HCS-2074Pk~chrM~1292~A~G	0	0.005654	0	0.428571428571428	0	0	0.00740212350056858	0.00740212350056858	0.320702256684662	1	0.487400257094708	0.694449664451615	1.3011894789626e-17	8.32741696103746	0.317310507862914	0.390651629527094	0.843744649477962	TGC	0.00230460838327348	0.0301237224314147	7.42663449392015e-18	0	0.695149047287942	0	0.29411764705882354	1	A>G	1	0	rRNA	0.0000772	0
HCS-2074Pk~chrM~1556~C~T	0	0.0034839999999999	0	0.428571428571428	0	0	0.857854206556034	0.857854206556034	0.558103054349385	1	0.259694693176309	-1.127113034	1.42645360102656e-12	7.08522084297582	0.317310507862914	0.543400095422071	0.235243033392705	ATA	0.00297287253808993	0.020979020979021	1.33786553373326e-07	0	0.370717156364744	0	0.7058823529411765	1	C>T	1	0	rRNA	0.0000772	0
HCS-2074Pk~chrM~5147~G~A	0	0.003313	0	0.619047619047619	0	0	0.886416464926372	0.886416464926372	0.877352500527534	1	0.609021413610815	-0.511470823	1.05429248910814e-19	8.16031393512526	1	0.142857142857143	1	CGA	0.00198221167662687	0.013986013986014	6.61052117412678e-05	0	0.455381914508387	0	0.45098039215686275	1	G>A	1	0	Complex I	0.042152172	1
HCS-2074Pk~chrM~6023~G~A	0	0.00334	0	0.714285714285714	0	0	0.336777435024039	0.336777435024039	0.254829675101821	1	0.0203857250398415	2.31917176004466	1.89655486190896e-35	10.5347244500336	0.157299207050285	0.521428913552089	1	AAC	0.00179474991932366	0.00914470145239376	3.3774616196446e-07	0	1	0	0.39215686274509803	1	G>A	1	0	Complex IV	0.007909561	1
HCS-2074Pk~chrM~6221~T~C	0	0.00345	0	0.571428571428571	0	0	0.0880979874041816	0.0880979874041816	0.306231139121853	1	0.253213810138934	-1.142578082	7.10388431378052e-22	8.68561659706344	1	0.319801074533416	0.247860418284754	CCC	0.0022152073987927	0.0361305361305361	6.87072632520871e-09	0	0.387999339967364	0	0.20588235294117646	1	T>C	1	0	Complex IV	0.02872521	1
HCS-2074Pk~chrM~6242~C~T	0	0.003353	0	0.523809523809524	0	0	0.591596085026634	0.591596085026634	0.619854013569896	1	0.479051520940062	-0.707828894	7.04782606769535e-20	8.21509762959314	1	0.227921152919276	0.37461687725714	TTG	0.00223310185128996	0.0381436745073109	2.68557468110771e-08	0	0.548323570478033	0	0.23529411764705882	1	C>T	1	0	Complex IV	0.0000965	1
HCS-2074Pk~chrM~6266~A~C	0	0.0029509999999999	0	0.666666666666667	0	0	0.358308567327515	0.358308567327515	0.727883095012063	1	0.38052285631234	-0.876933321	1.80564828222815e-16	7.92633370980237	1	0.462910049886276	0.777791577185321	GCG	0.00232126954465157	0.039044289044289	2.29817753289472e-09	0	0.263316830926941	0	0.08823529411764706	1	A>C	0	1	Complex IV	0.0000965	1
HCS-2074Pk~chrM~7810~C~T	0	0.002363	0	0.619047619047619	0	0	0.212746859376887	0.212746859376887	0.351417487984315	1	0.33502315211219	0.964045425346496	3.83736815159594e-28	9.63535686778839	0.317310507862914	-0.210042013	0.297663455481499	TCA	0.00202929061989463	0.0157342657342657	5.46134529753282e-06	0	0.175806676928106	0	0.35294117647058826	1	C>T	1	0	Complex IV	0.000270083	1
HCS-2074Pk~chrM~8943~C~T	0	0.002146	0	0.428571428571428	0	0	0.793013376662168	0.793013376662168	0.90131550065071	1	0.368908461150202	0.898519861841116	6.19947553678233e-28	9.29106992485429	0.317310507862914	0.289318781178922	0.00874361741905974	CCA	0.004394902110192	0.0148601398601399	0.000933045087450246	0	1	0	0.4117647058823529	1	C>T	1	0	Complex V	0.001659079	1
HCS-2074Pk~chrM~9075~C~T	0	0.001979	0	0.333333333333333	0	0	0.281722623187825	0.281722623187825	0.316367275681533	1	0.982573182029805	-0.021843014	1.79040545008028e-30	10.1028785629903	0.157299207050285	0.850420064270761	0.455679881900911	CTA	0.00179872025476955	0.016983016983017	7.24704685099133e-06	0	0.2798570855835	0	0.35294117647058826	1	C>T	1	0	Complex V	0.000154333	0
HCS-2074Pk~chrM~9168~C~T	0	0.002513	0	0.428571428571428	0	0	0.932560732927252	0.932560732927252	0.307453292713514	1	0.980122543321412	-0.024915275	2.28375035017935e-36	11.5885522331365	0.157299207050285	0.771516749810459	0.777204103032629	TCA	0.0017498011589592	0.0168997668997669	1.86212257073864e-07	0	0.040715907393958	0	0.35294117647058826	1	C>T	1	0	Complex V	0.000424415	0
HCS-2076P1k~chrM~4048~G~A	0	0.001241	0	0.428571428571428	0	0	0.148968552542167	0.148968552542167	0.921964707719051	1	0.810376902136106	0.239939830759168	1.21659215422951e-93	16.7679128234458	0.853923299287067	0.289318781178922	0.726407621359305	TAA	0.0100555519247104	0.0183566433566434	0.002797239191623	0	0.50403181353176	0	0.2647058823529412	1	G>A	1	0	Complex I	0.01711166	1
HCS-2076P1k~chrM~4126~C~T	0	0.001127	0	0.333333333333333	0	0	0.0844466713784783	0.0844466713784783	0.871592065351411	1	0.270488950824262	1.10193725469528	5.15942671496102e-47	12.5789319936767	1	0	0.146890812977252	TCG	0.00895837977785917	0.0192307692307692	0.00186163563297993	0	0.0587510097340508	0	0.0392156862745098	1	C>T	1	0	Complex I	0	0
HCS-2076P1k~chrM~5147~G~A	0	0.001265	0	0.619047619047619	0	0	0.206940798892824	0.206940798892824	0.0144948376015381	1	0.154242416340823	1.4247052657468	4.13178310695136e-51	13.4785804437794	1	0.456435464587638	0.00995361195624813	CAA	0.00161912885085219	0.0128205128205128	0.000115859556162851	0	0.0136354983087958	0	0.45098039215686275	1	G>A	1	0	Complex I	0.042152172	1
HCS-2076P1k~chrM~5821~G~A	0	0.002206	0	0.476190476190476	0	0	0.0462521301126084	0.0427870410092041	0.763721630834872	0.767163388122203	0.00085954460366092	-3.332872054	5.42457448718618e-26	9.71511997868275	0.113706838279324	0.855603539186195	0.595509274420094	CGG	0.00208910586269072	0.0316742081447964	3.92308812910541e-21	0.058823529411768	0.86443385649303	0	0.4411764705882353	1	G>A	1	0	tRNA	0.00646269	1
HCS-2076P1k~chrM~6023~G~A	0	0.001374	0	0.714285714285714	0	0	0.0767230064491546	0.0747873375533565	0.584298888672799	0.718521315001404	0.251929652964542	-1.145674997	3.21190379329186e-57	12.8793291800327	0.317310507862914	0.606494572119425	0.146529348927496	AAC	0.00192406991605116	0.0155062328975372	4.14960015050024e-11	0.434782608695649	0.304184942231207	0	0.39215686274509803	1	G>A	1	0	Complex IV	0.007909561	1
HCS-2076P1k~chrM~6165~G~A	0	0.001037	0	0.571428571428571	0	0	0.70933357634592	0.709541468345613	0.906712963696689	1	0.343991591139057	-0.946307849	4.78651905988647e-33	11.1502480527763	0.102470434859749	0.612372435695795	1	CGG	0.00164772281138389	0.00979020979020979	3.12588746052656e-06	0	1	0	0.058823529411764705	1	G>A	1	0	Complex IV	0	0
HCS-2076P1k~chrM~6242~C~T	0	0.001034	0	0.523809523809524	0	0	0.107357881815846	0.107324727285914	0.552515075186909	1	0.0411916085105506	-2.04159614	7.49419764908035e-50	12.7862843418857	1	0.693375245281536	0.798052027410882	TCG	0.00172475933659805	0.0414918414918415	1.03533705369988e-10	0	0.606803272323672	0	0.23529411764705882	1	C>T	1	0	Complex IV	0.0000965	1
HCS-2076P1k~chrM~6774~C~T	0	0.001187	0	0.380952380952381	0	0	0.23705461526629	0.236982433494278	0.38152550725427	1	0.485725082097524	-0.697124182	1.78648861963769e-52	13.0229333432677	0.317310507862914	0.866025403784439	0.5934777768683	CTA	0.00155980217888446	0.00699300699300699	0.0191802205361666	0	1	0	0.09803921568627451	1	C>T	1	0	Complex IV	0	0
HCS-2076P1k~chrM~6885~C~T	0	0.001003	0	0.619047619047619	0	0	0.30255311760235	0.302586594017316	0.00463651412566787	1	0.651634481874894	0.451492704600515	1.28802825455403e-50	12.4492960818559	0.317310507862914	0.432262895785267	0.0498833792165566	CTA	0.00184583966067965	0.0452488687782805	4.15528886960092e-11	0	0.628727937323202	0	0.10784313725490197	1	C>T	1	0	Complex IV	0	0
HCS-2076P1k~chrM~7146~A~G	0	0.001676	0	0.238095238095238	0	0	0.00895124697422602	0.0117610644048801	0.72127534172411	1	0.754328175493905	-0.312937462	9.80993092132103e-57	14.5592457707783	0.317310507862914	0.455842305838552	0.771479255071317	CAC	0.00414087052698296	0.0495867768595041	1.76854410997671e-06	0	0.136458786145495	0	0.3333333333333333	1	A>G	1	0	Complex IV	0.047881781	1
HCS-2076P1k~chrM~8021~A~G	0	0.001279	0	0.571428571428571	0	0	0.0011398811136467	0.00114050793989714	0.270037304739261	1	0.312733415576934	-1.0095031	7.99794303242792e-53	13.2666137535319	0.0455002638963584	1.66410058867569	0.047395959067465	GAT	0.00202938337703958	0.0112963959117805	6.44801023826285e-08	0	0.266534232346185	0	0.3137254901960784	1	A>G	1	0	Complex IV	0.000154333	1
HCS-2076P1k~chrM~8065~G~A	0	0.001264	0	0.476190476190476	0	0	0.00744822157465983	0.00739233644619558	0.320360332408297	1	0.17693041813825	-1.350266799	1.29060775999766e-63	15.2598136045116	0.0348084788118671	1.61030612308224	0.611364349256186	TGC	0.00191476609946532	0.030234471410942	1.3956880452752e-21	0	0.0247430740037286	0	0.3431372549019608	1	G>A	1	0	Complex IV	0.001022455	1
HCS-2076P1k~chrM~8083~C~T	0	0.001022	0	0.571428571428571	0	0	0.54324189588636	0.543046652536801	0.238815307669734	1	0.336014126242914	0.962070629750232	1.45985609933641e-30	9.21581970388312	1	0	0.125353371772969	CCA	0.00189540097718975	0.0104895104895105	0.00310190450783614	0	0.625713031941868	0	0.08823529411764706	1	C>T	1	0	Complex IV	0.00011575	0
HCS-2076P1k~chrM~8203~C~T	0	0.001019	0	0.523809523809524	0	0	0.329954519027922	0.438208430553499	0.649992482206962	1	0.892362951283668	-0.135314841	1.56026323493799e-66	15.0617362936597	0.563702861650773	0.414588095734391	1	TTA	0.00197706793378379	0.0466200466200466	5.46414315968659e-11	0	1	0	0.20588235294117646	1	C>T	1	0	Complex IV	0.000135041	0
HCS-2076P1k~chrM~8655~C~T	0	0.0012389999999999	0	0.523809523809524	0	0	0.326794590138881	0.326847497336228	0.601559528800002	1	0.0298061976193354	2.1726562667975	3.89947263197106e-33	15.7259289686199	0.102470434859749	1.04154761224412	0.380646524516538	TTA	0.00190295100088911	0.0297202797202797	2.64771869831867e-09	0	0.090426276900383	0	0.21568627450980393	1	C>T	1	0	Complex V	0.049058569	1
HCS-2076P1k~chrM~8905~C~T	0	0.001084	0	0.571428571428571	0	0	0.350285557413425	0.350146529683472	0.425125615068013	1	0.137323865254558	-1.48583086	6.70615130570339e-43	12.6396777404059	0.333998255821998	0.633760911197577	0.770260974468343	CTA	0.0109845373365865	0.0158931977113795	0.00213249966987677	0	1	0	0.08823529411764706	0	C>T	1	0	Complex V	0.0000965	0
HCS-2076P1k~chrM~8943~C~T	0	0.0014149999999999	0	0.428571428571428	0	0	0.215434802507398	0.215328907107978	0.677707576968369	1	0.721442533460471	0.356531543859551	1.71065910113636e-48	12.1759585946425	0.157299207050285	0.740958573634948	1	CCA	0.00950346531050275	0.0163170163170163	0.00012530822280021	0	1	0	0.4117647058823529	1	C>T	1	0	Complex V	0.001659079	1
HCS-2076P1k~chrM~9075~C~T	0	0.001086	0	0.333333333333333	0	0	0.00924280466917315	0.00926236482380078	0.00400967000486238	1	0.451999941544144	0.752085003906029	8.90337670266821e-66	13.6443084283848	0.0832645166635504	0.745049450849087	0.06679376142954	CTA	0.00885626001905034	0.0195068089804932	2.99555408405114e-11	0	1	0	0.35294117647058826	1	C>T	1	0	Complex V	0.000154333	0
HCS-2076P1k~chrM~14058~C~T	0	0.001003	0	0.523809523809524	0	0	0.535117946127133	0.535117946127133	0.830539045702168	1	0.569003470185532	0.569519752040604	1.08043018639755e-53	13.8730180002957	1	0	0.624902467325457	CCA	0.00331109704435886	0.0104895104895105	0.0118250143050174	0	0.351433533978465	0	0.08823529411764706	0	C>T	1	0	Complex I	0.000964581	1
HCS-2077Ck~chrM~1120~C~T	0	0.003917	0	0.285714285714286	0	0	0.924148289518826	0.924148289518826	0.749155833757636	1	0.694163973038582	-0.393210557	5.70991460268025e-33	8.62837971632438	0.157299207050285	0.29277002188456	0.359730117130491	TCA	0.00122575602634687	0.0195804195804196	1.47736317584734e-07	0	1	0	0.5392156862745098	1	C>T	1	0	rRNA	0.000540165	1
HCS-2077Ck~chrM~1284~T~C	0	0.00274	0	0.476190476190476	0	0	0.440295851335084	0.440295851335084	0.180723876547782	1	0.00774826862045039	2.66284677945429	7.85694431123016e-12	7.4773293863237	0.317310507862914	0.310983160823524	1	ATG	0.00113685935992175	0.0391608391608392	5.4038023452217e-08	0	0.541186653573662	0	0.38235294117647056	1	T>C	1	0	rRNA	0.000655915	1
HCS-2077Ck~chrM~4048~G~A	0	0.003647	0	0.428571428571428	0	0	0.90903329811123	0.90903329811123	0.0884798060363186	1	0.718437833914907	-0.360547377	1.22580942811417e-21	9.31377308939681	0.563702861650773	0.566946709513841	1	TAA	0.0012372591763389	0.011988011988012	1.76838873126738e-05	0	0.454061674255303	0	0.2647058823529412	1	G>A	1	0	Complex I	0.01711166	1
HCS-2077Ck~chrM~4456~C~T	0	0.002962	0	0.476190476190476	0	0	0.138803221090613	0.138803221090613	0.147782377146771	1	0.816091592077619	-0.232574807	9.18576528395968e-15	6.05500370091065	1	0.0714285714285714	0.266417213307634	ATC	0.00101065263337069	0.00999000999000999	4.12779490949442e-05	0	1	0	0.4019607843137255	1	C>T	1	0	tRNA	0.000212208	1
HCS-2077Ck~chrM~5320~C~T	0	0.002327	0	0.523809523809524	0	0	0.506700935253508	0.506700935253508	0.202865806562734	1	0.520234530204901	-0.642983926	4.08558304574906e-19	8.34960018669712	1	0.387298334620742	0.414025787255911	ACC	0.00111145491676466	0.00932400932400933	0.000234924379991613	0	1	0	0.23529411764705882	1	C>T	1	0	Complex I	0.0000965	1
HCS-2077Ck~chrM~6023~G~A	0	0.001554	0	0.714285714285714	0	0	0.0632328217039533	0.0632328217039533	0.307331248739884	1	0.199536217600287	1.28287401587031	9.27645958473377e-37	11.5462154027487	0.317310507862914	0.516397779494322	0.29000293658629	AAC	0.00105141771808439	0.00699300699300699	2.88932785504891e-05	0	1	0	0.39215686274509803	1	G>A	1	0	Complex IV	0.007909561	1
HCS-2077Ck~chrM~6935~C~T	0	0.003933	0	0.380952380952381	0	0	0.780500759054946	0.780500759054946	0.908422214488265	1	0.916619897619138	0.104692393854502	7.37136437316768e-18	7.51045239101448	0.563702861650773	0.43915503282684	0.728594189414143	TTA	0.00313540363918194	0.0104895104895105	0.00019231993874841	0	0.726475879548488	0	0.2549019607843137	1	C>T	1	0	Complex IV	0.000424415	1
HCS-2077Ck~chrM~7810~C~T	0	0.002162	0	0.619047619047619	0	0	0.152934328295964	0.152934328295964	0.711299306532263	1	0.958508355503746	0.0520255242946966	1.30093846168009e-51	9.27118323079905	0.157299207050285	0.543155118283426	1	TCA	0.00102812270112651	0.0188273265196342	8.72676022477477e-10	0	0.58111952842602	0	0.35294117647058826	1	C>T	1	0	Complex IV	0.000270083	1
HCS-2077Ck~chrM~7868~C~T	0	0.001451	0	0.523809523809524	0	0	0.89462542286594	0.89462542286594	0.512745333144716	1	0.326751617524646	0.980677875626813	9.81069524087964e-40	10.5967128347876	0.317310507862914	0.905258530472377	0.266198058394443	CCT	0.00108523551919779	0.0414201183431953	7.51991517926263e-10	0	0.78969561230694	0	0.3333333333333333	1	C>T	1	0	Complex IV	0.000347249	1
HCS-2077Ck~chrM~8655~C~T	0	0.006784	0	0.523809523809524	0	0	0.302539477876221	0.302539477876221	0.176117982690064	1	0.72349119322054	0.353796771450498	1.75249796100098e-11	6.31732838412508	0.785494747118354	-0.052925612	1	TTA	0.00169313662377975	0.0334110334110334	1.10002468931726e-06	0	1	0	0.21568627450980393	1	C>T	1	0	Complex V	0.049058569	1
HCS-2077Ck~chrM~8943~C~T	0	0.002626	0	0.428571428571428	0	0	0.358919743245139	0.358919743245139	0.202524570772172	1	0.584065442110107	-0.547456072	8.53769421957645e-80	11.731117686101	0.317310507862914	0.279078152825719	0.400428239468232	CTA	0.00593432263667787	0.0118343195266272	0.000540248697861806	0	1	0	0.4117647058823529	1	C>T	1	0	Complex V	0.001659079	1
HCS-2077Ck~chrM~9075~C~T	0	0.0018559999999999	0	0.333333333333333	0	0	0.0319343303574499	0.0319343303574499	0.821092780713742	1	0.334166961823922	-0.965754658	1.49765943721288e-34	12.2386650972606	0.179712495	1.0029717747536	0.316495332029673	CCA	0.00417395579035834	0.0163170163170163	3.30588642249985e-06	0	0.341225096405921	0	0.35294117647058826	1	C>T	1	0	Complex V	0.000154333	0
HCS-2077Ck~chrM~9168~C~T	0	0.002222	0	0.428571428571428	0	0	0.837943378217698	0.837943378217698	0.239217147122771	1	0.90360676782776	-0.12110639	8.72495129865101e-64	13.3817998504978	0.563702861650773	-0.050209645	0.0546569395801607	TCA	0.000979613738926705	0.018510900863842	2.30662626430815e-11	0	0.63484260438334	0	0.35294117647058826	1	C>T	1	0	Complex V	0.000424415	0
HCS-2078Ck~chrM~1556~C~T	0	0.004562	0	0.428571428571428	0	0	0.820914083628414	0.820914083628414	0.209763555401515	1	0.887490041018309	-0.141480909	9.91824590611512e-12	5.76710807562564	0.317310507862914	0.387298334620742	1	ACA	0.00222770540496294	0.020979020979021	4.39156042900379e-05	0	0.441823818466702	0	0.7058823529411765	1	C>T	1	0	rRNA	0.0000772	0
HCS-2078Ck~chrM~6023~G~A	0	0.002374	0	0.714285714285714	0	0	0.617170243423873	0.617170243423873	0.304689200235203	1	0.982269773336617	0.0222233728731281	4.56451599990063e-22	10.0388352516799	1	0.298142396999972	0.681606015805136	AGC	0.00125769318109036	0.00839160839160839	0.000964597634016785	0	0.0626683479376013	0	0.39215686274509803	1	G>A	1	0	Complex IV	0.007909561	1
HCS-2005C4-k~chrM~3733~G~A	1	0.007143	0	0.3809523809523809	0	0	0.28931467315142556	0.28931467315142556	0.7703794168936569	1	0.8459636157788484	-0.194271097	1.274681204407987e-17	10.179001179255252	0.31731050786291415	-0.111803399	0.8153558163314034	TAA	0.005798841529699842	0.012043512043512042	1.5113889009896562e-07	0	1	0	0.0594059405940594	1	G>A	1	0	Complex I	0.0000386	1
HCS-2005P2-k~chrM~182~C~T	1	0.00163	0	0.3333333333333333	0	0	0.16726036589388582	0.16726036589388582	0.9325102290375621	1	0.46552195213257797	-0.729784448	6.429813878908149e-08	10.477120642304927	1	-0.277350098	0.5199167411953389	ATA	0.011025293114845023	0.023310023310023312	2.0672035662625337e-05	0	1	0	0.0297029702970297	0	C>T	1	0	Dloop	0.025117679	1
HCS-2005P2-k~chrM~909~G~A	1	0.001004	0	0.5238095238095238	0	0	0.9366372990886604	0.9366372990886604	0.21003538209435635	1	0.9748364563932618	0.03154305486902452	3.7893385520516974e-56	21.97340884188635	1	0.8944271909999159	1	CAA	0.0005859811829961124	0.006993006993006993	0.005542999456707596	0	1	0	0.039603960396039604	1	G>A	1	0	rRNA	0	0
HCS-2005P2-k~chrM~1072~G~A	1	0.001888	0	0.4285714285714285	0	0	0.35221769266393455	0.35221769266393455	0.4153199623980066	1	0.8194629343525358	0.22823579624281837	3.347157511748509e-52	18.150011487097245	0.2692941367197367	1.0086167222030837	0.5885603527760166	TGG	0.01165655434351613	0.018289402904787526	9.289370697541589e-06	0	0.7898841758320585	0	0.10891089108910891	0	G>A	1	0	rRNA	0	0
HCS-2005P2-k~chrM~1282~G~A	1	0.0061129999999999	0	0.4761904761904761	0	0	0.7819415617018599	0.7819415617018599	0.8330155364350652	1	0.14763664755139277	1.447929931940901	5.492032381918832e-65	21.972736397382516	0.11172540135704821	2.223712617761938	1	TGA	0.0005739529447800805	0.006993006993006999	2.8502397755408387e-22	0	1	0	0.04950495049504951	1	G>A	1	0	rRNA	0.000135041	1
HCS-2005P2-k~chrM~1315~G~A	1	0.0012439999999999	0	0.4285714285714285	0	0	0.3346191734288514	0.3346191734288514	0.663772789685066	1	0.5392471633326995	-0.613951823	3.380015842784956e-55	19.237754874259984	1	0.29814239699997197	0.6814707941929006	CAT	0.0006458039002417745	0.006993006993006994	0.0004012484508805252	0	1	0	0.019801980198019802	1	G>A	1	0	rRNA	0.0000386	1
HCS-2005P2-k~chrM~1551~G~A	1	0.001439	0	0.3333333333333333	0	0	0.7789347906019648	0.7789347906019648	0.811541667010288	1	0.30328754328462026	-1.029408954	7.902701502734271e-60	19.044285881050612	0.31731050786291415	0.6666666666666666	0.2225342099936405	AGG	0.0023539943791779506	0.008158508158508158	0.002356217136527911	0	0.6873126158466435	0	0.0891089108910891	0	G>A	1	0	rRNA	0	0
HCS-2005P2-k~chrM~1858~G~A	1	0.002675	0	0.2857142857142857	0	0	0.07379756939475256	0.07379756939475256	0.14990142311286755	1	0.5189516994387469	0.6449621729297983	2.4643844371621127e-42	16.880579956261485	0.27630291733748347	0.9214069042664125	0.2904265102021491	TAA	0.0006198277369843885	0.007492507492507493	1.8220962334882414e-09	0	0.6041129122768403	0	0.0594059405940594	0	G>A	1	0	rRNA	0	1
HCS-2005P2-k~chrM~1927~G~A	1	0.006237	0	0.3809523809523809	0	0	0.8845939938519476	0.8845454356685428	0.5376755712007992	1	0.9587483242675316	-0.051724363	2.13959383707526e-52	19.084917396464895	0.1937078863636159	1.1124147372833773	0.6258239698549177	AGA	0.0006072186771241547	0.007177033492822972	1.0979429242144627e-22	0	1	0	0.04950495049504951	0	G>A	1	0	rRNA	0.000424415	1
HCS-2005P2-k~chrM~1949~G~A	1	0.001011	0	0.5714285714285714	0	0	0.16843901568187802	0.16843901568187802	0.08926245992072104	1	0.893509795244534	-0.133864408	5.883379750192625e-68	22.922101627945274	1	1.4638501094227998	0.7201110307178282	CAT	0.0006440326492579967	0.012987012987012988	2.3195041146866612e-05	0	1	0	0.039603960396039604	1	G>A	1	0	rRNA	0.0000772	1
HCS-2005P2-k~chrM~1955~G~A	1	0.002026	0	0.3809523809523809	0	0	0.31653188545266153	0.3163758638742332	0.5464224341076107	1	0.7843021592466728	0.2737169390500911	3.20097738142147e-60	21.63961183144758	0.14077277337135014	2.3443770806130777	0.8327215718259189	TGT	0.0006223500305043532	0.013668150031786399	3.355361751800879e-14	0	1	0	0.0297029702970297	1	G>A	1	0	rRNA	0.0000193	0
HCS-2005P2-k~chrM~1967~T~C	1	0.001857	0	0.3333333333333333	0	0	0.5692603664159908	0.5687481792819552	0.7492164311554479	0.998795267783394	0.02363139164500018	-2.263069722	3.3155090471806524e-29	13.800632598390747	0.31731050786291415	1.1058146711617285	1	GTG	0.0006947201270345421	0.008304195804195804	1.5419816270574968e-10	-0.001091703	0.45537012860459425	0	0.009900990099009901	0	T>C	1	0	rRNA	0	0
HCS-2005P2-k~chrM~2310~G~A	1	0.001302	0	0.238095238095238	0	0	0.8061401026759237	0.8061401026759237	0.21267246908760484	1	0.2634521602427842	1.1182689118572187	1.1365570063508999e-54	18.05009837950089	1	0.8944271909999159	0.6841348977409087	AAT	0.0004883047986496295	0.006993006993006994	0.00030989069628642696	0	1	0	0.009900990099009901	1	G>A	1	0	rRNA	0	0
HCS-2005P2-k~chrM~2333~G~A	1	0.001043	0	0.5238095238095238	0	0	0.08356665245181605	0.08356665245181605	0.10196018195078285	1	0.18634447673541898	-1.321470667	1.7792082577333102e-47	16.450746469855446	1	0	0.3747268058037873	CAC	0.0005399237682702282	0.006993006993006994	0.0003325323494442745	0	0.6800286340668006	0	0.0891089108910891	1	G>A	1	0	rRNA	0	0
HCS-2005P2-k~chrM~2492~G~A	1	0.001833	0	0.5238095238095238	0	0	0.9785202725917828	0.9987140868814739	0.7323891047734501	1	0.1910022157777439	1.3076200414579493	7.244998496992282e-55	15.573514741876096	0.7854947471183542	0.7349684152591671	0.04165238479192222	CAC	0.0006104884367661331	0.022290209790209785	5.042700809615948e-11	0	1	0	0.0594059405940594	1	G>A	1	0	rRNA	0.0000193	0
HCS-2005P2-k~chrM~3264~T~C	1	0.003779	0	0.238095238095238	0	0	0.9485896642026227	0.9484571768346315	0.8500445215487897	1	0.7955119783542253	-0.259159759	4.632756449574301e-44	16.32735410101053	0.4496917979688909	1.190279401287231	0.6684814597480341	CCT	0.0005246298273659291	0.0076590076590076625	1.2522101728219754e-13	0	0.5205130781168977	0	0.009900990099009901	1	T>C	1	0	tRNA	0	1
HCS-2005P2-k~chrM~3421~G~A	1	0.0010639999999999	0	0.6666666666666666	0	0	0.194657690510754	0.19474969517263252	0.016518410932511995	1	0.2065989508672328	-1.262972812	1.9114824157439252e-39	15.450938546893395	0.31731050786291415	0.6123724356957946	0.49277651132616507	CGT	0.0005821139751661967	0.007867132867132868	5.716188531203496e-06	0	1	0	0.0297029702970297	1	G>A	1	0	Complex I	0.001388996	1
HCS-2005P2-k~chrM~3454~G~A	1	0.0029749999999999	0	0.5714285714285714	0	0	0.27252053036765844	0.27252053036765844	0.7203214506763684	1	0.5210317753508867	0.6417557647153299	8.574145503438218e-31	16.37407409011404	0.15729920705028502	1.404878717372541	0.5672461801034204	CGC	0.0006160834563201474	0.007575757575757576	3.6418973063389535e-08	0	1	0	0.019801980198019802	1	G>A	1	0	Complex I	0	0
HCS-2005P2-k~chrM~3670~G~A	1	0.001646	0	0.4761904761904761	0	0	0.38642220171300645	0.38642220171300645	0.9008663207050118	1	0.33877419659412655	-0.956590082	2.208726216985689e-86	20.432654054251827	0.10247043485974937	1.5398833077554153	0.5859779118767404	AGC	0.0007718448328932804	0.007492507492507493	6.501190577765262e-09	0	1	0	0.019801980198019802	0	G>A	1	0	Complex I	0	1
HCS-2005P2-k~chrM~3967~G~A	1	0.0017829999999999	0	0.5714285714285714	0	0	0.36089479366555854	0.36089479366555854	0.20386983932748115	1	0.2247652184945369	-1.213954188	2.075226737568627e-44	19.029349436616275	0.31731050786291415	0.30316953129541624	1	CGC	0.0005947621482444698	0.009324009324009324	1.6527939189564433e-08	0	0.2643234507885387	0	0.04950495049504951	0	G>A	1	0	Complex I	0	0
HCS-2005P2-k~chrM~4996~G~A	1	0.0113569999999999	0	0.4285714285714285	0	0	0.06431536482964453	0.06431536482964453	0.5828117598603896	1	0.9410982757928725	0.07388954399041983	2.9520790341767695e-50	18.427955264803913	0.022212690446187042	2.414942030302754	0.26214560169999185	CGC	0.0021475298894653248	0.008719675386342045	8.870737798359856e-32	0	0.5756325229838064	0	0.019801980198019802	1	G>A	1	0	Complex I	0.0000193	1
HCS-2005P2-k~chrM~5752~A~G	1	0.001907	0	0.5714285714285714	0	0	0.991064907324293	0.9907026899131365	0.1367107262729214	1	0.9804409421688117	0.02451609932682533	8.508715588952522e-70	18.94873798379199	0.28504940740261275	0.51234753829798	0.7264869445088196	AAG	0.0005536274709951142	0.006993006993006993	5.991161191644979e-06	0	0.03145657178201466	1	0.27722772277227725	0	A>G	1	0	NAN	0.0000193	0
HCS-2005P2-k~chrM~6727~G~A	1	0.001076	0	0.4285714285714285	0	0	0.08416702980707022	0.08423419974487971	0.0420916726772467	1	0.13761747609290015	1.4847220201667515	9.91782188025927e-70	19.971989271128763	0.31731050786291415	-0.288675135	0.12646823466821128	TGA	0.0005044631394523431	0.006993006993006993	0.0012041388030814468	0	0.6248695253368691	0	0.039603960396039604	1	G>A	1	0	Complex IV	0	0
HCS-2005P2-k~chrM~6978~G~A	1	0.0030299999999999	0	0.3333333333333333	0	0	0.825115761018584	0.825115761018584	0.40805971208814007	1	0.15559611071053608	1.4200397442318256	3.9219430737186765e-45	16.592245572297596	0.2808875253195705	1.1318977390731053	0.49101811152397723	AGC	0.001957532036527337	0.008465218991534781	2.3084733205212895e-09	0	0.1666015248950286	0	0.039603960396039604	0	G>A	1	0	Complex IV	0	1
HCS-2005P2-k~chrM~8782~G~A	1	0.001443	0	0.6190476190476191	0	0	0.2493630366323989	0.2493630366323989	0.9110495293821104	1	0.48135210401183914	0.7041295422027184	1.8318458878212786e-57	20.844024629588144	0.6547208460185769	0.7307981486470351	0.7193191062608701	CAG	0.0052421696199425015	0.011988011988011988	0.0005214015304026463	0	0.7258149869190733	0	0.04950495049504951	1	G>A	1	0	Complex V	0	1
HCS-2005P2-k~chrM~8872~G~A	1	0.001313	0	0.4285714285714285	0	0	0.9414790399791825	0.9414790399791825	0.9289677764175247	1	0.047924921623404	1.9780335528488313	1.0020754098052268e-54	20.28054661666188	0.31731050786291415	-0.774596669	1	AGG	0.0074862896439656795	0.013986013986013986	0.022664439124508346	0	1	0	0.04950495049504951	0	G>A	1	0	Complex V	0.0000772	1
HCS-2005P2-k~chrM~9055~G~A	1	0.001358	0	0.5714285714285714	0	0	0.5643593967912421	0.5644767223151461	0.122727115600649	1	0.9476082193628447	-0.065710617	1.1498050129788224e-58	18.64011311660464	1	1.284523257866513	0.4389198905331885	CAC	0.0005900009788034721	0.007925407925407925	5.326317548356019e-10	0	0.6095188500931399	0	0.039603960396039604	0	G>A	1	0	Complex V	0.042402963	1
HCS-2005P2-k~chrM~11016~G~A	1	0.001913	0	0.4285714285714285	0	0	0.9392783420883911	0.9393575636885755	0.759893469410204	1	0.2769972570904091	1.0870895015571078	5.790226820367781e-108	20.629562431116	0.625	1.5118578920369088	0.07446220499980301	AGT	0.0005945667235989858	0.028409090909090915	5.1734880143523895e-12	0	0.8032577674951373	0	0.0297029702970297	1	G>A	1	0	Complex I	0.006501273	1
HCS-2005P2-k~chrM~11149~G~A	1	0.001209	0	0.5238095238095238	0	0	0.08216125483393084	0.08216125483393084	0.9954584406966043	1	0.4771030019378165	-0.710969717	2.54717160796027e-55	17.335982246821224	0.31731050786291415	0.472455591261534	0.0044623321316590555	TAG	0.0006288354502640257	0.04495504495504495	6.385955089236152e-06	0	0.007403785874254476	0	0.039603960396039604	1	G>A	1	0	Complex I	0.001659079	1
HCS-2005P2-k~chrM~11151~C~T	1	0.001191	0	0.5714285714285714	0	0	0.15370466999910395	0.15370466999910395	0.5101821182700372	1	0.133766058013051	-1.499414794	2.804464665419403e-52	17.919388262726542	1	1.414213562373095	0.04644396361497629	GTT	0.0006713523313227308	0.02097902097902098	0.0005763551645836798	0	0.06142383234835877	0	0.04950495049504951	1	C>T	1	0	Complex I	0.002835867	1
HCS-2005P2-k~chrM~11351~G~A	1	0.00122	0	0.2857142857142857	0	0	0.6591868290749443	0.6590277518928298	0.32967909740283863	1	0.7184746357769237	0.36049815544045793	3.7825424239961675e-43	19.304986499415673	0.6547208460185769	0.8486285727840269	1	AAC	0.0005568478288090707	0.006993006993006993	8.945785476980819e-08	0	0.1435906940648301	0	0.0297029702970297	0	G>A	1	0	Complex I	0	1
HCS-2005P2-k~chrM~11435~G~A	1	0.001054	0	0.6190476190476191	0	0	0.5469848529313972	0.5469848529313972	0.799852272008513	1	0.8426522509576608	-0.198502088	1.1052987550945472e-57	18.231639605552036	0.17971249487899976	0.8320502943378436	1	CGC	0.0006163825681139468	0.006993006993006994	1.5468812795954696e-06	0	0.7442054914953301	0	0.0594059405940594	1	G>A	1	0	Complex I	0.0000193	0
HCS-2005P2-k~chrM~11527~C~T	1	0.001197	0	0.4285714285714285	0	0	0.6525600068264239	0.6524820374964715	0.09159834883164815	1	0.48418241055205624	0.6995915669593445	1.0731861103398043e-83	23.461423923386704	0.27630291733748347	1.2060453783110545	0.23453953513047637	ACA	0.000593020912324255	0.027972027972027972	1.0083485239414373e-08	0	1	0	0.0891089108910891	1	C>T	1	0	Complex I	0.000443707	1
HCS-2005P2-k~chrM~13063~G~A	1	0.002061	0	0.7142857142857143	0	0	0.06394899784037897	0.06393496694530672	0.788530297921217	1	0.37266416429825444	0.8914940833486474	1.769299151977762e-73	28.01959863017437	0.6802795473344503	1.2455983106584367	0.44104859889246695	AGT	0.0007630406403412593	0.01911421911421911	9.423922124276241e-10	0	0.8027695739437698	0	0.0891089108910891	1	G>A	1	0	Complex I	0.0000386	1
HCS-2005P2-k~chrM~16108~C~T	1	0.001905	0	0.5238095238095238	0	0	0.4282246126766728	0.42794283383514664	0.6944007154284364	1	0.8397621103721903	-0.202197778	2.2669201225960486e-14	18.740656071108575	0.10247043485974937	1.1895264864777435	0.3655543230483481	CTA	0.005664092570233722	0.012078830260648443	0.00022913430779981846	0	1	0	0.12871287128712872	1	C>T	1	0	Dloop	0.008121769	1
HCS-2008C3-k~chrM~6687~T~C	1	0.08459	0	0.3333333333333333	0	0	0.680361692042201	0.6814801619434692	0.22228747727333675	1	0.745953001879816	-0.32398023	1.5654742187496755e-47	14.974099473391362	1.6337212397946015e-08	5.83503428318187	0.019988521725174284	CTC	0.0005626557350695317	0.007671341004674378	3.2893333274929593e-282	0	1	0	0.009900990099009901	1	T>C	1	0	Complex IV	0	0
HCS-2008C3-k~chrM~9300~G~A	1	0.003924	0	0.5714285714285714	0	0	0.7776243914329057	0.7776243914329057	0.2698561948465279	1	0.6918216484623865	-0.396384162	2.7206047052123912e-43	17.820605635342957	0.3424043343095282	0.8515916470546979	1	AAC	0.0007028746381386991	0.007284382284382288	1.3863382682684128e-14	0	0.8384696314703051	0	0.0297029702970297	1	G>A	1	0	Complex IV	0.003491782	1
HCS-2008C3-k~chrM~11914~G~A	1	0.0017599999999999	0	0.4285714285714285	0	0	0.9447491415357873	0.9450143487391727	0.32845965194021653	1	0.17038562494298648	1.3709657761769771	7.654375467635505e-58	20.033799925651323	1	0.6731456008918131	0.13675392702405492	CAT	0.0006575312933694492	0.01136363636363637	2.118822281681507e-10	0	0.6252043469080077	0	0.26732673267326734	1	G>A	1	0	Complex I	0.109749981	1
HCS-2008C3-k~chrM~16153~G~A	1	0.411738	0	0.3809523809523809	0	0	0.8147846332849158	0.8160143717288157	0.8541087216985461	1	0.19884547129303387	1.2848478107183188	6.392833322866011e-34	15.267066060587979	6.822909143335064e-21	12.059084975327227	0.2951371942063067	TAT	0.0012443273312838616	0.008323383933139751	0	0	0.41542581486718133	0	0.0594059405940594	0	G>A	1	0	Dloop	0.007600895	1
HCS-2008P3-k~chrM~72~T~C	1	0.0230399999999999	0	0.6666666666666666	0	0	0.8868903140047035	0.8855392033896331	0.7372914729209441	1	0.9719254925062143	-0.035193441	2.043003076473124e-16	7.835130157238245	0.08446903225325182	1.2432745904735096	0.2015531039265649	GCA	0.015492794498319425	0.025243049633293546	2.483974926091907e-10	0	0.5255683002232492	0	0.32673267326732675	0	T>C	1	0	Dloop	0.017921908	1
HCS-2008P3-k~chrM~94~G~A	1	0.006173	0	0.6190476190476191	0	0	0.24481748034065587	0.24504902917756288	0.7191988099328476	1	0.3025635845406106	-1.030951457	9.96551054967855e-24	9.739848415200003	0.17971249487899976	1.0206207261596574	0.37865539263526166	AAA	0.015891262466604834	0.023310023310023312	3.94977176976535e-05	0	0.3812947116604566	0	0.21782178217821782	1	G>A	1	0	Dloop	0.004166988	1
HCS-2008P3-k~chrM~182~C~T	1	0.199891	0	0.3333333333333333	0	0	0.5587518148838102	0.5587518148838102	0.4231715800496889	1	0.6215474154715378	0.4936584477536994	0.005886244985714726	6.042122125976947	0.0014357913069591372	5.396461638929372	0.3886254780859628	ATA	0.017940128486507095	0.024847027972027935	1.3689891093867104e-54	0	0.6425085458697735	0	0.0297029702970297	0	C>T	1	0	Dloop	0.025117679	1
HCS-2008P3-k~chrM~709~G~A	1	0.002668	0	0.5714285714285714	0	0	0.844118325452516	0.8442579677145885	0.685652173137972	0.6588352748526232	0.821702770236843	-0.225355445	4.494960896843202e-44	14.828404759017758	0.31731050786291415	1.061988488107183	0.3677729558075361	CGT	0.004127510653163072	0.011777695988222304	2.0101027417636253e-09	2.156260362878392	0.0401725037351283	0	0.3564356435643564	1	G>A	1	0	rRNA	0.129909715	1
HCS-2008P3-k~chrM~1072~G~A	1	0.003908	0	0.4285714285714285	0	0	0.542813848859015	0.542813848859015	0.20832227579226759	0.35634718414701116	0.6642102284327723	-0.434107708	1.4664199285100417e-36	15.267918272945703	0.31731050786291415	0.27247463045653303	0.3006913059457992	TAG	0.00031431553170683596	0.006993006993006993	1.6406708268296851e-10	3.557677242459846	1	0	0.10891089108910891	0	G>A	1	0	rRNA	0	0
HCS-2008P3-k~chrM~2573~G~A	1	0.001552	0	0.6190476190476191	0	0	0.5997935330468023	0.5998916830432693	0.34198056917070285	0.677614365354447	0.21125330329566616	-1.250126603	5.344539416062659e-45	16.182770176191436	1	0	1	CGG	0.0005700541808252984	0.006993006993006994	1.8722797711045404e-06	0.9849857201142385	0.04116590491466833	0	0.10891089108910891	1	G>A	1	0	rRNA	0	0
HCS-2008P3-k~chrM~4878~G~A	1	0.002385	0	0.4761904761904761	0	0	0.6746082302132594	0.6746082302132594	0.32886379401656496	0.5906319385129379	0.1638134491793325	1.3923598731689166	1.9375756942269234e-44	16.682046655951027	0.28504940740261275	0.06063390625908324	0.255285978799762	AAC	0.0033922147216944015	0.01048951048951049	4.3821479261203734e-05	-1.189518304	0.7750882533761239	0	0.0594059405940594	1	G>A	1	0	Complex I	0	0
HCS-2008P3-k~chrM~10668~G~A	1	0.001282	0	0.5714285714285714	0	0	0.32741296797719854	0.32741296797719854	0.5986466572269661	1	0.3166271885427614	1.0014129858538159	1.5714958555421094e-46	17.622504026746334	0.5	0.6666666666666666	0.221725133352171	TGC	0.0003105575522446765	0.006993006993006993	5.077965136679354e-05	0	1	0	0.0297029702970297	0	G>A	1	0	Complex I	0.0000193	1
HCS-2008P3-k~chrM~11711~G~A	1	0.001162	0	0.5714285714285714	0	0	0.22311923493558317	0.22311923493558317	0.7932966099864849	0.1706132328615042	0.17616319862525798	1.352663366896522	2.0394011612930155e-33	16.21513050735277	0.31731050786291415	0.5698028822981898	0.452779516949644	CGC	0.006375478738394136	0.013986013986013986	1.0091431024210378e-05	2.6522163148456954	0.7171467068459381	0	0.24752475247524752	0	G>A	1	0	Complex I	0	1
HCS-2008P3-k~chrM~13307~T~C	1	0.001075	0	0.5238095238095238	0	0	0.5546456907004008	0.5543592532427855	0.2026471043956124	0.5363671071960245	0.8359666546852728	-0.207055321	1.7824270588163328e-58	21.47419565464385	0.5	1.1710800875382399	0.45365752026376693	CTA	0.0002909944086414682	0.006993006993006993	1.1436502876928182e-05	0.6576408341114259	0.45276787654431366	0	0.009900990099009901	0	T>C	1	0	Complex I	0	0
HCS-2008P3-k~chrM~15500~G~A	1	0.002137	0	0.6190476190476191	0	0	0.17341186517358742	0.17341186517358742	0.3031834622635077	1	0.9046543831853757	-0.11978384	9.862120918363692e-33	19.060351748783276	0.5	1.1677484162422844	0.2261174078582236	CGA	0.0002566685392170156	0.006993006993006993	3.274873000238877e-08	0	0.22691113038710475	0	0.04950495049504951	0	G>A	1	0	Complex III	0.0000579	1
HCS-2008P3-k~chrM~16519~T~C	1	0.00165	0	0.4285714285714285	0	0	0.3219043040614419	0.3219483728835575	0.8477596138869089	1	0.05069618741292139	-1.954042532	1.0597273484599392e-12	9.765519608679407	0.2228009911811345	2.1578050071727035	1	GTC	0.000465329673828392	0.009090909090909097	3.750033315427653e-13	0	0.26290298351976077	0	0.4752475247524752	1	T>C	1	0	Dloop	0.629408133	1
HCS-2009C1-k~chrM~296~C~T	1	0.375	0	0.3809523809523809	0	0	0.46054773002156124	0.46054773002156124	0.6944729643203018	1	0.4967030495388295	0.6796863993846612	0.31731050786291415	0.7453559924999299	0.20534286667006885	2.532027683660905	0.5931256377341103	CTA	0.013986013986013988	0.027405027405027416	0.0003273596223707577	0	1	0	0.019801980198019802	0	C>T	1	0	Dloop	0.000385832	0
HCS-2009C1-k~chrM~6818~C~T	1	0.256315	0	0.4761904761904761	0	0	0.229382370169686	0.229382370169686	0.09186109791085148	0.005017547298244803	0.003131286274536868	2.9545468290030836	5.199148201062444e-31	14.291936464762028	2.851471433675319e-10	7.304774049324754	0.27849114226844385	TCA	0.0004944550399095848	0.007490191416002856	2.338104798921854e-258	-3.025702673	0.5715377964288113	0	0.019801980198019802	1	C>T	1	0	Complex IV	0.0000579	1
HCS-2009C1-k~chrM~8356~T~C	1	0.145028	0	0.3809523809523809	0	0	0.18206537192799355	0.18206537192799355	0.7269208125557143	0.0194324044148793	0.44233366385062733	-0.768258434	2.6294109570742806e-08	7.549082444067167	0.0003732584924641863	5.638302714525438	0.595101452651366	TTT	0.0004401480872069103	0.007460562693120885	3.075022755353525e-167	-0.212168263	1	0	0.009900990099009901	0	T>C	1	0	tRNA	0	1
HCS-2009P1-k~chrM~72~T~C	1	0.002768	0	0.6666666666666666	0	0	0.6041084022842453	0.6043673170217401	0.7313449352756201	1	0.454535912048485	-0.747874414	1.8582992270431463e-14	5.618047115231772	1	0	0.3775609647651238	GTA	0.011288136048212457	0.01818181818181818	0.005834708917132203	0	0.21154582154059082	0	0.32673267326732675	0	T>C	1	0	Dloop	0.017921908	1
HCS-2009P1-k~chrM~909~G~A	1	0.002406	0	0.5238095238095238	0	0	0.5182740528999836	0.5182740528999836	0.9146773257603436	0.7751318244542181	0.6903727744515753	-0.398349233	3.511787070044893e-49	23.396482131722887	0.6547208460185769	0.6963106238227914	0.04209111537441247	CAA	0.0006075401078777219	0.0069930069930069965	1.0738029843666851e-14	0.2963932027909024	0.5402624654285841	0	0.039603960396039604	1	G>A	1	0	rRNA	0	0
HCS-2009P1-k~chrM~2916~G~A	1	0.004312	0	0.4285714285714285	0	0	0.09574848413596203	0.09578361534638857	0.28250622859416485	0.9550089703484881	0.7257021991011512	0.3508482471538113	2.5375741855486726e-38	20.28176687499127	0.15729920705028502	1.7428425057933377	0.8231542781095642	CGG	0.0006190478469739292	0.008041958041958045	9.21828217734848e-13	-0.114761579	0.5052165745091906	0	0.07920792079207921	1	G>A	1	0	rRNA	0.0000193	1
HCS-2009P1-k~chrM~11126~G~A	1	0.001365	0	0.3809523809523809	0	0	0.0010713042906535378	0.0010713042906535378	0.42156111150600883	0.9797825870082552	0.4971552708273983	-0.678972525	7.283313727320969e-31	15.64130292921742	1	1.3926212476455828	0.7463399771904642	CAA	0.0005726630227296043	0.007770007770007771	1.5111010019777235e-06	-0.027518864	0.7469729756699709	0	0.12871287128712872	1	G>A	1	0	Complex I	0	1
HCS-2009P1-k~chrM~11421~T~C	1	0.001915	0	0.6190476190476191	0	0	0.9195841659578721	0.9195841659578721	0.8498113128754287	0.9865616502413694	0.40428263450923607	-0.833997071	3.0379350554142373e-26	15.823339678051164	0.17971249487899976	1.050973574618056	0.442219782138876	GTC	0.0006156660627275809	0.007459207459207459	7.856818587117697e-10	-0.011433798	0.301257843538385	0	0.009900990099009901	1	T>C	1	0	Complex I	0	1
HCS-2009P1-k~chrM~11916~T~C	1	0.00251	0	0.4761904761904761	0	0	0.4273230522204703	0.42660109788735046	0.06878282687814448	0.4344904763572973	0.5037233242613959	0.6686428614930777	4.3391000750422786e-80	11.642814594890654	0.31731050786291415	-0.53935989	1	TTC	0.0006319783717044037	0.007770007770007772	1.562833668551616e-11	3.4176179604261776	0.8159070589233329	0	0.019801980198019802	0	T>C	1	0	Complex I	0	0
HCS-2009P1-k~chrM~13450~T~C	1	0.001312	0	0.5238095238095238	0	0	0.03320356212728281	0.033263175839074545	0.44597614143225517	0.9597520252607596	0.1626928927997614	-1.39607174	1.5880326365338482e-17	10.428820285835023	0.6547208460185769	-0.489897949	1	CTC	0.0005959338267706417	0.006993006993006994	5.39703401702105e-07	-0.050735779	1	0	0.009900990099009901	0	T>C	1	0	Complex I	0	0
HCS-2009P1-k~chrM~15498~G~A	1	0.022715	0	0.6666666666666666	0	0	0.3923385955501064	0.3923735123627192	0.5417504597080314	1	0.0866414996106407	1.7133862749988322	2.0543314279721217e-18	15.267254420212762	0.1870939128158473	3.1848924876671556	0.29553162156666857	GAC	0.0005957431444406373	0.007604895104895114	2.238060413140213e-87	0	0.46954398386809604	0	0.04950495049504951	0	G>A	1	0	Complex III	0.000289374	1
HCS-2009P1-k~chrM~15697~T~C	1	0.001101	0	0.3809523809523809	0	0	0.0229838539660075	0.0229838539660075	0.81696993221048	1	0.24739483865639567	1.1567002716970305	1.2011667671415821e-61	20.56920029668775	0.31731050786291415	0.9258200997725514	1	TTC	0.0006385787062509495	0.006993006993006993	0.0016225950635623525	0	1	0	0.009900990099009901	1	T>C	1	0	Complex III	0.001157497	1
HCS-2010C1-k~chrM~2056~G~A	1	0.001044	0	0.3809523809523809	0	0	0.4497846288029409	0.4539984210655401	0.05209266954768875	1	0.8302548143417071	-0.214374771	1.8399047246857956e-49	18.445116474749042	1	0.4246038878042234	0.17587479391420013	TAC	0.0007828441433942149	0.030123722431414736	1.8716171951065e-09	0	1	0	0.06930693069306931	1	G>A	1	0	rRNA	0.001736245	1
HCS-2010C1-k~chrM~4051~G~A	1	0.300739	0	0.5238095238095238	0	0	0.8352714672070833	0.8350574145756816	0.8509904490798881	1	1.945357514144737e-09	6.0023050649673175	3.9028613906354745e-30	15.311095440249247	1.0697892182448624e-11	9.132074106536257	0.053215680552944504	CAC	0.0007695983385865174	0.007891527077573367	0	0	0.9039710014312934	0	0.07920792079207921	0	G>A	1	0	Complex I	0.0000193	0
HCS-2010C1-k~chrM~5913~G~A	1	0.001163	0	0.5714285714285714	0	0	0.10661176265587556	0.10661176265587556	0.12600801924513538	1	0.45006958484088333	-0.755299023	1.898909790262607e-72	22.86403022304129	0.31731050786291415	1.0394023007753748	0.13118621835594493	CGA	0.0008677967245947985	0.008991008991008992	3.1261381799352636e-05	0	1	0	0.0891089108910891	1	G>A	1	0	Complex IV	0.009684389	1
HCS-2010C1-k~chrM~10310~G~A	1	0.001215	0	0.4285714285714285	0	0	0.9199921195740612	0.919863716144779	0.06502805521539994	1	0.5636492413318864	0.5774296620956104	1.3709318236374705e-47	20.3671965837086	0.6547208460185769	-0.596284794	0.06282264935547294	TGC	0.0007933979935651551	0.009790209790209791	0.0004319813926268895	0	0.6857538939842733	0	0.1485148514851485	1	G>A	1	0	Complex I	0.036962729	1
HCS-2010C1-k~chrM~11260~T~C	1	0.00481	0	0.3809523809523809	0	0	0.05639571250895807	0.0563778181542087	0.9175027462529212	1	0.09591881225550392	-1.664969644	1.0472742809955625e-37	11.538854099385203	0.2293938403643767	1.4123381364532164	1	CTC	0.009129910650971153	0.019131811584641764	7.431273273634612e-14	0	0.5811871588640649	0	0.009900990099009901	1	T>C	1	0	Complex I	0.001581912	1
HCS-2010P4-k~chrM~901~G~A	1	0.001261	0	0.6666666666666666	0	0	0.9311076568943252	0.9311076568943252	0.5732735108882099	0.7433344749628678	0.22180110809932396	1.2217528385525622	7.939115478552684e-35	18.975683488651544	0.31731050786291415	1.161895003862225	0.3775541751929794	CAG	0.0005243190113378151	0.008391608391608392	0.00027525589167833573	-0.845568487	0.3748705189805997	0	0.0891089108910891	1	G>A	1	0	rRNA	0	0
HCS-2010P4-k~chrM~1255~T~C	1	0.001178	0	0.5238095238095238	0	0	0.5185007107756914	0.5185007107756914	0.02800617102647477	0.8817753422216126	0.23011845594390057	1.2000537761926018	3.445371328240313e-34	16.976309617589774	0.31731050786291415	0.7559289460184544	1	CCA	0.0005475890569058308	0.007992007992007992	1.9632112768600194e-05	-3.398846495	0.06625557745450614	0	0.019801980198019802	1	T>C	1	0	rRNA	0.0000193	0
HCS-2010P4-k~chrM~8279~T~C	1	0.114286	0	0.6666666666666666	0	0	7.518698844650053e-21	7.518698844650053e-21	0.007829124943037091	2.7469221631911446e-14	1.3945289422665881e-05	4.344720832680312	0.9684936467957946	3.9906939043025886	0.6497188513177434	-0.887676196	0.09475991518363606	CTA	0.002929502929502932	0.007849293563579279	3.161678733364476e-09	13.104522890237178	0.1981251878660591	0	0.0297029702970297	1	T>C	1	0	NAN	0.000925997	1
HCS-2010P4-k~chrM~12105~T~C	1	0.002851	0	0.6190476190476191	0	0	0.7894000935669052	0.7894000935669052	0.16722321871230417	0.9711412163939469	0.8224454231051405	-0.224400832	2.72922949059055e-36	17.641457198451732	1	0.22381412908589723	0.7902003356766412	CCC	0.0005583769842325011	0.006993006993006993	2.492127049361805e-09	-0.020129725	0.7908594645593123	0	0.009900990099009901	0	T>C	1	0	Complex I	0.0000193	0
HCS-2010P4-k~chrM~12113~G~A	1	0.002152	0	0.5238095238095238	0	0	0.942579743791824	0.942579743791824	0.05894649780225121	0.9688405987820687	0.4751149812180079	-0.714181457	1.2904136460216998e-64	23.103514515792007	0.06559969214707187	1.8053491945564755	0.17912709349483708	CGA	0.0005426148091622185	0.006993006993006993	2.29937703163441e-09	-0.021466905	0.7904630300304472	0	0.07920792079207921	0	G>A	1	0	Complex I	0.0000386	0
HCS-2010P4-k~chrM~15173~G~A	1	0.001166	0	0.4761904761904761	0	0	0.03035040177314674	0.03035040177314674	0.8061591291361951	1	0.11985004853254452	1.5554033006074288	6.671824063570124e-53	20.027895138721785	0.31731050786291415	-0.176776695	0.35617044007230775	GAC	0.0022691935319624425	0.006993006993006993	0.01884762716625538	0	1	0	0.06930693069306931	1	G>A	1	0	Complex III	0.0000193	1
HCS-2012C1-k~chrM~3592~G~A	1	0.120678	0	0.5714285714285714	0	0	0.4031587099675096	0.4031587099675096	0.23350169820923505	1	0.31914185611162593	0.9962228980686415	4.491592773707047e-73	21.667620713693164	4.726884700630786e-14	9.086805657703431	0.000546245274362626	GGT	0.0021744841888726688	0.009484491412202206	5.238141965818852e-187	0	0.7822661965845472	0	0.009900990099009901	0	G>A	1	0	Complex I	0.000520874	1
HCS-2012C1-k~chrM~6249~G~A	1	0.002408	0	0.5238095238095238	0	0	0.8717811011398926	0.8727085117135902	0.8012145213684473	1	0.28531147840714854	1.0684635178477846	2.0779382900335547e-37	14.085461278854101	0.4385780260809998	0.2578938702789001	1	TGC	0.0009172179593772346	0.008658008658008661	1.1630433630419755e-12	0	1	0	0.0297029702970297	1	G>A	1	0	Complex IV	0.001176788	1
HCS-2012C1-k~chrM~8594~T~C	1	0.798919	0	0.3333333333333333	0	0	0.182381736021901	0.18264041223690086	0.19483991533365752	1	0.018270480601478702	-2.360090433	8.071266953934229e-18	8.495579521741437	1.8896462584447815e-78	20.46872396644081	0.968561432411319	ATC	0.00925648658646137	0.015486042160117676	2.2706147982565904e-243	0	0.43297833634288574	0	0.009900990099009901	0	T>C	1	0	Complex V	0.001003164	1
HCS-2012C1-k~chrM~9838~G~A	1	0.00105	0	0.3809523809523809	0	0	0.6472731400997831	0.6472731400997831	0.48999506311633756	1	0.6212317698555678	0.49410536397078275	2.9672859742875617e-41	20.652106523784383	1	-1.224744871	0.5002821737808788	GGC	0.000922187777857886	0.006993006993006993	0.03239860861471304	0	0.5000401524854019	0	0.04950495049504951	1	G>A	1	0	Complex IV	0	1
HCS-2012C1-k~chrM~14423~G~A	1	0.11882	0	0.6666666666666666	0	0	0.2200531255880337	0.2198455977332069	0.4134291720393273	1	2.2860775476730776e-08	5.5888276119198315	1.7647125620458596e-19	20.926407016650213	4.493877103601445e-05	8.790191996577558	0.5144268323270753	TAA	0.0031909837735079718	0.010186008996948184	5.1924281720392795e-232	0	0.3195088705564977	0	0.0297029702970297	0	G>A	1	0	Complex I	0.0000193	1
HCS-2012P3-k~chrM~72~T~C	1	0.015913	0	0.6666666666666666	0	0	1.1230871838153635e-06	1.1291705567404176e-06	0.020189088396828498	1	0.06652913344330277	-1.834841798	2.5781034056434637e-25	10.938210935760672	0.31731050786291415	0.27038282920459067	0.41854187470867027	GCA	0.011650345650917122	0.017298490982701503	7.67874383680468e-18	0	0.5627165068592221	0	0.32673267326732675	0	T>C	1	0	Dloop	0.017921908	1
HCS-2012P3-k~chrM~709~G~A	1	0.001985	0	0.5714285714285714	0	0	0.24310360313474377	0.24310360313474377	0.3637074544085225	0.2880953402595685	0.13975123814298462	1.4767180258620662	9.808502784384483e-86	21.893671930233072	0.31731050786291415	0.5303300858899106	1	CGT	0.0036214343941006542	0.013986013986013986	0.0013776268702846495	-3.374944172	0.6249582675912732	0	0.3564356435643564	1	G>A	1	0	rRNA	0.129909715	1
HCS-2012P3-k~chrM~6541~G~A	1	0.001131	0	0.5238095238095238	0	0	0.9760956202367433	0.9760956202367433	0.20262992187594797	0.9903078234057687	0.8757968371772936	0.15629964369583765	1.6890943122244982e-17	13.231870640745045	1	0.4629100498862757	0.6251945558249445	CGC	0.0011712264343843274	0.008741258741258742	0.00253871233775001	-0.023859649	0.37470777322005233	0	0.009900990099009901	1	G>A	1	0	Complex IV	0	0
HCS-2012P3-k~chrM~9973~T~C	1	0.001837	0	0.3333333333333333	0	0	0.9682319769002228	0.9682319769002228	0.14040292403212323	1	0.6040931315222993	0.5185234093206685	2.4063230867697216e-19	15.461270596725688	0.7054569861112734	-0.108631024	1	ACC	0.0009629122929615616	0.008606777837547068	2.641258732347965e-08	0	0.7831887112823073	0	0.009900990099009901	1	T>C	1	0	Complex IV	0.0000193	0
HCS-2012P3-k~chrM~11711~G~A	1	0.001663	0	0.5714285714285714	0	0	0.23670014302249698	0.23670014302249698	0.3795038721980508	0.13642656330235395	0.6070033866806426	0.5143556126149462	1.7953255580724737e-31	19.071709480023593	0.31731050786291415	-1.309307341	0.13214604049741754	CGC	0.006867393634105511	0.012654012654012654	2.99018757293357e-08	1.4719677775612325	0.5211259764365673	0	0.24752475247524752	0	G>A	1	0	Complex I	0	1
HCS-2012P3-k~chrM~16153~G~A	1	0.002067	0	0.3809523809523809	0	0	0.23957145483945186	0.2396551638242107	0.9224711647851919	0.9987465153300731	0.7722904669280869	0.2893801716686911	4.161665614388614e-28	15.691199169989599	1	0.11677484162422844	0.6072716339682043	TGT	0.0014767025560080368	0.008391608391608392	4.2633519978638394e-08	0.0023463162834360674	1	0	0.0594059405940594	0	G>A	1	0	Dloop	0.007600895	1
HCS-2013C1-k~chrM~2809~C~T	1	0.001465	0	0.4285714285714285	0	0	0.8726299496571939	0.8726299496571939	0.5113879223817424	1	0.9063034566822111	-0.117702411	1.054040016033696e-65	20.47973519290069	0.15729920705028502	1.1572751247156894	1	TCG	0.00740671248698492	0.013986013986013988	5.16741651115958e-05	0	0.3367840413655588	0	0.0297029702970297	1	C>T	1	0	rRNA	0	1
HCS-2013C1-k~chrM~3094~G~A	1	0.001077	0	0.4285714285714285	0	0	0.7712958706772558	0.7712958706772558	0.6435051155864431	0.8903131561954765	0.6822243096002637	0.40942975178949315	3.07589980305771e-54	18.42141770959611	0.6547208460185769	0.4898979485566356	0.3767403722025416	CGG	0.006420078747793449	0.012587412587412588	0.003926455121925864	0.3577981651376163	1	0	0.06930693069306931	1	G>A	1	0	rRNA	0	0
HCS-2013C1-k~chrM~14960~G~A	1	0.010631	0	0.3809523809523809	0	0	0.5629056551201382	0.5629928217755732	0.05978089798493528	0.9916537759627285	0.38279803434266213	0.8727524280599022	4.325814686784653e-108	28.127257349448023	0.0398946835445444	2.6863403596079207	0.0514453540119713	AAA	0.0009076671175339951	0.007705257705257697	8.017042794714645e-56	-0.004502741	0.6271176725633024	0	0.019801980198019802	0	G>A	1	0	Complex III	0.0000193	1
HCS-2013P3-k~chrM~72~T~C	1	0.0014099999999999	0	0.6666666666666666	0	0	0.6701081003326663	0.6704825861230823	0.2704173793916751	1	0.9431592337265488	0.0712997003295575	1.6903559967815735e-63	16.542911567004086	0.5	1.503841235482809	1	GTA	0.007480776621217836	0.013986013986013988	3.534310999502588e-07	0	0.05895523998028268	0	0.32673267326732675	0	T>C	1	0	Dloop	0.017921908	1
HCS-2013P3-k~chrM~146~T~C	1	0.00154	0	0.4285714285714285	0	0	0.7019173323028589	0.7016034085606169	0.47072736663287396	1	0.5296735764570044	0.6285043827595163	1.0712169693505155e-52	13.094592327417438	0.4142161782425252	1.6991815809714927	0.4184621373754849	CTC	0.005849395679903928	0.013486513486513491	2.2808376433546977e-06	0	0.4241399029695614	0	0.2376237623762376	1	T>C	1	0	Dloop	0.195096072	1
HCS-2013P3-k~chrM~189~A~G	1	0.005639	0	0.3809523809523809	0	0	0.20407462523915154	0.20407462523915154	0.528766779632731	1	0.24421173435319787	1.1645239720449905	6.600253778726332e-40	16.25263998862377	0.19134502330380587	1.4366011107202832	1	AAC	0.0035082974143013502	0.010489510489510495	1.8742747279418587e-12	0	1	0	0.19801980198019803	1	A>G	1	0	Dloop	0.054363763	1
HCS-2013P3-k~chrM~1016~T~C	1	0.001247	0	0.3333333333333333	0	0	0.0973913739870452	0.09729691946961111	0.7918483992507533	0.9958937223753216	0.9373501807853778	-0.078600763	3.3517424865653235e-64	20.04546759656334	1	0.6123724356957945	0.5000098502542459	ATA	0.00047831419631190697	0.006993006993006993	0.02244821360299879	-0.022544899	1	0	0.009900990099009901	1	T>C	1	0	rRNA	0.0000193	0
HCS-2013P3-k~chrM~1888~G~A	1	0.002112	0	0.4761904761904761	0	0	0.5888792167794548	0.5887910028546626	0.058750218593865075	6.664684841778475e-15	0.14923110566650094	-1.442252675	3.2254408843458372e-55	17.852759676351987	0.5769991622487407	1.3109805783177502	0.006498124179030918	AAC	0.0004509406704624294	0.007242757242757248	9.96782841060595e-18	9.253220025760207	0.257961324634681	0	0.06930693069306931	1	G>A	1	0	rRNA	0.05517401	1
HCS-2013P3-k~chrM~2943~G~A	1	0.001274	0	0.4285714285714285	0	0	0.803656803389197	0.803656803389197	0.21216348960879228	0.9992846082908267	0.8108985836885723	0.23926695977215945	2.1757987849380062e-59	18.202311729380444	0.31731050786291415	0.5669467095138409	1	CGC	0.003484864459996514	0.008991008991008992	0.0035582388815835002	-0.002937145	0.2851947316893324	0	0.0297029702970297	1	G>A	1	0	rRNA	0	0
HCS-2013P3-k~chrM~3196~G~A	1	0.0017499999999999	0	0.3333333333333333	0	0	0.29716349172848255	0.29716349172848255	0.29053762260884264	1	0.6479282703077187	0.45664216050946077	4.8928568342984704e-58	20.318249747058243	0.4142161782425252	1.6338434577536627	1	AGT	0.005632124956921005	0.012820512820512824	0.00010315135487558613	0	0.3881364520854633	0	0.019801980198019802	0	G>A	1	0	rRNA	0.000250791	1
HCS-2013P3-k~chrM~9450~G~A	1	0.00105	0	0.4761904761904761	0	0	0.3775055567199358	0.37759417970381415	0.44779262021452937	0.03205610960627131	0.08843920915958856	1.703688973779343	2.1134722332366075e-73	22.445939515110545	1	0	1	CGG	0.0005165289256198384	0.006993006993006993	0.001336503256371093	4.626325757575756	0.625066141620607	0	0.06930693069306931	1	G>A	1	0	Complex IV	0.0000193	0
HCS-2013P3-k~chrM~12113~G~A	1	0.00117	0	0.5238095238095238	0	0	0.8900801995901158	0.8907854682207864	0.1641721762242554	0.9839812473232871	0.28184932690484055	-1.076174265	4.014215857047311e-94	26.203341072970826	0.21875	1.4142135623730951	0.7425414512594233	CGA	0.0005017222189916097	0.008547008547008548	9.053892914181886e-07	-0.015470895	0.3255962126419548	0	0.07920792079207921	0	G>A	1	0	Complex I	0.0000386	0
HCS-2013P3-k~chrM~16290~C~T	1	0.888326	0	0.4285714285714285	0	0	0.9018907705208353	0.9009523956881567	0.4824618926693106	1	3.816837176001305e-08	5.499123513109005	3.1241809222906354e-09	8.091079448818517	1.0722348652368425e-54	19.02044323198162	0.4559883604896391	ACC	0.02001814978914212	0.027181361352215546	7.71263576803458e-83	0	0.9580496971624626	0	0.21782178217821782	0	C>T	1	0	Dloop	0.037618643	1
HCS-2014C1-k~chrM~4703~T~C	1	0.142512	0	0.3809523809523809	0	0	0.05841822637350567	0.05841822637350567	0.588713911319974	0.9915547801768516	0.5256506606455633	-0.634659274	0.0002150958903113279	4.691587617990312	0.03222168746789262	2.4881719766635433	0.5417074096201439	ATA	0.0027508036986709956	0.010710808179162607	1.708111675809714e-27	-0.278810966	0.7132156225248516	0	0.009900990099009901	1	T>C	1	0	Complex I	0.005710317	1
HCS-2014C1-k~chrM~6502~C~T	1	0.010671	0	0.5238095238095238	0	0	0.16511668978482907	0.16511668978482907	0.853210546345091	0.9751856909279779	0.12306453205651606	1.5420372905909154	5.3099905786930404e-09	6.246147399460399	0.7854947471183542	1.3174650984805198	0.17398095949898162	CCA	0.0005537246916557258	0.006993006993006993	5.1150344462707295e-06	-0.042145594	0.5020721067117306	0	0.07920792079207921	1	C>T	1	0	Complex IV	0	0
HCS-2014C1-k~chrM~11168~G~A	1	0.026836	0	0.6666666666666666	0	0	0.7296676356353864	0.7296676356353864	0.5378694706216292	0.9835751020133454	0.8880275875200819	0.14080045004921188	8.12090670370843e-08	7.584724283646517	0.2567065005208341	1.235894439236242	0.8485709024491273	AAG	0.0005508190439697286	0.006993006993006998	9.826866044007393e-17	-0.006849315	1	0	0.04950495049504951	0	G>A	1	0	Complex I	0	0
HCS-2014P2-k~chrM~6384~G~A	1	0.001403	0	0.3809523809523809	0	0	0.3245834138591073	0.3245834138591073	0.6976479805457831	0.976112394345937	0.8358046826106701	-0.207262726	1.1147720644396677e-58	18.355225475514327	1	0.6123724356957945	0.22938527846668752	GAC	0.0018117152240193512	0.006993006993006993	0.06940547793394353	-0.085403133	1	0	0.039603960396039604	1	G>A	1	0	Complex IV	0	1
HCS-2014P2-k~chrM~9868~G~A	1	0.001723	0	0.4285714285714285	0	0	0.3579155126887149	0.3579155126887149	0.13841830207759379	1	0.3913131263016627	0.8572384327663133	5.913896656931392e-25	13.054701731447397	0.5001842570707944	0.6714423872576917	0.1789963579813837	CGC	0.0005878957894313023	0.007992007992007992	1.94795359050894e-09	0	0.11691215732111303	0	0.0594059405940594	1	G>A	1	0	Complex IV	0.0000193	1
HCS-2014P2-k~chrM~11711~G~A	1	0.001506	0	0.5714285714285714	0	0	0.4686828567456396	0.4686828567456396	0.0096137329589332	0.3513994276885636	0.7738234698045218	-0.287377262	2.0758191459904346e-44	14.330441395335312	0.7127018566581784	1.077073683318948	0.021593342189324884	CAC	0.006017649920088696	0.01048951048951049	0.001179095755475911	-1.688211382	0.3877913792911035	0	0.24752475247524752	0	G>A	1	0	Complex I	0	1
HCS-2014P2-k~chrM~15438~G~A	1	0.001022	0	0.6190476190476191	0	0	0.16783533250376992	0.16783533250376992	0.055531574614176085	1	0.14446454707044667	-1.459365461	1.264558576663753e-41	14.962740833579984	0.5	0.39477101697586137	0.3858447315287833	GAC	0.004051504051503906	0.008264462809917356	0.0031268902106577853	0	0.13108458468406725	0	0.04950495049504951	0	G>A	1	0	Complex III	0	0
HCS-2014P2-k~chrM~16035~G~A	1	0.001398	0	0.4285714285714285	0	0	0.2929711544117517	0.2930637281658941	0.0515045912265215	1	0.22066465260103518	1.2247626731934702	2.674565297589849e-44	17.05686805441949	0.4922069926558157	0.5367198354991007	0.0004323122984973794	GAG	0.0005515458830749807	0.007628734901462175	1.005142958434939e-07	0	0.06523629140350112	0	0.0594059405940594	0	G>A	1	0	Dloop	0	0
HCS-2015C4-k~chrM~709~G~A	1	0.001213	0	0.5714285714285714	0	0	0.9639814651860668	0.9639814651860668	0.9189418283913535	0.5100571988823374	0.2064247692325485	1.2634576163219529	3.232500046460382e-47	14.929016815790124	0.10880943004054568	0.4615930911724977	1	CGT	0.004803383500340034	0.012237762237762238	2.52694430282136e-06	-1.097299614	0.5761206771936052	0	0.3564356435643564	1	G>A	1	0	rRNA	0.129909715	1
HCS-2015C4-k~chrM~5460~G~C	1	0.247817	0	0.5714285714285714	0	0	0.6694966042307127	0.6700625124718161	2.9123159526524075e-10	0.8953731773328963	0.00010610258349770349	3.876195181548206	1.042201557521258e-09	9.602095887407547	1.034989476811544e-07	7.775488171302544	0.014606812790610265	CCC	0.007061941344526163	0.01299916628383781	3.9652749857167014e-97	-0.036653582	0.9525665639700223	0	0.039603960396039604	0	G>C	0	1	Complex I	0	0
HCS-2015C4-k~chrM~7494~C~T	1	0.485798	0	0.6190476190476191	0	0	0.9750343506204097	0.9761503604753775	0.8215398565832227	7.214517261480405e-17	0.9575917559231868	-0.053175902	4.3267916497435e-14	7.423267742385937	1.652864138112537e-10	6.696675729109831	0.6328833735651438	CCA	0.005425253212863881	0.012550607287449387	1.6229690283359417e-131	0.5508228535941626	0.5956303453426137	0	0.07920792079207921	1	C>T	1	0	tRNA	0	0
HCS-2015C4-k~chrM~11852~G~A	1	0.001267	0	0.6190476190476191	0	0	0.006013649539222416	0.006013649539222416	0.2736872507723255	0.9965403839646605	0.18836415908319493	1.3154337796011348	6.527296409625656e-48	17.894175251442324	0.31731050786291415	0.5303300858899106	0.35760744442858283	CGC	0.0011136848957763134	0.01048951048951049	0.00227320973478455	-0.004174494	0.1249096272396983	0	0.019801980198019802	1	G>A	1	0	Complex I	0.000192916	1
HCS-2015C4-k~chrM~13289~G~A	1	0.001197	0	0.4285714285714285	0	0	0.516953296992466	0.5172693567153095	0.061861553128224854	0.9837574601482968	0.32782379488230673	0.9785066683430959	1.8145783518467435e-49	17.112294194261093	0.17971249487899976	-0.596284794	0.21505857910785278	GAC	0.0006385367210109526	0.006993006993006994	0.0004335887352575119	-0.041237113	1	0	0.04950495049504951	1	G>A	1	0	Complex I	0	0
HCS-2015C4-k~chrM~14462~G~A	1	0.134385	0	0.4761904761904761	0	0	0.6589927416178556	0.6587882082442568	0.05288753769335525	0.7625284481085943	0.0003875285192484219	3.5484343980820503	1.9321704520459058e-08	16.308266140562274	0.011787859633919703	7.42823389671506	0.8069363595697426	TAT	0.0006400857207308838	0.0076826526530669225	5.881267072314907e-233	0.06574887064961388	0.24172644859718262	0	0.009900990099009901	1	G>A	1	0	Complex I	0.0000193	1
HCS-2015P1-k~chrM~203~G~A	1	0.0013469999999999	0	0.238095238095238	0	0	0.7533026617636103	0.753521494646525	0.0007231388419982271	1	0.05640260011274117	1.9079119298398515	1.1583138641325303e-07	10.315353718958347	0.8281962042260473	-0.504963123	0.16199593864427464	AGT	0.02354960637911063	0.030930607853684774	3.973200967043451e-19	0	0.06854283810980463	0	0.07920792079207921	1	G>A	1	0	Dloop	0.004572112	1
HCS-2015P1-k~chrM~3080~G~A	1	0.00201	0	0.5238095238095238	0	0	0.4289452082357309	0.42887888207595304	0.15735393752839089	1	0.19454041466903638	-1.29726386	5.614540147555039e-66	18.156511220897315	0.31731050786291415	-1.161895004	0.30866888665209213	GGA	0.0043532540281563375	0.013111888111888112	1.6235838786601468e-05	0	1	0	0.0891089108910891	0	G>A	1	0	rRNA	0	0
HCS-2015P1-k~chrM~3435~C~T	1	0.001129	0	0.6190476190476191	0	0	0.08415063097850939	0.08415063097850939	0.3311774716857909	1	0.009755247933401644	2.584386243134588	4.3005462048450903e-70	17.9300118396748	0.15729920705028502	-1.044465936	0.672096999952098	ATG	0.0006144700553023087	0.009790209790209791	0.00026261156150535035	0	0.3752161241593324	0	0.019801980198019802	1	C>T	1	0	Complex I	0.000829539	1
HCS-2015P1-k~chrM~9946~T~C	1	0.001382	0	0.3333333333333333	0	0	0.8818531726784355	0.8818531726784355	0.20850579017108306	1	0.38838816664237863	-0.862544118	1.794874970296454e-66	19.510056414305915	0.15729920705028502	0.8677218312746247	1	GTG	0.0022724254452625233	0.00909090909090909	2.7507885793884693e-05	0	1	0	0.009900990099009901	0	T>C	1	0	Complex IV	0	0
HCS-2015P1-k~chrM~10176~G~A	1	0.0012859999999999	0	0.6190476190476191	0	0	0.0013643642012915592	0.0013643642012915592	0.05156068924359643	1	0.5771810348364731	0.5575070628630648	1.0662788116732657e-64	18.17639732761561	0.31731050786291415	0.11306675421666136	0.04341816738926468	CAG	0.007452354121501553	0.013986013986013986	1.441782852546703e-10	0	0.8033307624469395	0	0.07920792079207921	0	G>A	1	0	Complex I	0	1
HCS-2015P1-k~chrM~11139~T~C	1	0.001219	0	0.5238095238095238	0	0	0.7383659874188198	0.7386756498878988	0.07650021708993408	0.9742213308538038	0.33095025984117177	-0.97220161	9.420554281769173e-69	14.810641746490829	0.8907458009320663	0.24056261216234406	0.0880631027342966	ATC	0.0005173556658529133	0.006993006993006994	1.4868270834991358e-06	-0.041614796	0.7534696837049982	0	0.009900990099009901	0	T>C	1	0	Complex I	0	1
HCS-2015P1-k~chrM~11711~G~A	1	0.001799	0	0.5714285714285714	0	0	0.30254428093940267	0.30262852875323987	0.13423729392555087	0.48839915954552937	0.05054988010280944	1.9552812748981638	1.1405248673348642e-27	10.597545832633294	0.022023194875731924	-0.917574535	0.022390802505344747	CAC	0.012687583970679294	0.018648018648018655	3.758952654219499e-09	-1.004327902	0.4223638848269606	0	0.24752475247524752	0	G>A	1	0	Complex I	0	1
HCS-2015P1-k~chrM~15148~G~A	1	0.0013109999999999	0	0.5714285714285714	0	0	0.6379668123154916	0.6379668123154916	0.294722548408776	1	0.2566186113866482	-1.134419528	3.3376779776772016e-52	16.30647762074253	0.31731050786291415	0.6943650748294136	0.12530865565167987	CGT	0.005111607056917922	0.012237762237762238	0.007373390924797482	0	0.6251406298868882	0	0.009900990099009901	1	G>A	1	0	Complex III	0.00646269	1
HCS-2015P1-k~chrM~16172~T~C	1	0.001443	0	0.3333333333333333	0	0	0.5313579221778079	0.5313579221778079	0.15141617880472752	1	0.49423188622501557	0.6835935064646033	3.9150099242679505e-43	12.50874127415783	0.17971249487899976	1.7056057308448833	0.21898056707757205	ACC	0.0025387421220753846	0.01048951048951049	0.0013781414429988978	0	0.6874531752123212	0	0.0891089108910891	0	T>C	1	0	Dloop	0.073828999	1
HCS-2016C4-k~chrM~3955~G~A	1	0.002039	0	0.6666666666666666	0	0	0.1332362704664611	0.1332362704664611	0.16084028432722586	1	0.4593318967848946	0.7399474242558308	2.812332236182395e-57	16.98409263957812	0.4652088184521418	-0.492487581	1	CAC	0.001502115829178036	0.009535918626827717	8.282194315295693e-07	0	0.5483759928033776	0	0.06930693069306931	1	G>A	1	0	Complex I	0	1
HCS-2016C4-k~chrM~16153~G~A	1	0.1210859999999999	0	0.3809523809523809	0	0	0.014565017675002656	0.014565017675002656	0.6315084416391916	1	0.3592570430706863	0.9167817016681555	7.703579458814075e-08	10.63945017071366	0.05517060497292557	3.8893929840339845	0.9438948623212103	TAT	0.010889575540738277	0.016147488874761643	9.416791461968547e-55	0	0.4992354197844606	0	0.0594059405940594	0	G>A	1	0	Dloop	0.007600895	1
HCS-2017P1-k~chrM~203~G~A	1	0.00115	0	0.238095238095238	0	0	0.3000959578544812	0.3000959578544812	0.5946005767283831	1	0.23532303721932835	1.1867581334683401	1.0969694878878927e-23	12.17370668139029	0.6547208460185769	0.17677669529663687	0.3646350283370427	AGT	0.01092100696843741	0.017482517482517484	0.05151037251980662	0	1	0	0.07920792079207921	1	G>A	1	0	Dloop	0.004572112	1
HCS-2017P1-k~chrM~1474~G~A	1	0.001023	0	0.6666666666666666	0	0	0.9199973669165021	0.9199973669165021	0.14953263305627523	0.9597688021385463	0.21874736903887482	1.2298657838370193	8.413152975918851e-50	14.468248067218049	1	0	0.34781626617249484	CAC	0.007550895167960398	0.013986013986013986	0.001514197185454528	-0.171175858	0.3719483300429643	0	0.0297029702970297	1	G>A	1	0	rRNA	0	0
HCS-2017P1-k~chrM~3022~G~A	1	0.001081	0	0.5238095238095238	0	0	0.8310717162872882	0.8310717162872882	0.3211506200042472	1	0.8229072449052788	0.22380730586523456	8.672273413767701e-61	17.61075902334638	0.31731050786291415	-0.255550626	0.7096816604489274	CAC	0.0005937458767647497	0.006993006993006993	2.763393411827422e-05	0	0.7184031541545173	0	0.039603960396039604	1	G>A	1	0	rRNA	0	1
HCS-2017P1-k~chrM~12813~C~T	1	0.001038	0	0.5714285714285714	0	0	0.37857460447194846	0.37857460447194846	0.3188129131968309	1	0.36914837550226953	0.8980697301810899	6.556661865145377e-85	17.79616331260315	1	0	0.6571239237922124	ATG	0.00385845913742895	0.011188811188811189	0.00336659608299694	0	0.21778760652016266	0	0.009900990099009901	1	C>T	1	0	Complex I	0.001003164	1
HCS-2017P1-k~chrM~14560~G~A	1	0.002287	0	0.6190476190476191	0	0	0.22884940279484545	0.22898433801363605	0.06480986285897548	0.9925796307724712	0.15284474851000335	1.4295551053472755	1.4586197497683846e-106	26.74564085188597	0.10405923452892792	1.1222850838908132	0.05022998285620698	CGA	0.0060092903271821395	0.013286713286713287	9.331099394100356e-05	-0.027624309	0.11235687173036096	0	0.039603960396039604	1	G>A	1	0	Complex I	0.021105024	1
HCS-2017P1-k~chrM~14985~G~A	1	0.001104	0	0.4761904761904761	0	0	0.642064323690959	0.642064323690959	0.5399276071176515	0.9979997136742421	0.16329586116319472	1.394072007736615	1.4842840639822488e-43	11.312785280071765	0.17971249487899976	-0.353208629	1	CGC	0.0006336814641981287	0.008547008547008548	1.4334872006199924e-06	-0.004828585	0.7477052023048865	0	0.0594059405940594	1	G>A	1	0	Complex III	0	1
HCS-2017P1-k~chrM~15734~G~A	1	0.0022489999999999	0	0.6190476190476191	0	0	0.23001618100795873	0.23001618100795873	0.3115431711213078	1	0.5019387912513663	0.6714423223065897	8.699920940404669e-33	11.134686591297553	0.31731050786291415	0.18152704954572363	1	CGC	0.007521810166774235	0.014763014763014766	8.243255235917467e-12	0	1	0	0.019801980198019802	1	G>A	1	0	Complex III	0.003453199	1
HCS-2019C1-k~chrM~3255~G~A	1	0.213169	0	0.4285714285714285	0	0	0.7819493633593819	0.786880405351788	0.18727480262146545	1	0.0008336084914272711	3.341387306716704	3.959098692199431e-49	15.398615064089668	3.420470246534772e-15	7.916593303513052	0.4844366842321678	CGC	0.0006360555188176977	0.007708377612009754	0	0	0.3762530490290716	0	0.10891089108910891	1	G>A	1	0	tRNA	0	1
HCS-2019P1-k~chrM~7793~G~A	1	0.0024879999999999	0	0.5714285714285714	0	0	0.1388523055587258	0.1388523055587258	0.07565471619582292	1	0.08717989984853276	1.7104651103298754	1.1842739366716178e-23	11.523536602040343	0.17971249487899976	-1.490711985	0.20138169172317089	CAC	0.00040522857424265835	0.008391608391608392	0.0002265290290751745	0	0.6772016365098477	0	0.019801980198019802	1	G>A	1	0	Complex IV	0	0
HCS-2019P1-k~chrM~13201~G~A	1	0.002445	0	0.6190476190476191	0	0	0.30075415858694543	0.30075415858694543	0.9241200641263253	1	0.5661829891548475	-0.573682032	4.697910224273073e-25	12.032183805509003	1	1.3093073414159544	1	AGC	0.0004440436851812	0.006993006993006993	1.6600234614586016e-05	0	0.724982035962075	0	0.019801980198019802	0	G>A	1	0	Complex I	0	0
HCS-2019P1-k~chrM~14467~A~G	1	0.007712	0	0.3809523809523809	0	0	0.6250052657245622	0.6250052657245622	0.3218333257555658	1	0.20995382457362288	1.2536924187579122	0.07328469671404533	10.427159737905116	1	0.9245003270420484	0.7440273575494034	TAT	0.0005356345781877695	0.007770007770007771	1.2981641615350218e-06	0	0.7416785901734334	0	0.009900990099009901	1	A>G	1	0	Complex I	0.000192916	1
HCS-2022C4-k~chrM~709~G~A	1	0.001096	0	0.5714285714285714	0	0	0.6303387614556617	0.6303387614556617	0.836047503678675	0.9809515390483214	0.2994053180493801	1.0377095058744734	9.090369510196756e-55	14.721253417422677	0.29184054514378843	-0.335992001	0.805513760723453	CGT	0.0007578271598979136	0.00743006993006993	5.031329931807616e-10	-0.029853322	0.32810094319535044	0	0.3564356435643564	1	G>A	1	0	rRNA	0.129909715	1
HCS-2022C4-k~chrM~11305~T~C	1	0.0015609999999999	0	0.5238095238095238	0	0	0.07261786892753053	0.07268750917629346	0.6000161071454753	1	0.8532643309833565	-0.184955	9.81920268350216e-81	20.898248836492883	0.9640954216221704	0.469725561360082	0.8298745299792736	CTG	0.0006226808610125444	0.009324009324009327	1.2839610058126804e-13	0	0.5140959166730714	0	0.019801980198019802	0	T>C	1	0	Complex I	0.000231499	1
HCS-2022C4-k~chrM~16093~T~C	1	0.677118	0	0.3333333333333333	0	0	0.15431450648285408	0.1529665221258438	0.9204081618651787	1	0.9431138533643851	0.07135672104722271	8.350058432678462e-22	10.281803166985377	6.935500479242545e-63	19.044075226499654	0.6284710686221971	TCT	0.004271454139527976	0.01134654017559741	0	0	0.48693987260434834	0	0.1485148514851485	0	T>C	1	0	Dloop	0.057662628	1
HCS-2022P1-k~chrM~709~G~A	1	0.001472	0	0.5714285714285714	0	0	0.0037538269655046632	0.0037538269655046632	0.4376799066075041	0.30147675372719007	0.7322912821424321	0.3420792107636397	4.076093985122157e-45	13.343240096414199	1	1.326806944007555	0.8018603819681545	CGT	0.0052290322097600615	0.013986013986013986	7.08927624160781e-11	0.2900695931477486	0.458315925034371	0	0.3564356435643564	1	G>A	1	0	rRNA	0.129909715	1
HCS-2022P1-k~chrM~9010~G~A	1	0.001041	0	0.4761904761904761	0	0	0.8637675288201376	0.8637675288201376	0.692827375288144	0.015534269565715844	0.04777913446007996	1.979327596658319	2.8692706161373386e-57	18.407396649094917	0.31731050786291415	0.9908673886137245	0.7662113140422269	CGC	0.0007117856491958745	0.007628734901462175	1.8664930422915935e-07	4.295916273342911	0.006278606007612028	0	0.039603960396039604	0	G>A	1	0	Complex V	0.000520874	1
HCS-2023C2-k~chrM~16145~G~A	1	0.652196	0	0.3333333333333333	0	0	0.6515628481652722	0.6518035013044814	0.544645581783197	1	0.0012334615764328818	-3.231027301	2.638845630643472e-07	6.388748414135516	5.42046206771238e-32	12.867783469526595	0.6761905342555978	TAA	0.023451928554883032	0.03098554080780443	3.7263280795083e-62	0	0.0954206757489289	0	0.039603960396039604	0	G>A	1	0	Dloop	0.02884096	1
HCS-2023P6-k~chrM~60~T~C	1	0.001689	0	0.4761904761904761	0	0	0.3981023698691941	0.4004780326080267	0.7144950753583561	1	0.3367282089075748	0.9606499412523388	1.969859939685279e-82	21.21976339371211	0.5625	0.24743582965269675	0.5937631442404445	TTC	0.01022277354997902	0.017482517482517484	1.2963801926941966e-06	0	0.7902281160540696	0	0.19801980198019803	0	T>C	1	0	Dloop	0.000790956	1
HCS-2023P6-k~chrM~3106~C~A	1	0.102703	0	0.2857142857142857	0	0	0.014852980751788432	0.014852980751788432	0.13253452702666654	1	0.04205536075121203	2.032971912675082	0.5049554939499232	6.22564374616849	1	1.224744871391589	1	ACC	0.005953154652039428	0.006993006993006993	0.7104306898553399	0	0.4989749897498974	0	0.3564356435643564	0	C>A	0	1	rRNA	0.003993364	0
HCS-2023P6-k~chrM~3526~G~A	1	0.001193	0	0.6190476190476191	0	0	0.6064164967121399	0.6062020285306673	0.7024434801216208	1	0.26819225404199065	1.1072351963019613	1.4040904118738585e-14	12.21286155116598	0.4652088184521418	-1.123902974	0.2543711269830017	CAC	0.0008096411784936447	0.007575757575757576	8.299757557978992e-08	0	0.38780306954471777	0	0.039603960396039604	0	G>A	1	0	Complex I	0.0000579	1
HCS-2023P6-k~chrM~16108~C~T	1	0.001655	0	0.5238095238095238	0	0	0.8513965844875957	0.8513965844875957	0.08837155109546979	1	0.3934444610888861	0.853387481922844	5.283964235459903e-58	23.100512114698784	0.31731050786291415	1.507556722888818	0.5544859071678924	CTA	0.002206280804066743	0.009535918626827717	4.3276870382585296e-06	0	0.38670743938600116	0	0.12871287128712872	1	C>T	1	0	Dloop	0.008121769	1
HCS-2024P3-k~chrM~94~G~A	1	0.004821	0	0.6190476190476191	0	0	0.02986524344876957	0.029903926990185712	0.2826072351092874	1	0.3006774651480211	-1.034981684	1.1158921355846892e-79	19.40485894771115	0.05878172135535886	1.1241341107588616	0.032683267299795885	AAA	0.01637921243489648	0.02922718307333693	8.053407103345332e-14	0	0.6301873788108663	0	0.21782178217821782	1	G>A	1	0	Dloop	0.004166988	1
HCS-2024P3-k~chrM~2244~T~C	1	0.145669	0	0.3809523809523809	0	0	0.24518424117636584	0.24449936681839868	0.25208566550129885	1	0.8325427771286606	-0.211441499	8.198064293413499e-44	17.43664552977555	1.8897101212857197e-09	7.259100537669212	0.05352573491536554	ATA	0.000980673008820791	0.008289609031265327	0	0	0.6160969097793519	0	0.009900990099009901	1	T>C	1	0	rRNA	0.000250791	1
HCS-2024P3-k~chrM~7891~C~T	1	0.001067	0	0.4761904761904761	0	0	0.7313760911524545	0.7311905845097734	0.05726839866092054	1	0.36300218725716626	0.909659351960065	8.116631005987046e-70	19.716122971359365	1	0.35714285714285715	0.12606592832714114	ACC	0.0008265061987964944	0.023976023976023976	6.7377577429558906e-06	0	0.2885991164709453	0	0.07920792079207921	1	C>T	1	0	Complex IV	0.000424415	1
HCS-2024P3-k~chrM~11711~G~A	1	0.001251	0	0.5714285714285714	0	0	0.604568428992837	0.604568428992837	0.20339886220279557	1	0.5131429377323068	0.6539516786463098	4.496720709685683e-44	16.45658826069374	0.25	0.5095246653650681	0.7264896263087932	CGC	0.010790743481537706	0.020104895104895104	6.929092870550045e-05	0	0.5008567589750289	0	0.24752475247524752	0	G>A	1	0	Complex I	0	1
HCS-2024P3-k~chrM~11914~G~A	1	0.002016	0	0.4285714285714285	0	0	0.2254786917631414	0.22529899546387466	0.43067394608546083	1	0.553985272835662	0.591798880672843	2.1061161470333015e-56	19.815225027310454	0.8539232992870668	0.48824039653356854	0.8282791785970469	CAT	0.0009347232261304525	0.03729603729603731	5.314173382663693e-15	0	0.3832949728770225	0	0.26732673267326734	1	G>A	1	0	Complex I	0.109749981	1
HCS-2024P3-k~chrM~15431~G~A	1	0.001172	0	0.5238095238095238	0	0	0.6228955805856574	0.6228955805856574	0.4455544051946586	1	0.681392569802011	0.41056358532649245	1.846623069557907e-40	17.390858900151912	1	1.0256451881367414	1	CAC	0.004369392483400823	0.020979020979020987	0.004188150335243144	0	1	0	0.0594059405940594	1	G>A	1	0	Complex III	0.017420326	1
HCS-2024P3-k~chrM~15497~G~A	1	0.003351	0	0.6190476190476191	0	0	0.5840753806269612	0.5840753806269612	0.940190320424848	1	0.9275416666707077	0.09093823781539451	3.706186278450664e-56	23.320160022797953	0.6114529869535043	1.0782539491916403	0.8195987342163272	AGG	0.0010851217747769456	0.007729112992270889	8.973585812706791e-11	0	0.11313002621967182	0	0.07920792079207921	1	G>A	1	0	Complex III	0.005285902	1
HCS-2025C1-k~chrM~214~A~G	1	0.0471049999999999	0	0.1904761904761904	0	0	0.3455610069768623	0.3450982930754817	0.9205402261620754	1	0.5041023454266125	0.6680489522401687	0.1645940543707003	4.106452216482864	0.6761380228459023	1.4734541740043865	0.6355622028380581	TGA	0.014993902894258776	0.023093185883883552	1.3456486614194825e-18	0	0.6380288847544164	0	0.06930693069306931	0	A>G	1	0	Dloop	0.003009491	1
HCS-2025C1-k~chrM~9067~A~G	1	0.0016339999999999	0	0.4285714285714285	0	0	0.23718473442896748	0.23718473442896748	0.17936588745619508	1	0.9833248380142822	-0.020900738	2.079454143167757e-36	15.80716957842707	0.17971249487899976	1.620185174601965	0.32727850561344973	AAT	0.0004724581905789986	0.012432012432012432	3.384296932580455e-07	0	0.5120727271030366	0	0.039603960396039604	0	A>G	1	0	Complex V	0.000694498	1
HCS-2025C1-k~chrM~11711~G~A	1	0.001186	0	0.5714285714285714	0	0	0.0437837574283621	0.0437837574283621	0.8780604557217426	1	0.10682145535657378	1.6126459229489334	4.347122685014006e-55	18.77057345884295	0.17971249487899976	-0.63900965	1	CGC	0.006925707713109008	0.012820512820512822	0.0008548408992127424	0	0.43547444167801314	0	0.24752475247524752	0	G>A	1	0	Complex I	0	1
HCS-2025C1-k~chrM~12793~T~C	1	0.034078	0	0.3809523809523809	0	0	0.6334168437546464	0.6326127682247185	0.8191822732440707	1	0.40275506964542784	0.8367109375424739	2.8083552829961776e-70	18.965381947416827	0.0115571716325606	3.8905898084185084	0.28304251964561766	CTT	0.0005318077576794126	0.007875619526104992	5.829862783346339e-114	0	0.6170758754453727	0	0.009900990099009901	1	T>C	1	0	Complex I	0.000752373	0
HCS-2025P4-k~chrM~709~G~A	1	0.001451	0	0.5714285714285714	0	0	0.3216453576167031	0.3210450996085835	0.5915475959634531	0.9990184909464989	0.3252622824952449	0.9837015398305857	2.2779890525871517e-66	16.295313256393932	0.6547208460185769	0.6761234037828132	0.7716917176269735	CGT	0.004664397396895699	0.01048951048951049	7.617417297443484e-05	0.0020529665366453287	0.5792939035293325	0	0.3564356435643564	1	G>A	1	0	rRNA	0.129909715	1
HCS-2025P4-k~chrM~747~A~G	1	0.001082	0	0.4285714285714285	0	0	0.04777553485139653	0.048887006126415083	0.7388927687967497	1	0.7031994842513611	-0.381005073	1.3531434629168055e-37	14.516628138682735	0.9155825203905921	0.16329931618554522	0.5385145354361622	AGG	0.007782145911642003	0.01818181818181818	6.174472993908257e-07	0	0.7536722233588904	0	0.0594059405940594	1	A>G	1	0	rRNA	0.000173625	1
HCS-2025P4-k~chrM~1504~T~C	1	0.001217	0	0.3809523809523809	0	0	0.954042283790651	0.954042283790651	0.21015985894654232	1	0.8600581568383323	0.17630013390717414	7.579923230961385e-58	20.231124275182424	0.5	0.8783100656536799	1	GTA	0.007352780525036005	0.012987012987012988	0.0004040149566513631	0	0.7209574022942588	0	0.009900990099009901	0	T>C	1	0	rRNA	0	0
HCS-2025P4-k~chrM~2573~G~A	1	0.001353	0	0.6190476190476191	0	0	0.4120059580401686	0.4319890919288101	0.8874947279529479	0.6836907223571458	0.8098872198607469	-0.240571528	2.2370296001896772e-55	18.278323372537738	0.2578990352923395	0.38575837490522974	0.8176431475135812	CGG	0.001811361532704144	0.06643356643356645	1.941977654864254e-12	-0.555555556	0.6411022343954442	0	0.10891089108910891	1	G>A	1	0	rRNA	0	0
HCS-2025P4-k~chrM~7986~G~A	1	0.001224	0	0.6666666666666666	0	0	0.040941631234317426	0.040941631234317426	0.3230413023335851	1	0.14997027192802778	1.4396364839382287	1.0890276990026494e-60	20.64970884039711	0.31731050786291415	0.4629100498862757	0.05784522592254628	CGA	0.0006621484770585067	0.006993006993006993	0.0015011097181673269	0	0.6248461235642018	0	0.039603960396039604	0	G>A	1	0	Complex IV	0.0000193	0
HCS-2025P4-k~chrM~9055~G~A	1	0.001104	0	0.5714285714285714	0	0	0.8314903817138458	0.8311907882246938	0.30911411505245945	1	0.558559955506329	-0.584981798	5.243434898605764e-63	18.942875509784905	1	0.8944271909999159	0.09865613037696362	CAC	0.000662353976475019	0.006993006993006993	0.006539722962012185	0	0.12164558061635955	0	0.039603960396039604	0	G>A	1	0	Complex V	0.042402963	1
HCS-2025P4-k~chrM~9540~T~C	1	0.001791	0	0.5714285714285714	0	0	0.4206505325823997	0.42069140602782773	0.05819912220362536	1	0.1210361730066928	1.550439045606197	9.067373963480462e-66	23.08928545258861	0.3729984836134872	1.2552277948548332	0.2677722786934363	ATT	0.0006861646640652217	0.03520617313720762	6.171657392691417e-19	0	0.2634038087877593	0	0.2871287128712871	1	T>C	1	0	Complex IV	0.329732232	1
HCS-2025P4-k~chrM~11711~G~A	1	0.001046	0	0.5714285714285714	0	0	0.692171219796371	0.692171219796371	0.5689935319762851	1	0.1903514735691706	1.3095400707009048	4.847180475326942e-59	18.611436584117655	0.4922069926558157	0.5163977794943222	0.07023022493517944	CGC	0.0066418358233302196	0.012237762237762238	0.003168697006040077	0	1	0	0.24752475247524752	0	G>A	1	0	Complex I	0	1
HCS-2025P4-k~chrM~12344~T~A	1	0.03872	0	0.3809523809523809	0	0	0.009004680242887758	0.009004680242887758	0.8687755530606747	1	0.6764860573935494	0.41726298815567947	4.5630813783989294e-14	11.695295373194364	0.005102877869659358	2.178900484949575	0.41967054561117734	ATG	0.0007378057111627307	0.007423345884884337	5.28638067906113e-69	0	0.17911865165774105	0	0.019801980198019802	0	T>A	0	1	Complex I	0	0
HCS-2025P4-k~chrM~15557~G~A	1	0.001423	0	0.3809523809523809	0	0	0.9963418714584423	0.9963418714584423	0.9980247712829947	1	0.06977662650267444	1.8133579772468835	3.2434175357260483e-90	22.385973292938687	1	0	0.4615265840395132	CGA	0.0006223597982306609	0.006993006993006993	2.9787369323679083e-05	0	0.06652652910817435	0	0.0891089108910891	1	G>A	1	0	Complex III	0.0000193	1
HCS-2025P4-k~chrM~15898~T~C	1	0.109538	0	0.2857142857142857	0	0	0.7124270792452672	0.7119676270707793	0.7122986228365946	1	0.05614146602969856	-1.909935908	1.0944197157947867e-23	11.232720794446942	4.263910399078609e-06	5.0898717509863305	0.37903790213175126	GCA	0.004751418667564813	0.011883732134254138	9.270370459479244e-147	0	0.07087192211118763	0	0.009900990099009901	0	T>C	1	0	tRNA	0.0000193	1
HCS-2025P4-k~chrM~16390~G~A	1	0.00146	0	0.5714285714285714	0	0	0.7991125490629131	0.7993348577149529	0.19459602753566074	1	0.43862389767291177	0.7745190661464523	1.1562111577655972e-44	17.519240124616893	0.7504854193424544	1.1329411085998935	0.30394950821391276	GGG	0.0051388233597084295	0.016317016317016323	2.577490030271393e-07	0	0.0723171725987487	0	0.12871287128712872	0	G>A	1	0	Dloop	0.056948839	1
HCS-2026C7~chrM~1552~G~A	1	0.001166	0	0.3809523809523809	0	0	0.0004124144521818027	0.00041483452168026403	0.008534875603005386	1	0.6794718159193031	-0.413183992	8.291298074587294e-13	2.8117544511463075	0.10247043485974937	0.8187458870652157	0.5768591867469661	GGA	0.007602668411822139	0.014452214452214462	9.748311728339755e-18	0	0.0006756421408247409	0	0.1188118811881188	0	G>A	1	0	rRNA	0	0
HCS-2026C7~chrM~2551~G~A	1	0.00196	0	0.6190476190476191	0	0	0.003282060193679874	0.003266193588779496	0.03403390938221509	1	0.3609748923851027	0.9135090189546513	2.581184000037127e-56	9.5914111336547	0.22219460822417114	0.4476321837377293	0.0027509452933447086	AGT	0.0008737743018477605	0.007342657342657345	2.5016020846939e-22	0	9.20672504450196e-05	0	0.019801980198019802	0	G>A	1	0	rRNA	0	0
HCS-2026C7~chrM~8167~T~C	1	0.0011279999999999	0	0.4285714285714285	0	0	0.5279760889338518	0.5274903860982538	7.306901069352278e-07	1	0.011627175901857703	-2.523261932	1.0132834290648379e-22	4.494807830988725	0.0832645166635504	0.23819653367016547	0.0010583851127873027	GTC	0.0009971565148386497	0.03350815850815849	2.088070650064854e-32	0	0.002082959295794469	0	0.0594059405940594	1	T>C	1	0	Complex IV	0.002430743	1
HCS-2026C7~chrM~8203~C~T	1	0.0011799999999999	0	0.5238095238095238	0	0	0.08754989372443275	0.004185696159143894	0.16797080805527254	1	0.9292703138709201	0.08876293637192094	3.5363087554611635e-45	10.238136527728074	0.27630291733748347	0.14378998358849152	0.2682857091408971	TCA	0.0011222749400055174	0.041625041625041596	7.235022515245454e-29	0	0.21472490096356395	0	0.1188118811881188	1	C>T	1	0	Complex IV	0.000135041	0
HCS-2026C7~chrM~16002~T~C	1	0.19303	0	0.1904761904761904	0	0	0.004964255245221064	0.004997608697870123	0.7846265571976232	1	0.45104524817693714	0.7536735829631749	1.3856009550790744e-18	4.896829043724832	3.17485410719282e-13	3.8630698733301685	0.31774289812980105	ACT	0.0009230648765532539	0.007805484364799227	0	0	8.82168999056907e-06	0	0.009900990099009901	0	T>C	1	0	tRNA	0	1
HCS-2026C7~chrM~16034~G~A	1	0.057362	0	0.4285714285714285	0	0	3.0090844888123394e-16	2.7199185881975223e-16	0.11339368405609623	1	0.07931730980462844	-1.754661005	2.815998135704742e-23	4.069298718358793	0.0005552960373605049	1.8336266216199626	0.0003573338944036511	GGG	0.00363409738409725	0.007726884618912776	3.861500079793701e-159	0	0.14049858031534074	0	0.12871287128712872	1	G>A	1	0	Dloop	0	0
HCS-2026P1~chrM~3569~C~T	1	0.001905	0	0.5714285714285714	0	0	0.07160972167992138	0.07134116971781396	0.6392028328948456	1	0.7050665722285796	0.3784900657786398	3.1894257453489365e-74	9.565266321410743	1	0	0.09336124452332853	CCC	0.001304679876108423	0.006993006993006994	0.0015760028983149543	0	0.6606387789832233	1	0.2376237623762376	0	C>T	1	0	Complex I	0	1
HCS-2026P1~chrM~13758~C~T	1	0.0014399999999999	0	0.6190476190476191	0	0	0.004709696328145081	0.004681556059120196	0.04174618828874762	1	0.17680398949169096	1.350661191002933	7.038800025493364e-80	12.20577681161991	0.31731050786291415	-0.447213595	0.13624262507711285	CTG	0.0012685657208314275	0.006993006993006993	0.00014659860903219228	0	0.12783863611787707	1	0.09900990099009901	0	C>T	1	0	Complex I	0.000385832	0
HCS-2026P1~chrM~13783~C~T	1	0.001616	0	0.4761904761904761	0	0	0.02036826776548248	0.020271349071499585	7.238422822809838e-06	1	0.13589345681620796	-1.491259198	3.791409019680177e-157	26.180938826643935	0.2422880965362707	0.6857275130999355	0.0003395936761022376	CCC	0.0019789916787123015	0.007459207459207459	7.902729806504203e-07	0	0.17588836874600933	1	0.10891089108910891	0	C>T	1	0	Complex I	0.0000193	0
HCS-2026P1~chrM~14649~T~C	1	0.001651	0	0.4285714285714285	0	0	0.9621897099512422	0.9635972456535505	0.8689905402000866	0.9955967100629889	0.2586090828233354	1.129684756068852	1.543376386305044e-51	10.959008536091297	1	-0.298481003	0.2966909590586514	CTC	0.000944457841009559	0.007552447552447557	3.456068478310106e-14	-0.006066411	0.04482630491487574	0	0.009900990099009901	0	T>C	1	0	Complex I	0	0
HCS-2026P1~chrM~14902~C~T	1	0.002499	0	0.4285714285714285	0	0	0.0008083422619292799	0.0008229346321822484	0.3890753435569697	1	0.5275299866628121	0.6317810061158518	7.989710951638013e-81	11.655782198550826	0.0038678686666596975	1.39577611583377	0.39730394020837295	CCA	0.014352911252034745	0.02136325213248292	3.3857960596102844e-40	0	6.481260229670323e-06	0	0.04950495049504951	1	C>T	1	0	Complex III	0.002488618	1
HCS-2026P1~chrM~15756~G~A	1	0.001037	0	0.4285714285714285	0	0	0.9983554603001884	0.997906950391539	0.21551796956205038	1	0.6017819401566816	-0.521839708	7.224269684166687e-34	5.748433924068472	1	0.3872983346207417	0.2203092119384375	TGA	0.007806880288322146	0.013986013986013986	0.00020133539901031106	0	1	0	0.039603960396039604	0	G>A	1	0	Complex III	0	0
HCS-2028C5~chrM~5314~T~C	1	0.0592769999999999	0	0.5714285714285714	0	0	0.21620060380593675	0.2242102991910978	0.013153125225886634	0.6003228828714828	0.28701950300455104	-1.064682785	3.190427570739772e-33	5.9335189365480625	1.9050261967298074e-11	2.8055137192717083	0.06304637677529298	ACA	0.0011752063228217485	0.00799552973466009	0	0.0171413423758473	0.21555342788105153	0	0.019801980198019802	0	T>C	1	0	Complex I	0	0
HCS-2028C5~chrM~5610~G~A	1	0.001558	0	0.5238095238095238	0	0	0.056286251976240986	0.056286251976240986	0.486388766524363	0.07380644615644909	0.08231198091335971	-1.737426138	4.113006175453094e-31	7.605082337059487	0.31731050786291415	-0.18379072	0.055394057901277605	TGC	0.0006215575923453562	0.007492507492507493	2.8846621770359828e-09	1.7949704317557007	0.792683633040711	0	0.0297029702970297	0	G>A	1	0	tRNA	0	1
HCS-2028C5~chrM~7775~G~A	1	0.748544	0	0.3333333333333333	0	0	0.007411831626396485	0.007479043710803229	8.069443625148539e-06	1.7267276555960933e-06	0.012997291763733713	-2.483843491	7.7129178420232e-11	2.354896537821572	1.356323230315418e-11	2.4186565173917316	5.008237582898516e-05	CGT	0.0006154243201794649	0.007570421546324829	0	0.21802514529373695	0.19427343675531195	0	0.019801980198019802	1	G>A	1	0	Complex IV	0.001697662	1
HCS-2028C5~chrM~10310~G~A	1	0.0037199999999999	0	0.4285714285714285	0	0	0.4679321562484894	0.4679321562484894	0.0001387023408275323	1	0.8982388301746929	-0.127886455	8.610652836191673e-36	6.714588957988482	0.007212578345957219	1.7505535381614596	7.787540843615619e-06	TAC	0.0008275862068965491	0.007439369141496803	6.626166129237532e-26	0	0.04074346786311643	0	0.1485148514851485	1	G>A	1	0	Complex I	0.036962729	1
HCS-2028C5~chrM~16023~G~A	1	0.014047	0	0.3333333333333333	0	0	0.024824184954537067	0.025252950194099195	0.1999398838421167	1	0.254033341854203	-1.140607387	1.2837011767422996e-38	8.343152165275425	7.694409736947412e-05	1.6765891929045307	0.2440625543998869	TGT	0.0007947270304684711	0.007777936349364944	1.869666681794801e-102	0	0.010945842581491515	0	0.009900990099009901	0	G>A	1	0	tRNA	0	1
HCS-2028C5~chrM~16129~G~A	1	0.001034	0	0.2857142857142857	0	0	0.924181693690775	0.924181693690775	0.8669228112151903	1	0.5658354069936069	0.5741956583359629	1.4296052536238867e-23	4.343224627847335	0.31731050786291415	0.22742941307367104	0.3637627524856332	CAG	0.0009661778827743366	0.0074592074592074635	1.5817766164907908e-16	0	0.36559372848660865	0	0.26732673267326734	0	G>A	1	0	Dloop	0.134288911	1
HCS-2028C5~chrM~16156~G~A	1	0.0079069999999999	0	0.3333333333333333	0	0	3.547673200173006e-05	3.5483313228341206e-05	6.169731478661441e-05	1	0.5458837310026747	-0.603939703	5.399123239396191e-53	7.871447206392774	0.4779769108936337	0.7278621840801096	8.559970686884935e-07	AAT	0.0009571623772150708	0.007888111888111879	8.162361778550299e-64	0	0.01880559095607165	0	0.009900990099009901	0	G>A	1	0	Dloop	0.000385832	1
HCS-2028C5~chrM~16288~T~C	1	0.00135	0	0.5238095238095238	0	0	0.028103573170072945	0.0283723999960431	0.009697549445186356	1	0.029232111519813593	-2.180342114	2.630686620028308e-29	4.624585152204286	0.0157641152996124	2.4155567910951077	0.20876809924921258	CCA	0.02178125749355252	0.02029343205813793	1.716788876513236e-16	0	0.0016950810439833003	0	0.0297029702970297	0	T>C	1	0	Dloop	0.008198935	1
HCS-2028P2~chrM~3246~C~T	1	0.001114	0	0.6190476190476191	0	0	0.7144530972770992	0.7144530972770992	0.019536622917967268	1	0.5631126961923679	0.5782242980376127	1.9236874007439403e-67	14.690339900446785	0.31731050786291415	-0.105021006	0.2977173928299234	CCC	0.001624001624001591	0.007867132867132868	9.917515907654551e-05	0	0.16780942729606993	0	0.019801980198019802	0	C>T	1	0	tRNA	0	0
HCS-2028P2~chrM~5314~T~C	1	0.0011	0	0.5714285714285714	0	0	0.3981822502230308	0.3976927399308462	0.7171343249880135	0.05532017299069024	0.17183918039408608	-1.366317979	2.477481416804362e-44	11.059220112505324	0.09182383505322318	0.8398250546685182	0.5031232015951871	ACA	0.0016441073290180879	0.008741258741258744	2.3122291288332095e-10	-5.161082552	0.005899409578546334	0	0.019801980198019802	0	T>C	1	0	Complex I	0	0
HCS-2028P2~chrM~7775~G~A	1	0.613814	0	0.3333333333333333	0	0	0.03353375093571513	0.0332351701601635	0.00034145750173821454	0.00688885462766106	0.16071204091170666	-1.402680814	8.408140522340404e-36	9.34672274060236	1.8984107824590033e-54	11.10931617375299	2.1474886557363218e-07	CGT	0.0008522727272727316	0.00795521018905017	0	0.26209261271048234	0.0993929157946877	0	0.019801980198019802	1	G>A	1	0	Complex IV	0.001697662	1
HCS-2028P2~chrM~10569~G~A	1	0.004886	0	0.3333333333333333	0	0	0.16706997695396686	0.16711231591061926	0.10684681563747013	0.8686449877053319	0.5981384065536115	-0.527079465	4.546442805519418e-86	17.12838317267337	0.4828996977801915	0.9166666666666666	0.25508359007686576	AGA	0.001027136856013856	0.008741258741258745	6.928088366921511e-12	-0.116755793	0.8248988008661376	0	0.0594059405940594	1	G>A	1	0	Complex I	0	0
HCS-2028P2~chrM~10791~T~C	1	0.001549	0	0.2857142857142857	0	0	0.40225339137734206	0.4003603592892525	0.5119662521971647	0.997935929270976	0.06979877223816167	1.8132143186503826	2.258809925067943e-36	10.766232880002564	0.31731050786291415	-0.241660986	0.38713959922168534	TCA	0.0011913203800879145	0.007601094557616301	2.5176085269153135e-12	-0.000936037	0.4044836664613025	0	0.009900990099009901	0	T>C	1	0	Complex I	0	1
HCS-2028P2~chrM~13715~G~A	1	0.001601	0	0.6190476190476191	0	0	0.7808589914679236	0.7818276221956184	0.10667474918028835	1	0.0785295342076222	-1.759282519	2.1253523484553553e-46	14.084003064873599	0.31731050786291415	0.3872983346207417	0.4314008516691546	GGA	0.002323511161218655	0.008158508158508158	0.0020858026045686012	0	1	0	0.0297029702970297	0	G>A	1	0	Complex I	0	0
HCS-2028P2~chrM~14487~T~C	1	0.001133	0	0.4285714285714285	0	0	0.11420667229316067	0.11425209207812263	0.6596797458004484	1	0.14530793768440822	-1.456306398	8.433208872313388e-15	6.102110123233942	1	1.3333333333333333	0.47718302639861543	ACT	0.0016083195403016482	0.006993006993006994	5.7552406579845e-05	0	0.33252926466196275	0	0.009900990099009901	0	T>C	1	0	Complex I	0	1
HCS-2028P2~chrM~14560~G~A	1	0.001376	0	0.6190476190476191	0	0	0.4162588631919536	0.4162588631919536	0.33646905234865854	0.3478381259617229	0.5693622167799562	-0.568991046	2.522881111994048e-97	20.954063444252412	1	1.143543749793731	1	CGA	0.007659691859403896	0.013986013986013986	5.072070613468327e-06	1.499834047193822	0.5932575231469004	0	0.039603960396039604	1	G>A	1	0	Complex I	0.021105024	1
HCS-2028P2~chrM~15557~G~A	1	0.002886	0	0.3809523809523809	0	0	0.19606244037314358	0.1958721066948459	0.007093552049717871	1	0.18818459663696951	1.3159685562402996	1.5752006021083513e-54	11.231932526160488	0.4351560724455289	0.5013438877456314	0.022988434752260326	CGA	0.0015947241029131197	0.008449883449883455	4.587345751534367e-12	0	0.09955142963844199	0	0.0891089108910891	1	G>A	1	0	Complex III	0.0000193	1
HCS-2030-C1-3~chrM~3106~C~A	1	0.139394	0	0.2857142857142857	0	0	0.08405315771953813	0.08405315771953813	0.08416614835533937	1	0.8527761182038973	0.18557747608225086	0.23411133623674507	2.7260485182527416	1	0	0.4591836734693877	ACC	0.012412140289378194	0.006993006993006993	0.2434176046409532	0	1	0	0.3564356435643564	0	C>A	0	1	rRNA	0.003993364	0
HCS-2030-C1-3~chrM~5471~G~A	1	0.003219	0	0.5714285714285714	0	0	0.36337411071468884	0.36337411071468884	0.9933366998112699	1	0.2918611721822961	1.0540474964989235	1.8438983356844828e-34	9.862739634221958	0.2216236024593935	0.6605515706626153	0.04603437539027955	CGC	0.00149489716537221	0.02897102897102898	1.0022589703885716e-14	0	1	0	0.06930693069306931	1	G>A	1	0	Complex I	0.01232734	1
HCS-2030-C1-3~chrM~8414~C~T	1	0.855162	0	0.4761904761904761	0	0	0.3109283223425008	0.31086327486488474	0.8415888105805372	1	0.6928612402467267	0.39497513273102414	0.04550026389635839	1.680946577184664	5.463653219456425e-38	12.346801396322357	0.43953948624197137	ATT	0.022977022977022976	0.008736101656455275	4.599652937907791e-06	0	0.47365419738043635	0	0.0891089108910891	0	C>T	1	0	Complex V	0.037676518	1
HCS-2030-C1-3~chrM~8701~A~G	1	0.18922	0	0.2857142857142857	0	0	0.2956956157713946	0.2956956157713946	0.8457778319449498	1	0.20123499008682988	1.2780409436668847	1	-0.612372436	6.431558898478645e-19	7.456167709383384	1	AAC	0.13286713286713286	0.009936024010741248	0.0143312500373261	0	1	0	0.37623762376237624	1	A>G	1	0	Complex V	0.329905857	1
HCS-2030-C1-3~chrM~8860~A~G	1	0.7295900000000001	0	0.4761904761904761	0	0	0.36559922327098104	0.36554537629552997	0.13371649309896366	1	0.39061143742140103	0.8585090463025239	0.17971249487899976	0.8931977372352652	1.6630019911580125e-42	10.080552790194707	0.7067281440554068	CAC	0.03796203796203796	0.013150720047272312	0.502016741620424	0	1	0	0.8514851485148515	1	A>G	1	0	Complex V	0.98479821	1
HCS-2030-C1-3~chrM~8964~C~T	1	0.3979549999999999	0	0.4285714285714285	0	0	0.958664781987769	0.9589200615541384	0.9515698798945783	0.8161069006349467	0.49097051124827973	0.6887660376557208	0.12326456352716923	0.9214971056338535	5.198176294187658e-22	6.920099344437495	0.892748789247211	CTA	0.017927527018436095	0.013029064919469315	0.9941775835157399	-0.163636364	0.042499229730744395	0	0.07920792079207921	1	C>T	1	0	Complex V	0.010128096	1
HCS-2030-C1-3~chrM~9296~C~T	1	0.377881	0	0.6190476190476191	0	0	0.653895957502312	0.6539581337662945	0.5780976119107788	1	0.6569142660533047	-0.444177489	0.010695303058881776	1.3284322300496887	8.773700700254621e-79	16.461801675537888	1	GCC	0.030899333224914637	0.008807365494220582	5.95964477439782e-11	0	0.09152981452592389	0	0.06930693069306931	0	C>T	1	0	Complex IV	0.00239216	1
HCS-2030-C1-3~chrM~9540~T~C	1	0.723373	0	0.5714285714285714	0	0	0.09183836929376576	0.09178334723249267	0.4622428942668916	1	0.5987995688231925	-0.526127578	1	0	1.1019592392638704e-28	8.898434870925888	1	ATT	0	0.008989526060282738	0.0833153760815319	0	1	0	0.2871287128712871	1	T>C	1	0	Complex IV	0.329732232	1
HCS-2030-C1-3~chrM~9824~T~A	1	0.236002	0	0.4761904761904761	0	0	0.44200321013318167	0.4296182994276171	0.24223883042848182	1	0.8168352793252402	-0.231617287	1	0	1.285834894668189e-57	15.156325794921317	0.12973302666510164	TTC	0.005244755244755245	0.008315102514408063	0.24793965418229802	0	0.12488351003610966	0	0.09900990099009901	0	T>A	0	1	Complex IV	0.003028783	1
HCS-2030-C1-3~chrM~10948~C~T	1	0.001932	0	0.5714285714285714	0	0	0.4072035118288234	0.4070077696961153	0.7345567397189183	1	0.9273734190088814	-0.091149981	2.3826184810116692e-54	12.955045034649373	1	0	0.41662401351590084	CTC	0.0066471481441064025	0.011988011988011988	0.01697745988160559	0	0.28266639752536904	1	0.12871287128712872	0	C>T	1	0	Complex I	0.0000772	0
HCS-2030-C1-3~chrM~14153~T~C	1	0.0023699999999999	0	0.5238095238095238	0	0	0.5672580265883327	0.5672580265883327	0.11599479525008051	1	0.41417469799427487	-0.816569138	4.561269858071922e-34	9.461767718973514	0.0832645166635504	0.9056668257034524	1	ATT	0.0021477896321450522	0.008900190718372537	1.141842115279689e-05	0	1	0	0.019801980198019802	0	T>C	1	0	Complex I	0.000231499	1
HCS-2030-PT1-2~chrM~3106~C~A	1	0.121103	0	0.2857142857142857	0	0	0.08349584486034561	0.08349584486034561	0.08351957079836685	1	0.9038888938982997	0.12075020267062114	0.008329518019143913	3.0285919130300933	1	0	0.45202398800599697	ACC	0.012448916424910255	0.006993006993006993	0.23687548570944617	0	1	0	0.3564356435643564	0	C>A	0	1	rRNA	0.003993364	0
HCS-2030-PT1-2~chrM~13180~G~A	1	0.001713	0	0.5238095238095238	0	0	0.632613813790579	0.6328351984576522	0.8219309341969079	1	0.5654093242792375	0.5748254921874908	3.8333189776475924e-27	5.1266359838758575	0.4142161782425252	0.23129622216290363	0.24748677659784457	CGC	0.0013840326340326108	0.0072520072520072575	1.2745427120313915e-13	0	0.8494657024604351	0	0.0297029702970297	0	G>A	1	0	Complex I	0	0
HCS-2030-PT1-2~chrM~14153~T~C	1	0.010014	0	0.5238095238095238	0	0	0.5458229099876182	0.5462869455493231	0.4150916732235298	1	0.7797798908915036	-0.279605886	4.532473496063752e-49	11.461666805089097	0.11659989690429588	1.4141706164954038	0.24091188490728063	ACT	0.0019416224138086595	0.008809372445736076	1.9756068540625403e-32	0	0.05167116513266732	0	0.019801980198019802	0	T>C	1	0	Complex I	0.000231499	1
HCS-2032-C1-2~chrM~152~T~C	1	0.002255	0	0.3333333333333333	0	0	0.4688788218812947	0.4660181542159738	0.46903100195698955	1	0.7086618595786263	0.3736538566893455	6.942440180847141e-59	15.988227054304675	0.6547208460185769	-0.036021908	0.6283871239368733	CTA	0.007828204184479173	0.021801727684080632	8.608108677899709e-08	0	0.4753003326843779	0	0.37623762376237624	1	T>C	1	0	Dloop	0.259491473	1
HCS-2032-C1-2~chrM~499~G~A	1	0.001534	0	0.6190476190476191	0	0	0.1797867104979456	0.17982299274763647	0.5534223132190724	0.27804904522664275	0.43024647163881913	0.7887699570939417	1.7228659067820065e-15	7.5957027744673535	1	-0.105851225	0.49355145872685546	CGC	0.015229004374187215	0.009324009324009324	0.0033517840221305266	7.863022549589708	0.5185689539089858	0	0.019801980198019802	0	G>A	1	0	Dloop	0.036056023	1
HCS-2032-C1-2~chrM~827~A~G	1	0.001072	0	0.3809523809523809	0	0	0.4253654377237681	0.42642538118041584	0.21713420380001014	0.9993385007589238	0.29276040688858107	1.0520853195183033	8.088977494452534e-66	12.314906651538609	1	0	0.10955255624060545	AGC	0.009059869081077605	0.016083916083916086	1.5128100467073598e-05	0.0015149219815171477	0.22354914282563604	0	0.019801980198019802	1	A>G	1	0	rRNA	0.024963346	1
HCS-2032-C1-2~chrM~2300~G~A	1	0.8903709999999999	0	0.238095238095238	0	0	0.2192314627930968	0.2177469973023407	0.060575082000775896	1	0.8447225146316851	0.19585646310101465	1.2022457341058644e-05	3.8318380124625735	4.986270477185368e-38	11.708959731555131	0.0022492275214770524	TAT	0.0071770334928229805	0.010087880335315044	4.8756826597339485e-127	0	0.1446511836137264	0	0.019801980198019802	1	G>A	1	0	rRNA	0.0000193	0
HCS-2032-C1-2~chrM~3106~C~A	1	0.104034	0	0.2857142857142857	0	0	0.0837173213575938	0.0837173213575938	0.08382517056160711	1	0.7586152890023024	0.3072996671685724	0.1830822913930238	5.5318316158166	1	0	0.37829912023460405	ACC	0.006428226692543894	0.006993006993006993	0.8290877828327925	0	1	0	0.3564356435643564	0	C>A	0	1	rRNA	0.003993364	0
HCS-2032-C1-2~chrM~5237~G~A	1	0.528602	0	0.7619047619047619	0	0	0.011404483557002895	0.01138491602716293	0.05184502514586825	1	0.32120374125919315	0.9919872578117666	1.053187275279772e-14	6.802752361956487	2.4853305525599504e-18	7.753046946393893	0.08974213194345926	CGC	0.002312560856864646	0.009359384561192433	0	0	0.18907115456601936	0	0.04950495049504951	1	G>A	1	0	Complex I	0.004822903	1
HCS-2032-C1-2~chrM~5471~G~A	1	0.00111	0	0.5714285714285714	0	0	0.10385864768233437	0.10385864768233437	0.7701197445479997	1	0.5665778328784775	0.5730987509944829	8.878991248746496e-50	12.496477827140046	0.31731050786291415	0.24618298195866545	0.2494005395879944	CGC	0.0019806487167978895	0.028554778554778556	6.177016464486894e-09	0	0.25645724518458846	0	0.06930693069306931	1	G>A	1	0	Complex I	0.01232734	1
HCS-2032-C1-2~chrM~8701~A~G	1	0.002968	0	0.2857142857142857	0	0	0.718908434243084	0.718908434243084	0.6839789732860163	1	0.013530469975020524	-2.46949291	2.12810404203257e-39	9.926885055115735	0.017422889854768385	1.472410067572601	0.15866193645512375	AAC	0.003486279802069182	0.028171828171828162	2.625891015671866e-22	0	0.4987884446039011	0	0.37623762376237624	1	A>G	1	0	Complex V	0.329905857	1
HCS-2032-C1-2~chrM~8873~G~A	1	0.7506499999999999	0	0.4285714285714285	0	0	0.36642879613375434	0.3658898481188084	0.4434369442059706	1	0.03950635210835973	2.058873564510801	8.66705296568688e-18	7.098847457621491	4.1290122419671564e-50	10.862041356406458	0.013126435128831583	GGC	0.012784422620487934	0.020189872264436515	1.7788614146779802e-277	0	0.5506466863424073	0	0.039603960396039604	0	G>A	1	0	Complex V	0.0000193	0
HCS-2032-C1-2~chrM~11719~G~A	1	0.835434	0	0.6190476190476191	0	0	0.9889328480207583	0.9885152479633732	0.4539331817601876	1	0.7338776904965807	-0.339971899	1	0	2.2862485562165784e-60	13.798071123086517	1	GGC	0	0.009104542125548232	0.08331111794095207	0	0.4965246297975219	0	0.3564356435643564	1	G>A	1	0	Complex I	0.774461764	1
HCS-2032-C1-2~chrM~11770~T~C	1	0.621995	0	0.5714285714285714	0	0	0.06262090896628701	0.062448125196638324	0.8522790081560657	1	0.9489049649858642	-0.064081961	0.00011657263507362483	2.824129795769169	2.549212662516822e-56	11.112388973848285	0.9254839172735352	CCC	0.008914318005227125	0.015850586647046583	4.221866591640124e-175	0	0.574855055745688	0	0.039603960396039604	1	T>C	1	0	Complex I	0.000733081	1
HCS-2032-C1-2~chrM~12406~G~A	1	0.260956	0	0.4761904761904761	0	0	0.7597082971964715	0.7597082971964715	0.1911813953497581	1	0.5704041697431086	-0.567456357	0.31731050786291415	-0.255550626	1.6544760985906965e-20	9.09992638414842	0.2363132407558709	CGT	0.004995004995004995	0.010579063860050546	0.03366614280290735	0	0.4531491568842091	0	0.13861386138613863	1	G>A	1	0	Complex I	0.028107879	1
HCS-2032-C1-2~chrM~12842~T~C	1	0.42082	0	0.4761904761904761	0	0	0.9333212528929007	0.9333212528929007	0.16216749657159646	1	0.21643524545940895	1.2360627345663617	0.17971249487899976	0.5700877125495689	4.038454440250472e-36	7.505223954345397	0.1207678259466143	ATT	0.04685314685314685	0.008469066035368322	0.33540420358026324	0	0.3767569814503875	0	0.019801980198019802	0	T>C	1	0	Complex I	0.000675206	1
HCS-2032-C1-2~chrM~12882~C~T	1	0.565986	0	0.4761904761904761	0	0	0.10033834160755872	0.10033834160755872	0.6785027448721626	1	0.18140667105383146	1.3364364134986757	0.2808875253195705	1.0231897640384615	3.2617238891454454e-84	15.458694091858122	0.6471580442504767	TCA	0.05925653294074346	0.015258741258740969	0.04703928231054889	0	0.06404260741718851	0	0.1188118811881188	0	C>T	1	0	Complex I	0.023767266	1
HCS-2032-C1-2~chrM~16136~T~C	1	0.002078	0	0.3333333333333333	0	0	0.00834245091162871	0.00834245091162871	0.6274700348292604	1	0.9107186509784911	0.11213211869262968	1.532390357205101e-35	13.042124997682823	0.31731050786291415	0.5292561240249631	0.036013606396463546	ACA	0.004888359229195184	0.025641025641025644	3.137777902549391e-05	0	0.7514609971067702	0	0.009900990099009901	0	T>C	1	0	Dloop	0.008912725	1
HCS-2032-PT1-2~chrM~72~T~C	1	0.176637	0	0.6666666666666666	0	0	0.05413799876926293	0.049633496307034314	0.671909619371035	1	0.5154617857506227	-0.650356784	8.694556305603509e-100	22.266397917892483	9.50733067789925e-43	15.190830694591146	0.5823605921346422	GTA	0.008404459925372167	0.015240841883177267	0	0	0.10697498287567339	0	0.32673267326732675	0	T>C	1	0	Dloop	0.017921908	1
HCS-2032-PT1-2~chrM~73~A~G	1	0.735484	0	0.6190476190476191	0	0	0.6103639602848796	0.6098586513083059	0.11959558971725902	1	0.5627290197106344	0.5787927558611914	1	0	5.287649811164866e-147	26.906576469991702	0.3300020820320632	TAT	0.006993006993006993	0.01075746411023335	0.44113310566265496	0	1	0	0.21782178217821782	1	A>G	1	0	Dloop	0.760513929	1
HCS-2032-PT1-2~chrM~16108~C~T	1	0.566477	0	0.5238095238095238	0	0	0.16592401916500255	0.16742737298617894	0.00810991769204038	1	0.16265287626707514	1.396204651915247	9.700632945358041e-29	11.636539475814873	7.53311994998609e-36	12.828740308568955	0.07708049907971165	CTA	0.0018268248605327324	0.008766537106617747	0	0	0.8954433512751769	0	0.12871287128712872	1	C>T	1	0	Dloop	0.008121769	1
HCS-2032-PT1-2~chrM~16519~T~C	1	0.6426510000000001	0	0.4285714285714285	0	0	0.1075991642287344	0.1075991642287344	0.24949005017044523	1	0.5383547043076511	-0.615302898	1	0	3.2470461536296615e-54	13.551435065607414	0.5898500280096517	GTC	0.004662004662004662	0.009170025115355019	0.14246398188182124	0	0.6247154176086629	0	0.4752475247524752	1	T>C	1	0	Dloop	0.629408133	1
HCS-2033-C1-2~chrM~3955~G~A	1	0.0018709999999999	0	0.6666666666666666	0	0	0.05486173890224795	0.054874136896536384	0.55178119886977	1	0.5326534080756127	-0.62396068	2.8618921028291587e-36	19.88097507239218	0.5637028616507731	0.9509146221003928	0.5798161777298269	CGC	0.005354915133965731	0.016137708445400755	9.447218335868333e-06	0	0.40546748371926267	0	0.06930693069306931	1	G>A	1	0	Complex I	0	1
HCS-2033-C1-2~chrM~6364~G~A	1	0.016502	0	0.5714285714285714	0	0	0.44316517429773794	0.443234949001272	0.9718828904213129	1	0.6473124541908188	0.457498953665567	2.1922765079678087e-51	21.489701229810205	0.0183536993684811	3.9763711397189834	1	GAT	0.005500823126281976	0.012349352774884708	4.313649087231784e-31	0	0.7981871782423242	0	0.009900990099009901	1	G>A	1	0	Complex IV	0	0
HCS-2033-C1-2~chrM~12514~G~A	1	0.0276679999999999	0	0.3333333333333333	0	0	0.34716038503622826	0.34711409545997596	0.9130090298561054	1	0.5498337038038439	-0.598009336	4.5632365282167587e-91	16.25554009347588	6.451185320003732e-05	2.8351492208124065	0.2042633204050524	AGA	0.006535685516869374	0.013902763902763935	1.446705746483327e-32	0	0.5825672746847801	0	0.019801980198019802	0	G>A	1	0	Complex I	0	0
HCS-2034-C1-2~chrM~248~A~G	1	0.101307	0	0.3333333333333333	0	0	5.457069843359904e-11	5.5580629690882985e-11	8.616203666118629e-05	0.8610040365226761	0.833150539258565	0.21066262723836437	0.3864762307712327	0.9659768218708827	0.04550026389635839	2.683599177495504	0.014491220681592714	GGA	0.00848484848484849	0.03802447552447553	3.533184677224507e-10	1.0666666666666667	0.5995003064128384	0	0.09900990099009901	0	A>G	1	0	Dloop	0.004147697	1
HCS-2034-C1-2~chrM~2977~G~A	1	0.099087	0	0.4285714285714285	0	0	0.48199811483998733	0.48199811483998733	0.7187824078979994	1	0.39554635615034606	0.8496020782001168	3.7504240644643605e-22	4.951945609430788	0.00024612992139472537	1.8654667876139999	0.6355494804142756	GGT	0.003611906975918317	0.010538389848734533	2.180090469309225e-267	0	0.15558386874226082	0	0.009900990099009901	1	G>A	1	0	rRNA	0	0
HCS-2034-C1-2~chrM~3106~C~A	1	0.1244089999999999	0	0.2857142857142857	0	0	0.08360115453789507	0.08360115453789507	0.0836294400112019	1	0.9292609331615594	0.08877473976088891	0.20800576767774936	2.1828282991132384	1	0	0.4547437295528898	ACC	0.009138241670992722	0.02097902097902098	0.14067476553208824	0	1	0	0.3564356435643564	0	C>A	0	1	rRNA	0.003993364	0
HCS-2034-C1-2~chrM~13759~G~A	1	0.001125	0	0.6190476190476191	0	0	0.4790394960067006	0.4790394960067006	0.903629667794288	1	0.7808709813815211	0.278184175971349	2.032311084162436e-61	13.176441433693512	0.10247043485974937	1.1027205661720578	1	CGC	0.004170398566950171	0.013111888111888112	0.0006752333642912424	0	0.7265235164084244	0	0.04950495049504951	1	G>A	1	0	Complex I	0.037001312	1
HCS-2034-C1-2~chrM~15200~G~A	1	0.001097	0	0.4761904761904761	0	0	0.7847199464948527	0.7847199464948527	0.40424996876711594	1	0.8113576746418617	-0.238674908	2.8498361485100476e-32	5.435729846409759	1	0	0.712707028836848	CGC	0.007667370786560152	0.013986013986013986	0.012519804319160914	0	0.06677598242767342	0	0.06930693069306931	1	G>A	1	0	Complex III	0.0000193	1
HCS-2034-P1-2~chrM~60~T~C	1	0.004797	0	0.4761904761904761	0	0	0.7459383737312512	0.746160946521895	0.8523220910725223	1	0.1281406761632614	-1.521475017	1.3722815556805979e-213	32.427394295832386	0.0007891129890156299	4.36608905043696	0.6753209304355029	TTC	0.010697676323285901	0.016499125874125862	1.147922528781439e-18	0	0.7063361132292213	0	0.19801980198019803	0	T>C	1	0	Dloop	0.000790956	1
HCS-2034-P1-2~chrM~72~T~C	1	0.011123	0	0.6666666666666666	0	0	0.6389199790570084	0.6744525035107747	0.10418377293580318	1	0.3996466520082602	-0.842252466	1.3319152828556504e-212	31.90995794516859	1.1962693949198298e-05	5.318535099396366	0.04649795289572725	GTA	0.01053116859312212	0.017282080976348518	1.9277259268760041e-47	0	0.25710433038597186	0	0.32673267326732675	0	T>C	1	0	Dloop	0.017921908	1
HCS-2034-P1-2~chrM~189~A~G	1	0.008752	0	0.3809523809523809	0	0	0.14830737298620217	0.14969795594548244	0.03390066644099285	1	0.9588371161642003	0.05161293032461781	8.695785271495402e-91	14.842551320116137	0.009653874815692721	2.213094851079767	0.9251426156942546	AAC	0.010825000544626649	0.018121009425357243	5.005823319853072e-31	0	0.13307112898593718	0	0.19801980198019803	1	A>G	1	0	Dloop	0.054363763	1
HCS-2034-P1-2~chrM~16093~T~C	1	0.789505	0	0.3333333333333333	0	0	0.0073836713738981725	0.007273543068373029	0.011396095787464143	1	0.5898104106315472	0.5391107902918355	1.4591597901236428e-11	3.754040145374344	1.6588419255254523e-28	6.9801533805812745	5.282336671766604e-05	TTT	0.003123394177707283	0.010227115792645005	0	0	0.17872443986521225	0	0.1485148514851485	0	T>C	1	0	Dloop	0.057662628	1
HCS-2034-P1-2~chrM~16148~C~T	1	0.001739	0	0.3809523809523809	0	0	0.6695863501663326	0.6695863501663326	0.7541261393503107	1	0.26040771771208204	1.1254279853977849	2.311555063390393e-59	9.758719048752228	0.6547208460185769	0.020739033894608506	1	CCA	0.008833899443360651	0.014452214452214453	3.2616130241388286e-05	0	0.07508898985859297	0	0.16831683168316833	0	C>T	1	0	Dloop	0.032564241	1
HCS-2035-C1-2~chrM~263~A~G	1	0.845866	0	0.5714285714285714	0	0	0.48814096893259085	0.4882720379970279	0.03970580145575964	0.9795029335046691	0.5198637091656875	-0.643555508	1	0	3.5204439033986137e-09	2.044869769888461	0.3474113525339788	CGC	0.012820512820512822	0.020273209869782018	0.01627773148622673	-0.223585045	1	0	0.22772277227722773	0	A>G	1	0	Dloop	0.949706767	1
HCS-2035-C1-2~chrM~750~A~G	1	0.228491	0	0.3809523809523809	0	0	0.021568615308074735	0.029665681892520095	0.01663869004279467	0.9858299513734188	0.9166731928836803	-0.104625231	1	0	7.125443967610363e-36	5.578342929770831	0.14350068239710914	GAA	0.01048951048951049	0.01010684990115437	0.8632202192885841	0.05287447257384059	0.5001735320293899	0	0.6237623762376238	0	A>G	1	0	rRNA	0.98277259	1
HCS-2035-C1-2~chrM~1438~A~G	1	0.249118	0	0.3809523809523809	0	0	0.8529833096033341	0.8529833096033341	0.08437610205904794	0.9624389015472505	0.8728517275140801	-0.160037255	1	0	1.3168124456272452e-56	8.622797461037855	0.08954615045738712	TGA	0	0.01038203313652476	0.0027068785177548835	0.10352628077178849	1	0	0.6138613861386139	1	A>G	1	0	rRNA	0.948529979	1
HCS-2035-C1-2~chrM~4051~G~A	1	0.001013	0	0.5238095238095238	0	0	0.6249542542579769	0.6249542542579769	0.00016449016129205978	7.39982174721941e-11	5.65576162445807e-06	4.538865794152777	1.3564848963980164e-46	-12.3890738	2.209049699858536e-05	-4.547620374	1.2903833361003858e-06	CAC	0.010530696829518491	0.02006688963210703	2.180930177951518e-09	1.6554534264176013	0.00044209906926565587	0	0.07920792079207921	0	G>A	1	0	Complex I	0.0000193	0
HCS-2035-C1-2~chrM~5752~A~G	1	0.001122	0	0.5714285714285714	0	0	0.3754936608829451	0.376434536787287	0.8840921064821805	0.18356165304820027	0.7103813042482887	-0.371344034	1.0448898261872503e-27	3.4940111374728358	0.31731050786291415	0.48592953074986256	0.5241173983669909	AGG	0.003763646765675056	0.010807374443738084	1.495099685409991e-07	4.741680496650073	0.8319338851462625	1	0.27722772277227725	0	A>G	1	0	NAN	0.0000193	0
HCS-2035-P1-2~chrM~248~A~G	1	0.100478	0	0.3333333333333333	0	0	1.461591842412637e-06	1.54200592343071e-06	0.009612715407837796	1	0.36294509168875844	0.9097675872159902	0.31731050786291415	1.5234103331641105	0.0625	3	0.012237839379469335	GGA	0.01527598614977255	0.04428904428904429	1.1163644624932142e-06	0	0.740100653255502	0	0.09900990099009901	0	A>G	1	0	Dloop	0.004147697	1
HCS-2035-P1-2~chrM~2174~G~A	1	0.002738	0	0.4761904761904761	0	0	0.4688706204530827	0.4689740726440248	0.2558125104163863	1	0.23624481601028768	1.1844251334193212	3.483791829373378e-44	12.876712465272668	0.061944721613965525	1.6514745593000453	0.44202049468901183	GGC	0.004507192738438333	0.010489510489510493	2.9039715374474433e-08	0	0.7066926017683479	0	0.039603960396039604	1	G>A	1	0	rRNA	0	0
HCS-2035-P1-2~chrM~7935~T~C	1	0.009776	0	0.5238095238095238	0	0	0.24143562342316938	0.2415810450975172	0.666708122007384	1	0.8390224828641454	-0.203143998	2.4180585875591303e-41	7.87329520930049	0.019449966232433197	1.7392770289438457	0.5356832427775143	ATC	0.004796872967372309	0.012219359587780644	4.831646478060314e-24	0	0.30352933497358614	0	0.019801980198019802	0	T>C	1	0	Complex IV	0.0000579	1
HCS-2035-P1-2~chrM~9868~G~A	1	0.001212	0	0.4285714285714285	0	0	0.3353556792244772	0.3352903789674989	0.18830971161450694	1	0.46739827542350265	0.7267187328391035	3.5185025324289176e-57	11.16848593830861	0.14077277337135014	0.5557189302262113	0.4767561525708059	CGC	0.0038062790584124017	0.01522007404360346	6.604678614333065e-08	0	0.3344724190829703	0	0.0594059405940594	1	G>A	1	0	Complex IV	0.0000193	1
HCS-2035-P1-2~chrM~11618~G~A	1	0.001135	0	0.4285714285714285	0	0	0.3698809446930156	0.3698809446930156	0.016075235612315456	1	0.45299006862518065	0.7504394667073014	4.7387079679359485e-56	11.479644678312157	1	0	0.07892746571371165	TAC	0.004306063981360048	0.009615384615384616	0.0024163626468848847	0	0.7295718841433573	0	0.019801980198019802	0	G>A	1	0	Complex I	0	0
HCS-2035-P1-2~chrM~11711~G~A	1	0.001135	0	0.5714285714285714	0	0	0.8469099906060897	0.8469099906060897	0.3492101551593645	1	0.43797063672610714	-0.775624658	9.74477970598347e-75	14.208285412835977	1	1.1338934190276817	0.13852278793717826	CGC	0.008789897192522664	0.016983016983016984	0.017038464039311113	0	0.28648254342779034	0	0.24752475247524752	0	G>A	1	0	Complex I	0	1
HCS-2035-P1-2~chrM~12979~G~A	1	0.001492	0	0.6190476190476191	0	0	0.5210200117642751	0.5210200117642751	0.1093569892588627	1	0.634783016741607	0.4750055509845435	6.97815744764821e-30	4.684943284424109	1	-0.27568608	0.18021147393866715	AGG	0.011066582944862315	0.016983016983016984	0.0001547810193233173	0	0.18685977703838602	0	0.0594059405940594	0	G>A	1	0	Complex I	0	0
HCS-2035-P1-2~chrM~13823~T~C	1	0.002274	0	0.4285714285714285	0	0	0.20240651161513346	0.20288286506636155	0.3802897889004311	1	0.6520642534152836	0.4508963512379787	3.690496157724852e-86	19.373064485701885	0.10880943004054568	1.3035722838802226	0.7863301944395159	CCA	0.00446935309481261	0.013448090371167296	0.0001229651062520817	0	0.5824361767650588	0	0.009900990099009901	0	T>C	1	0	Complex I	0	0
HCS-2035-P1-2~chrM~14698~G~A	1	0.001267	0	0.4285714285714285	0	0	0.17735958155981435	0.17735958155981435	0.006971014873548668	1	0.05070514173900543	1.953966815970047	7.154309422045083e-51	11.931367035805373	1	0	1	CGA	0.006257838196724865	0.015984015984015984	0.00045979448862934724	0	0.2876390474957614	0	0.04950495049504951	0	G>A	1	0	tRNA	0	1
HCS-2035-P1-2~chrM~15497~G~A	1	0.001153	0	0.6190476190476191	0	0	0.5237752184749391	0.5237752184749391	0.16560547101138345	1	0.8881799251722196	0.14060762378076977	1.6925814057851924e-25	9.461561130178618	0.6547208460185769	0.8215838362577491	0.7005909833159047	AGG	0.005643780421956578	0.012820512820512822	0.013957102607371239	0	0.693712312874257	0	0.07920792079207921	1	G>A	1	0	Complex III	0.005285902	1
HCS-2035-P1-2~chrM~15699~G~A	1	0.001205	0	0.3809523809523809	0	0	0.5501711857212717	0.5501711857212717	0.7263198094969401	0.6313174895318023	0.8858420433108605	-0.143567453	3.618630318761214e-42	9.07594105317903	0.27630291733748347	0.49613893835683387	0.7842540544722731	CAC	0.004086352137509151	0.03765465303926842	3.089812382439808e-05	0.2307692307692335	0.7855786604895449	0	0.039603960396039604	1	G>A	1	0	Complex III	0	0
HCS-2045C1~chrM~9655~G~A	1	0.001758	0	0.3809523809523809	0	0	0.6107317735356748	0.6107317735356748	0.8248298703746569	1	0.767029083360941	-0.296263205	1.351826045777575e-82	17.740528378674565	0.31731050786291415	-0.43643578	0.5662987166275733	AAT	0.0008767837421030042	0.006993006993006993	0.008275390027945235	0	0.6245309513978743	0	0.019801980198019802	0	G>A	1	0	Complex IV	0.0000965	1
HCS-2045C1~chrM~14135~T~C	1	0.456693	0	0.4285714285714285	0	0	1.0639093981779276e-05	1.0776086704136117e-05	0.6972568635717331	1	0.598421543911254	-0.526671768	4.729636857032678e-26	8.627417538354392	9.541739307798652e-37	12.486002512836883	0.058294965304812305	CTC	0.0008980552458813382	0.007767469381320776	0	0	0.24547902548876316	0	0.009900990099009901	1	T>C	1	0	Complex I	0	0
HCS-2045P1~chrM~72~T~C	1	0.003783	0	0.6666666666666666	0	0	0.002791484465634431	0.0027991772666154874	0.035254709480520965	1	0.04497811007702764	-2.00485912	6.278618720205318e-96	19.55929892008094	0.31731050786291415	0.9028257526359346	0.8448976926744037	GTA	0.011993516125747018	0.017919580419580423	2.360095408528565e-09	0	0.8599208869119335	0	0.32673267326732675	0	T>C	1	0	Dloop	0.017921908	1
HCS-2045P1~chrM~1282~G~A	1	0.001974	0	0.4761904761904761	0	0	0.8251016608990447	0.8248068650095606	0.5302811755072756	0.19966248665067243	0.8648607929013379	-0.170189902	7.432000870960943e-43	9.39166461636411	0.2228009911811345	-0.370970413	0.604595695692655	TAA	0.0010856497648417277	0.008391608391608392	4.7977193325202344e-09	4.511701276074774	0.4488472487082665	0	0.04950495049504951	1	G>A	1	0	rRNA	0.000135041	1
HCS-2045P1~chrM~1464~G~A	1	0.001063	0	0.6190476190476191	0	0	0.7778702232634165	0.7778702232634165	0.3873959409927792	0.9569571789781026	0.6637065888470257	0.43480139970620674	1.7891284004223035e-16	5.344907119615128	1	0	0.5803720727275009	GAC	0.007836678150527502	0.013986013986013986	0.00852851221115781	-0.131442557	0.6160492994380633	0	0.0891089108910891	0	G>A	1	0	rRNA	0	0
HCS-2045P1~chrM~2982~C~T	1	0.00107	0	0.4761904761904761	0	0	0.04260526031572693	0.04260526031572693	0.7277641094832732	1	0.4566208432136136	-0.744422612	5.034827711606432e-36	10.950295497522138	0.31731050786291415	0	0.5934960813395084	ATG	0.0011245728344513922	0.009324009324009324	0.007750962462044203	0	0.25185388709304557	0	0.0297029702970297	1	C>T	1	0	rRNA	0.0000193	0
HCS-2045P1~chrM~7481~T~C	1	0.004977	0	0.4761904761904761	0	0	0.454151759871945	0.454151759871945	0.5031526611914333	0.985794185208456	0.10581469807441318	-1.617294629	2.42198264204469e-42	10.378164172959933	0.16414088499060087	1.0123461465807504	0.521172009863955	TTT	0.0010873545356304068	0.00881726968683491	3.961748706762541e-13	2.2068410239324834	1	0	0.019801980198019802	0	T>C	1	0	tRNA	0	0
HCS-2045P1~chrM~12664~T~C	1	0.003285	0	0.2857142857142857	0	0	0.10483890816699537	0.10483890816699537	0.04904699239379752	1	0.36600136789053306	-0.903988748	8.427252177617262e-34	7.577671417416503	0.4828996977801915	1.5936894041170848	0.8625267253011968	CCC	0.0015139828266537158	0.008264462809917359	6.080436730946935e-16	0	0.8636150579081305	0	0.019801980198019802	0	T>C	1	0	Complex I	0	0
HCS-2045P1~chrM~13708~G~A	1	0.002011	0	0.6190476190476191	0	0	0.32968596383752913	0.32975593324266383	0.5707293512138579	1	0.19544695957656388	-1.29463272	5.036626815980158e-26	8.285790704533225	0.8875370839817152	0.20785274830263498	1	GAC	0.0014822939981915765	0.007867132867132868	1.8208015728464254e-08	0	0.08195385790902153	0	0.039603960396039604	1	G>A	1	0	Complex I	0.07180338	1
HCS-2045P1~chrM~15557~G~A	1	0.002176	0	0.3809523809523809	0	0	0.11872508244800838	0.11865064237671125	0.2332202233370252	1	0.6481433726464207	-0.456342965	2.3555843723748455e-42	8.207925078617643	0.4605966187047713	0.4768968797153602	0.22612614631762545	CAA	0.0013075248105188016	0.008052553507098966	7.439756373618701e-17	0	0.3004219217222197	0	0.0891089108910891	1	G>A	1	0	Complex III	0.0000193	1
HCS-2045P1~chrM~16092~T~C	1	0.808134	0	0.3809523809523809	0	0	0.0702108406986862	0.07024744905818321	0.16319607993095142	1	0.19545619923591362	1.294605948670508	1.087588015497983e-10	5.9231670073201625	5.796617885092739e-51	13.02785791170487	0.10120587224646578	ATT	0.0008690731234083825	0.008018352955061488	0	0	0.7062318651445869	0	0.009900990099009901	0	T>C	1	0	Dloop	0.013677753	1
HCS-2047C7~chrM~14207~G~A	1	0.245058	0	0.3809523809523809	0	0	0.01752627451992699	0.018020242255632975	0.4288620280464719	1	0.033999018685636796	2.120083327947554	7.548575892462063e-73	12.217300430384597	2.910528174016376e-18	4.267228795482766	0.005192257317104021	AGT	0.0010194555649101096	0.007963617930668736	0	0	0.4413011473443911	0	0.0297029702970297	0	G>A	1	0	Complex I	0.000655915	1
HCS-2047C7~chrM~15806~G~A	1	0.003698	0	0.4761904761904761	0	0	0.42699949639223134	0.42760027573821335	0.04976771475332071	1	0.4664304979512577	0.728299124843362	6.573760435823169e-31	6.015509775451127	0.0081509715935027	-0.729762364	0.2486360188921348	AAC	0.0007002418846295012	0.0073313782991202316	1.059406597283838e-34	0	0.04049132772558022	0	0.009900990099009901	0	G>A	1	0	Complex III	0.0000772	1
HCS-2047C7~chrM~16213~G~A	1	0.446538	0	0.4761904761904761	0	0	0.009126174409263464	0.008764950238101032	1.1389425672784067e-05	1	0.22359903072329013	-1.217013628	1.7456018314618871e-10	3.6010690723087766	5.3191469893749964e-11	2.6468163774973292	2.8111952228012086e-06	AAC	0.005546552980456377	0.012547187325947865	0	0	0.6103108686114381	0	0.019801980198019802	0	G>A	1	0	Dloop	0.01184505	1
HCS-2047P1~chrM~94~G~A	1	0.0012439999999999	0	0.6190476190476191	0	0	0.5445924560115772	0.545667967676339	0.8145834913325815	1	0.4125235640884308	0.8194607899024674	4.0916649836654686e-137	26.726676246996536	0.580912420333197	1.102396379610246	1	AGA	0.007595206606331134	0.04095904095904096	5.284328600967809e-10	0	0.42364886620397024	0	0.21782178217821782	1	G>A	1	0	Dloop	0.004166988	1
HCS-2047P1~chrM~189~A~G	1	0.00514	0	0.3809523809523809	0	0	0.6336876846447614	0.6340107997687439	0.06267674427789477	1	0.3343779544782174	0.9653331869064125	1.0262181681281777e-42	13.159160051971229	0.14009141650550508	1.2562795466276144	0.20027872914974792	AGC	0.0050256514902977615	0.014668258570697586	1.3980010801901715e-13	0	0.5308325910650671	0	0.19801980198019803	1	A>G	1	0	Dloop	0.054363763	1
HCS-2047P1~chrM~709~G~A	1	0.001803	0	0.5714285714285714	0	0	0.5116683339985553	0.5116255096656851	0.8229581096791827	1	0.05941429308065488	1.8851151498633887	6.956885481210256e-66	16.464589813474436	1	0.11516335992621968	1	CGT	0.000857711587964936	0.008391608391608392	1.8949369457357672e-09	0	0.007402837034857835	0	0.3564356435643564	1	G>A	1	0	rRNA	0.129909715	1
HCS-2047P1~chrM~1671~G~A	1	0.00246	0	0.5238095238095238	0	0	0.07725499390816759	0.07711787444863342	0.654432838921182	1	0.24536278724853078	1.161686608541613	1.4390674950356412e-47	11.141807050307033	0.5929800980174267	0.1908260093025333	0.27705655339206875	AGC	0.0007861575546487939	0.0073260073260073295	8.134588954495694e-13	0	0.6632318456643163	0	0.009900990099009901	0	G>A	1	0	rRNA	0	0
HCS-2047P1~chrM~3106~C~A	1	0.170854	0	0.2857142857142857	0	0	0.03489001932168141	0.03591288809761888	0.10863216878474566	1	0.6730786609767181	0.42192650784464586	0.25753973404336494	3.3740186866323802	1	0	0.5513318817280886	ACC	0.011856733010579221	0.013986013986013986	0.7105339612442086	0	1	0	0.3564356435643564	0	C>A	0	1	rRNA	0.003993364	0
HCS-2047P1~chrM~5471~G~A	1	0.0010739999999999	0	0.5714285714285714	0	0	0.9201492074731323	0.9199874536963306	0.8256757483455857	1	0.33176214809055615	0.9705706083317054	3.753271922059485e-12	4.806762927149757	1	0	1	CAC	0.0009081544428788229	0.029970029970029975	6.928270971985128e-06	0	0.7217284626890121	0	0.06930693069306931	1	G>A	1	0	Complex I	0.01232734	1
HCS-2047P1~chrM~9214~A~C	1	0.0021609999999999	0	0.3809523809523809	0	0	0.09885849826124854	0.09911378173969876	0.0465770501703439	1	0.9939913142699254	0.007530841955084852	1.3574391803441838e-24	4.152949851858975	0.12897804299196425	0.5744562646538028	0.04185839531100062	CAC	0.0006705623143979326	0.007459207459207464	4.744443741676477e-18	0	0.7152736978346551	0	0.009900990099009901	0	A>C	0	1	Complex IV	0.000308666	0
HCS-2047P1~chrM~12406~G~A	1	0.001377	0	0.4761904761904761	0	0	0.3550486635053899	0.3551852391847039	0.6713595118010085	1	0.34974808302911076	-0.93507804	8.420720226839204e-115	23.95455664618823	0.17971249487899976	0.9719273929377941	0.548301671383387	CAT	0.0010291040424186828	0.017482517482517484	2.075907402681733e-07	0	0.5702209910872804	0	0.13861386138613863	1	G>A	1	0	Complex I	0.028107879	1
HCS-2047P1~chrM~15961~G~A	1	0.001068	0	0.2857142857142857	0	0	0.979271209420975	0.9786846831990336	0.7854941340404618	1	0.8197721289194695	-0.227838071	3.020491189904263e-52	11.912970483002976	1	1.161895003862225	0.6985957599923975	AAA	0.0007640642396105492	0.006993006993006993	0.0001569957892670834	0	0.6953027814752855	0	0.039603960396039604	0	G>A	1	0	tRNA	0.0000193	1
HCS-2047P1~chrM~16291~C~T	1	0.001553	0	0.4761904761904761	0	0	0.9741111458192794	0.974026847048681	0.23371880921889476	1	0.9342866789583568	-0.082452764	4.7437801961626425e-65	12.9055819672942	0.31731050786291415	0.35714285714285715	0.7062159622814879	CCC	0.007998626030617928	0.014985014985014986	6.269059289525944e-05	0	0.2751313830174634	0	0.09900990099009901	0	C>T	1	0	Dloop	0.027124006	1
HCS-2047P1~chrM~16327~C~T	1	0.001171	0	0.4285714285714285	0	0	0.6388055352565976	0.6387666350607564	0.17239051596203148	1	0.21390225862191692	1.2429065856140067	2.6286375800378295e-48	12.85699901185056	0.31731050786291415	0.24976359332774037	0.5147451808233316	ACC	0.007873600052370658	0.014290057768318643	3.210261801909699e-13	0	0.41263657941273507	0	0.15841584158415842	1	C>T	1	0	Dloop	0.043155336	1
HCS-2050C4~chrM~2192~A~G	1	0.050667	0	0.4761904761904761	0	0	0.12309175889129394	0.12276939823553895	0.277060468550547	1	0.3281216163628098	-0.977904385	4.137735933239408e-44	8.494851567063606	2.511979926257756e-09	3.289024784733763	0.6037767024710408	AAT	0.0006344945906205458	0.007721919774037049	0	0	0.03855276110593002	0	0.009900990099009901	0	A>G	1	0	rRNA	0	0
HCS-2050C4~chrM~6690~G~A	1	0.081308	0	0.3333333333333333	0	0	0.0004922390115123398	0.0004897990122812943	0.013058072434110486	1	0.9613490230758178	0.0484607770472601	1.3520563474335798e-11	1.2510936545894362	0.0001540765493962557	0.9675511094430693	0.07986644451869168	CAG	0.0007524942589877663	0.007594429179589235	0	0	0.07670327045680328	0	0.06930693069306931	0	G>A	1	0	Complex IV	0	0
HCS-2050C4~chrM~11711~G~A	1	0.145226	0	0.5714285714285714	0	0	0.8702442566001299	0.8827399706685946	2.303884628032069e-13	1	0.6551124459828883	-0.446671246	0.18978040003129037	-1.205695762	0.48705505453978437	-0.797142846	9.754308017853296e-11	CAC	0.0007657866218212644	0.00783193068059511	0	0	0.0003237834152928283	0	0.24752475247524752	0	G>A	1	0	Complex I	0	1
HCS-2050C4~chrM~14569~G~A	1	0.038327	0	0.5238095238095238	0	0	0.4360648505151542	0.43521931539418757	0.25368698149043767	1	0.07984147016429559	1.751606639253163	9.229386039175204e-25	3.656293988940215	0.2473699055385591	-0.309431084	0.7017146305266208	CAC	0.0008688645833959615	0.0077733425372910996	1.8185639266272735e-226	0	0.9618060865663345	0	0.13861386138613863	1	G>A	1	0	Complex I	0.026043676	1
HCS-2050P1~chrM~72~T~C	1	0.001862	0	0.6666666666666666	0	0	0.9959937887796277	0.9939589201777731	0.5949517006531909	1	0.9990461364048636	-0.001195491	1.4610491156817143e-138	26.504678029804687	0.04550026389635839	2.517439175034821	0.23522770807940818	GTA	0.015050323979999693	0.022377622377622385	1.434623453540064e-11	0	0.5055033580582828	0	0.32673267326732675	0	T>C	1	0	Dloop	0.017921908	1
HCS-2050P1~chrM~2702~G~A	1	0.002465	0	0.5714285714285714	0	0	0.674747341819889	0.6747856295678398	0.2849540643993388	1	0.8405213073379503	0.20122670966505923	2.2211058429285817e-44	10.706920402670397	0.19364643126922065	1.2264447262990155	0.3267683839706765	GGC	0.00786341435466973	0.02693602693602694	8.698085606645717e-13	0	0.8480753901417925	0	0.0891089108910891	1	G>A	1	0	rRNA	0.001659079	1
HCS-2050P1~chrM~3460~G~A	1	0.001047	0	0.4761904761904761	0	0	0.00014133929722827377	0.00014144063047401463	0.32153016165387893	1	0.2556461209954932	1.1367420838320994	2.0037146826134245e-38	7.95773105127248	0.4142161782425252	0	0.6466024879491812	CAC	0.0016536882875729199	0.008097165991902836	1.6920950743007123e-09	0	0.655028035364652	0	0.039603960396039604	1	G>A	1	0	Complex I	0.00059804	1
HCS-2050P1~chrM~5752~A~G	1	0.001167	0	0.5714285714285714	0	0	0.15869832524853245	0.1588065342564572	0.10215648032858703	0.9992697476885519	0.04535513216130461	-2.001345847	2.0373839942471056e-46	9.0859039105918	0.17971249487899976	1.8371173070873834	0.00046636191674458014	AGG	0.004667852635740069	0.007692307692307693	0.024934309891734743	-0.000501756	0.10945244487358866	1	0.27722772277227725	0	A>G	1	0	NAN	0.0000193	0
HCS-2050P1~chrM~15498~G~A	1	0.001129	0	0.6666666666666666	0	0	0.6664816746275373	0.6665241840275149	0.496021618139041	1	0.9141976347173177	0.10774542572167052	2.0064715879500618e-42	10.271138813838325	0.10405923452892792	0.9243363213059627	1	GGC	0.008799764866378288	0.015257469802924355	2.9914776539374187e-10	0	0.6731476526153026	0	0.04950495049504951	0	G>A	1	0	Complex III	0.000289374	1
HCS-2050P1~chrM~16390~G~A	1	0.001507	0	0.5714285714285714	0	0	0.30588611625142714	0.30626702161606667	0.6480363324040432	1	0.558266734475865	0.585417931590455	2.19457691396808e-52	10.786001785551623	0.580912420333197	0.5175491695067657	1	GGG	0.01554627881624064	0.025641025641025647	5.281247847331087e-09	0	0.15448685812135277	0	0.12871287128712872	0	G>A	1	0	Dloop	0.056948839	1
HCS-2051C1~chrM~786~G~A	1	0.012315	0	0.4761904761904761	0	0	0.7884905741974303	0.786123620462811	0.08505832971963839	1	0.26087397915256005	-1.124327823	3.068624291575473e-14	2.861527981109863	0.010457902755703085	1.1135796088697516	0.0003089178395611176	CAC	0.014850363287414941	0.021794156763481867	7.98802544951924e-79	0	0.0018962133714084633	0	0.039603960396039604	1	G>A	1	0	rRNA	0	0
HCS-2051C1~chrM~2377~G~A	1	0.001178	0	0.3333333333333333	0	0	0.01653772223164477	0.01653772223164477	0.00035039939986142353	1	0.023140278012157022	-2.27111069	2.625773307883572e-56	12.756598272248686	0.1974660733580187	2.4438392398876703	0.07644577275077247	AAC	0.0009166377855585764	0.0073260073260073295	3.8510119581321896e-12	0	0.2840798196994204	0	0.04950495049504951	0	G>A	1	0	rRNA	0.0000386	0
HCS-2051C1~chrM~4056~C~T	1	0.055906	0	0.5714285714285714	0	0	0.2460760351088942	0.24682485253485165	0.693112333998051	0.068365876877389	0.15012596067803793	1.4390866968697353	1.3436504795933036e-49	12.659660792805669	1.8138961556238561e-06	3.610620361277869	0.7197907379259327	TTT	0.0009462764264633071	0.007913475920788579	2.5578649545109537e-254	-0.049018494	0.7535613439377031	0	0.039603960396039604	0	C>T	1	0	Complex I	0.000154333	1
HCS-2051C1~chrM~8701~A~G	1	0.001388	0	0.2857142857142857	0	0	0.8300567132693633	0.8300567132693633	0.2614078134950367	5.583710994327515e-07	0.9186449763848111	0.10214072471426872	8.897303678720838e-46	13.054905828231114	0.06836531288935432	0.6311937230776101	0.82310146432452	AAC	0.0011354958351424654	0.00932400932400933	4.255383076650917e-12	12.104324415278477	0.8292909069774943	0	0.37623762376237624	1	A>G	1	0	Complex V	0.329905857	1
HCS-2051C1~chrM~9545~A~G	1	0.001231	0	0.6190476190476191	0	0	0.28299787378330354	0.28317673340842797	0.8772884723498343	0.00011874880597454929	0.16950883211400358	-1.373783735	2.3416630389948253e-16	5.652512780143793	0.15729920705028502	1.5811388300841895	0.0450399558462549	GAG	0.0015252193241741055	0.013111888111888112	8.897090319543873e-11	5.706655395019979	0.32821611042535365	0	0.10891089108910891	1	A>G	1	0	Complex IV	0.046203411	1
HCS-2051C1~chrM~14087~T~C	1	0.002062	0	0.238095238095238	0	0	0.43457272341837727	0.43430863539701836	0.4104646276638819	1	0.06423313563215909	-1.850558216	2.8416115332968537e-47	10.578644166006113	0.31731050786291415	0.22075539284417398	0.7456037006484196	ACT	0.001055322189101963	0.006993006993006994	1.0024232982390636e-05	0	0.3296070229007223	0	0.019801980198019802	0	T>C	1	0	Complex I	0	0
HCS-2051C1~chrM~16093~T~C	1	0.793011	0	0.3333333333333333	0	0	0.4488510088028921	0.4497916571690451	0.4079628121433977	1	0.0012201888690106164	3.234118335446316	3.604435094620845e-12	5.394561549328339	1.4104510562182173e-38	10.804958615335883	0.08280978741600759	TTT	0.0010258198177661262	0.00792832167832135	0	0	0.7327046504582362	0	0.1485148514851485	0	T>C	1	0	Dloop	0.057662628	1
HCS-2051P1~chrM~1598~G~A	1	0.001478	0	0.5714285714285714	0	0	0.33847995468506364	0.33847995468506364	0.7553385179120248	0.6921129081925044	0.47006468945697666	0.7223738018136342	3.819917375595409e-55	16.4356992385143	1	0.2183677137278863	0.4251154103853809	CAA	0.0009163339425042323	0.007992007992007992	9.488360659927638e-09	-0.605786952	0.012841019912574626	0	0.0594059405940594	1	G>A	1	0	rRNA	0.01184505	1
HCS-2051P1~chrM~3255~G~A	1	0.001153	0	0.4285714285714285	0	0	0.6048447176239964	0.6048447176239964	0.18002301597240067	1	0.07599051771647829	-1.774439278	1.1518741125280165e-46	12.569165163201177	0.31731050786291415	-0.340168026	0.7595414558969191	CGC	0.000956778625345561	0.008391608391608392	1.1562964024383674e-06	0	0.7537162136183699	0	0.10891089108910891	1	G>A	1	0	tRNA	0	1
HCS-2051P1~chrM~4412~G~A	1	0.0012839999999999	0	0.3809523809523809	0	0	0.024651444353163375	0.024651444353163375	0.7958496017365612	0.20463567854124298	0.1535883678235155	-1.426970604	7.3141134098328715e-53	14.180630727182264	0.28504940740261275	0.1767766952966369	0.5166660409217989	AAC	0.0012223602353570234	0.007770007770007771	1.1518029134150735e-05	-0.6646575	0.5088467385938842	0	0.06930693069306931	0	G>A	1	0	tRNA	0	0
HCS-2051P1~chrM~4887~T~C	1	0.002599	0	0.4285714285714285	0	0	0.3397461689745379	0.33961570978589795	0.6493958481982245	0.2947805764994298	0.8311568403564608	-0.213218114	2.089825242539726e-65	14.978994260344656	0.27630291733748347	0.41781451089836674	1	CTC	0.00788173640202251	0.015297202797202798	2.4249984299749296e-07	-1.98627685	1	0	0.019801980198019802	0	T>C	1	0	Complex I	0	0
HCS-2051P1~chrM~5819~T~C	1	0.001727	0	0.5238095238095238	0	0	0.09227866864846679	0.0923696621086487	0.6879446947147518	0.9147099269821509	0.5302218343921241	0.6276674169842709	2.2800988812207766e-33	10.926955975447449	0.10247043485974937	1.8516401995451028	1	CTC	0.004251964912380588	0.009324009324009324	0.006476351384117867	-0.765864927	0.5074475042905029	0	0.009900990099009901	0	T>C	1	0	tRNA	0	1
HCS-2051P1~chrM~8701~A~G	1	0.001136	0	0.2857142857142857	0	0	0.5424663848770014	0.5425271393131623	0.6218324964489543	0.0006560519561351698	0.9243459364444185	0.0949608337282218	2.6815850365826043e-73	16.223100798257057	0.10247043485974937	1.15	0.29648681936428967	AAC	0.0011097504425363147	0.009790209790209791	1.7568193322764193e-09	8.66577704783412	0.20415126312187376	0	0.37623762376237624	1	A>G	1	0	Complex V	0.329905857	1
HCS-2051P1~chrM~9697~T~C	1	0.001172	0	0.3333333333333333	0	0	0.028080294814544788	0.028080294814544788	0.44114281644227105	0.380876177134553	0.09889205712371645	-1.650248812	7.868579515622834e-79	17.24896382364367	1	0.21320071635561041	0.42034289643320966	CCT	0.007897581612512554	0.013986013986013986	0.0002488266701000196	-4.233069729	0.10619737879849374	0	0.009900990099009901	1	T>C	1	0	Complex IV	0	0
HCS-2051P1~chrM~10646~G~A	1	0.001717	0	0.4285714285714285	0	0	0.029024990757821625	0.029024990757821625	0.6861203778678753	0.9972712526956967	0.7859705495803918	0.27154674869482753	1.3708974813585645e-98	21.226257212512408	0.31731050786291415	0.35355339059327373	0.6344260239028764	TGC	0.0011079398673235058	0.006993006993006993	0.003469900306341791	-0.006321612	0.6254580914618111	0	0.04950495049504951	1	G>A	1	0	Complex I	0.00358824	1
HCS-2051P1~chrM~11435~G~A	1	0.001305	0	0.6190476190476191	0	0	0.12968410707224967	0.12968410707224967	0.9797120707150219	0.9876651057864235	0.8103161035329642	-0.240018257	2.6447276108014048e-51	13.578737504562135	0.31731050786291415	1.161895003862225	1	CGC	0.001035245520204495	0.008158508158508158	0.00020460527350032274	-0.013855971	0.687345610714845	0	0.0594059405940594	1	G>A	1	0	Complex I	0.0000193	0
HCS-2051P1~chrM~11711~G~A	1	0.001668	0	0.5714285714285714	0	0	0.2928906096279371	0.29278538223533956	0.3481245927742779	0.020883724689205945	0.9996340361137643	-0.000458668	3.7837682111580747e-53	12.856642371525444	0.7388826803635273	0.49270401130622304	0.5937574336567345	CGC	0.006690069190068914	0.012987012987012988	1.8437358791001638e-06	2.7273478835978864	0.18703817261298178	0	0.24752475247524752	0	G>A	1	0	Complex I	0	1
HCS-2051P1~chrM~11914~G~A	1	0.006588	0	0.4285714285714285	0	0	0.32462987051576075	0.32430179003712434	0.4547513146884665	0.872802103055583	0.9570071842937048	-0.053909605	7.880232552836126e-60	15.935672742478665	0.28305128705188465	1.2704776415123666	0.4161967577111192	CGT	0.0008708272859216262	0.007755880483153209	6.663793988079181e-30	0.1049906068774007	0.01405813900673163	0	0.26732673267326734	1	G>A	1	0	Complex I	0.109749981	1
HCS-2051P1~chrM~12895~G~A	1	0.001103	0	0.4285714285714285	0	0	0.7686018676783519	0.7686018676783519	0.9203966925223803	1	0.4823647687567898	-0.702504223	1.3280624185133718e-65	15.598438698616034	1	0	0.7067452473481344	AAC	0.0007317828994283936	0.006993006993006993	3.972397870867289e-05	0	1	0	0.039603960396039604	0	G>A	1	0	Complex I	0.0000579	0
HCS-2051P1~chrM~16390~G~A	1	0.001249	0	0.5714285714285714	0	0	0.23925075998255996	0.2390949428640935	0.02987300196672994	1	0.5885913585991749	-0.54087846	3.467677047646864e-59	14.771875523626456	0.31731050786291415	1.165103456070926	0.8110063035710311	GGG	0.01252908327940916	0.02509255450431922	0.0009024565124823565	0	0.811716457471895	0	0.12871287128712872	0	G>A	1	0	Dloop	0.056948839	1
HCS-2052C1~chrM~9540~T~C	1	0.785663	0	0.5714285714285714	0	0	0.007436755226048164	0.00740967404417067	0.9218861598104073	1	0.11926143886526765	-1.557881089	0.04734500208525525	1.0733349673088788	1.0740286787853896e-145	26.071563655565207	0.15366617775043856	ACT	0	0.008493455710046643	5.990705713252919e-20	0	0.7075613421572609	0	0.2871287128712871	1	T>C	1	0	Complex IV	0.329732232	1
HCS-2052C1~chrM~10400~C~T	1	0.898457	0	0.3809523809523809	0	0	0.0016302393787916282	0.0016302393787916282	0.014411455624979794	1	0.9405359763285696	-0.074596227	0.5859565771946524	0.7819005186420018	5.830161049433683e-51	11.634405720707079	0.00204330375771511	CTG	0	0.014943389943389515	5.5640019787992465e-18	0	0.025366801351281464	0	0.36633663366336633	1	C>T	1	0	Complex I	0.213230188	1
HCS-2052C1~chrM~11964~T~C	1	0.010599	0	0.4285714285714285	0	0	0.03197896199984533	0.03202928708254923	0.48435445033506797	1	0.18165752119679934	1.3356688928366869	2.119234324264254e-46	7.67095887353974	0.6234454525508315	-0.008193746	0.10797324081154974	GTC	0.0009410355235850732	0.008219850325113475	4.8268559992412163e-60	0	0.3436214689103573	0	0.009900990099009901	0	T>C	1	0	Complex I	0	0
HCS-2052C1~chrM~16529~T~C	1	0.38467	0	0.3809523809523809	0	0	0.00014180964876510822	0.00014373441691798583	5.038857791777102e-06	1	0.04160438903239024	-2.037455779	3.483996507702439e-11	4.6302784727782	3.3220599061286574e-28	6.935871047616659	0.052821263558628026	CTA	0.001359283286994134	0.007865784138713678	0	0	0.04240234281294132	0	0.009900990099009901	0	T>C	1	0	Dloop	0	1
HCS-2052P1~chrM~709~G~A	1	0.001399	0	0.5714285714285714	0	0	0.7191504238678407	0.7192209604972093	0.40966664361321214	1	0.7301827105923276	-0.344882496	3.4820621107302934e-91	18.949120742786867	0.6547208460185769	0.26462806201248157	0.480544818116715	CGT	0.0011169148000928155	0.009324009324009324	3.395758742270557e-06	0	1	0	0.3564356435643564	1	G>A	1	0	rRNA	0.129909715	1
HCS-2052P1~chrM~933~G~A	1	0.001183	0	0.4761904761904761	0	0	0.4310364974911962	0.4310364974911962	0.7748477486238139	1	0.670751130239172	-0.425117351	3.0332418489193454e-57	15.455219505326754	1	1.161895003862225	0.23846180699695904	CAG	0.0008504181732528196	0.006993006993006993	0.00016201155615334887	0	0.21850759113329823	0	0.0891089108910891	1	G>A	1	0	rRNA	0	0
HCS-2052P1~chrM~2810~G~A	1	0.0046029999999999	0	0.4285714285714285	0	0	0.014869051646528676	0.014871449213840425	0.8804075487725931	0.9969282745338448	0.7302049511219244	-0.344852913	1.3058576477954746e-26	10.90719163567866	0.9416269114492879	0.43090829206892667	0.0024719291651374804	CGG	0.0026088042392389483	0.007840644204280574	2.1567213292889148e-11	-0.000776398	0.8617755999272949	0	0.0594059405940594	0	G>A	1	0	rRNA	0	0
HCS-2052P1~chrM~3106~C~A	1	0.165563	0	0.2857142857142857	0	0	0.08489600935048955	0.08489600935048955	0.08553175365335967	1	0.6749644339701732	0.4193444247040549	0.017158460941769097	3.6979608985572696	1	0	1	ACC	0.011544011544011551	0.006993006993006993	0.2861554694446429	0	1	0	0.3564356435643564	0	C>A	0	1	rRNA	0.003993364	0
HCS-2054C6~chrM~709~G~A	1	0.190749	0	0.5714285714285714	0	0	0.1896096396472654	0.19658413301948108	0.1785356739342958	1	0.02621141466807194	2.223065039011822	9.489460006700214e-50	13.378901992699609	1.0716489701853365e-11	5.728007967588324	0.7032897468530458	CGT	0.0024079627077398815	0.009039966655860602	0	0	0.00883945880400899	0	0.3564356435643564	1	G>A	1	0	rRNA	0.129909715	1
HCS-2054C6~chrM~2056~G~A	1	0.001136	0	0.3809523809523809	0	0	0.8390054038732495	0.8390434927335182	0.0004327088057429533	1	0.35679825873168847	0.9214831035595451	9.219264954888676e-55	12.202223317685101	0.041226833337163676	1.0755533678167455	0.09286158149569133	TGC	0.00048212986709570256	0.03183023872679044	1.3327430965701262e-20	0	0.04180436874834205	0	0.06930693069306931	1	G>A	1	0	rRNA	0.001736245	1
HCS-2054C6~chrM~2059~C~T	1	0.001148	0	0.4285714285714285	0	0	0.019158275762285945	0.019155284812776677	0.3028785455849612	1	0.42091444950471424	0.8048357831709998	1.8655538606389882e-53	10.308234314691218	1	0	0.040623709137500456	CTA	0.000545785388334737	0.01958041958041959	4.386417386154473e-14	0	0.1878909210909307	0	0.12871287128712872	1	C>T	1	0	rRNA	0.0000386	1
HCS-2054C6~chrM~4036~G~A	1	0.003779	0	0.3333333333333333	0	0	0.671544489348549	0.671980682944681	0.032842391309866326	1	0.023619409537600295	2.2632641710295274	4.378643320796758e-20	7.279352645014175	3.539748289179271e-10	4.802551093383656	0.02282585051296148	AAG	0.0005353189581919154	0.00749467191450798	0	0	0.0017888178349421955	0	0.0297029702970297	0	G>A	1	0	Complex I	0.0000386	0
HCS-2054C6~chrM~5752~A~G	1	0.001054	0	0.5714285714285714	0	0	0.202195029117611	0.202195029117611	0.8921470803166065	1	0.49781796838726633	-0.677927018	1.6931968857870716e-31	4.869826039789333	0.31731050786291415	0.09849751616108389	0.7642752993370145	AAG	0.0008580443566411712	0.008264462809917356	2.399372753421912e-07	0	0.06573537706388623	1	0.27722772277227725	0	A>G	1	0	NAN	0.0000193	0
HCS-2054C6~chrM~10397~A~G	1	0.601368	0	0.4285714285714285	0	0	0.04160914944209494	0.04160914944209494	0.928895503858844	1	0.026364665516582297	2.220797713694324	0.31731050786291415	0.4558423058385518	1.4877905326260465e-30	9.66892712055245	0.7065212759159181	GGA	0.06293706293706294	0.021113922573778872	9.6075480983437e-05	0	0.45356432424751286	0	0.0594059405940594	0	A>G	1	0	Complex I	0.00814106	1
HCS-2054C6~chrM~10400~C~T	1	0.613043	0	0.3809523809523809	0	0	0.1852406576784339	0.1852406576784339	0.504164131673839	1	0.006774623096795853	2.707724514697227	1	0	8.004244596378575e-26	8.96732880010713	1	CTG	0.06993006993006994	0.021436643550862212	2.2345458581203312e-05	0	0.6875508933777317	0	0.36633663366336633	1	C>T	1	0	Complex I	0.213230188	1
HCS-2054C6~chrM~11456~G~A	1	0.00219	0	0.4761904761904761	0	0	0.5085676907599745	0.5087569116523816	0.4618809160411179	1	0.37329586230912803	-0.890316689	1.0805053958900768e-29	6.995181541930871	0.15729920705028502	1.3010412496663328	0.48543969477799653	CGC	0.007452527209365786	0.013986013986013988	9.443019015213535e-12	0	0.15631555662032293	0	0.06930693069306931	0	G>A	1	0	Complex I	0.0000193	0
HCS-2054P2~chrM~72~T~C	1	0.314806	0	0.6666666666666666	0	0	2.1957075178541086e-05	1.8605693781876027e-05	0.006224191272600991	1	0.7349749781989962	-0.338515195	1.292553757614995e-108	21.975207428546053	1.9211717988448124e-67	16.731662220004427	0.5563372847819402	GTA	0.01157916710155472	0.018239757096599887	0	0	0.646296802706843	0	0.32673267326732675	0	T>C	1	0	Dloop	0.017921908	1
HCS-2054P2~chrM~189~A~G	1	0.001139	0	0.3809523809523809	0	0	0.04371240135843486	0.04371240135843486	0.33071831931328544	1	0.27520096855543785	1.091163447601754	7.101499732204047e-32	11.264178536081756	0.31731050786291415	-0.142857143	0.4356835864300969	AAC	0.013695131381977812	0.01998001998001998	0.020290366149813242	0	0.277084472585567	0	0.19801980198019803	1	A>G	1	0	Dloop	0.054363763	1
HCS-2054P2~chrM~4954~T~C	1	0.3595669999999999	0	0.4285714285714285	0	0	0.05683767447623527	0.06032194157763641	0.39201808489458867	0.8156571998900105	0.2088826425001562	-1.256643812	3.869406605922954e-36	11.363712317049096	4.4578940752196e-28	10.373189548238216	0.026305346391804537	ACC	0.008030288623613397	0.015203821878159676	0	-0.018696359	0.03258375119807285	0	0.019801980198019802	0	T>C	1	0	Complex I	0	1
HCS-2054P2~chrM~5913~G~A	1	0.0011949999999999	0	0.5714285714285714	0	0	0.012526072474682	0.01254960416189366	0.8857155832900291	0.7940470691536594	0.6002913382435384	0.5239815992181265	6.104991087237368e-48	9.470555346866865	0.10247043485974937	0.6308400618805604	1	CGA	0.0010861457529083701	0.007992007992007992	2.0510232472363452e-08	-0.295821423	0.05747320303983029	0	0.0891089108910891	1	G>A	1	0	Complex IV	0.009684389	1
HCS-2054P2~chrM~7396~G~A	1	0.002545	0	0.6190476190476191	0	0	0.06065720275653388	0.06065720275653388	0.7723232716285456	0.026974925735642193	0.07561743826779321	-1.776701057	3.473238872261483e-33	11.761614904005876	0.31731050786291415	0.3535533905932738	0.008585255546780914	TGC	0.001367964689411451	0.007770007770007771	1.7823216958788932e-05	15.531895624610858	0.08731594201320986	0	0.019801980198019802	0	G>A	1	0	Complex IV	0	0
HCS-2054P2~chrM~8147~C~T	1	0.001062	0	0.7142857142857143	0	0	0.0014519327260588424	0.0014519327260588424	0.7774418558903747	0.9539022408871377	0.16661351186444606	1.3831675019611682	5.900882369970037e-107	18.331731250054876	0.17971249487899976	-0.377964473	0.7561211123801166	ACG	0.0014941844327247423	0.008391608391608392	6.087649161812956e-06	-0.074743918	0.35258924211834913	0	0.0891089108910891	0	C>T	1	0	Complex IV	0	0
HCS-2054P2~chrM~11914~G~A	1	0.0010639999999999	0	0.4285714285714285	0	0	0.273103933877489	0.27297150767363565	0.18061137810734662	0.4801585075507854	0.5888479473608571	0.5405062566373556	1.179993457374659e-64	12.852180289531887	1	0	0.2213328660877875	CAT	0.0012566651162140535	0.008158508158508158	0.00032014152452552433	0.16481111428299045	1	0	0.26732673267326734	1	G>A	1	0	Complex I	0.109749981	1
HCS-2054P2~chrM~15170~G~A	1	0.001663	0	0.5238095238095238	0	0	0.8090745610189047	0.8089569877562637	0.14722667902332623	1	0.9165620822606293	-0.104765253	1.2072584156603724e-44	10.11269981937647	0.31731050786291415	0.2954925484832517	0.36475040424499644	AAG	0.0046240470782486975	0.012714558169103628	1.1415722568381429e-05	0	0.37389296796680727	0	0.0594059405940594	0	G>A	1	0	Complex III	0	0
HCS-2055C1~chrM~7640~G~A	1	0.065005	0	0.3333333333333333	0	0	0.009532068794336919	0.009525124499265576	0.3693225339360964	0.8690968549475871	1.7957295876369964e-07	-5.219328553	4.6876189028960917e-14	3.8390725808549844	2.5004638093401407e-05	2.6725065321148915	1	AGA	0.0005986373411273621	0.007586752869771669	0	-0.393217384	0.30304706070765025	0	0.039603960396039604	0	G>A	1	0	Complex IV	0	0
HCS-2055C1~chrM~11493~G~A	1	0.001975	0	0.4761904761904761	0	0	0.784423098261019	0.7842869568514529	0.07552347864045068	0.6666576298463962	0.29422824711627105	1.0488910892859107	8.001921788887934e-13	1.7306771848486258	0.15729920705028502	-0.570087713	0.07931068340451723	CGC	0.0006988233609394007	0.007867132867132868	2.7293167642230023e-10	0.24918088737201316	0.0016365843788164413	0	0.039603960396039604	1	G>A	1	0	Complex I	0	0
HCS-2055C1~chrM~14930~G~A	1	0.0015379999999999	0	0.5714285714285714	0	0	2.2439382838052556e-05	2.2439382838052556e-05	0.1404946473032612	1	0.3642357037335352	0.9073235885441183	7.558001375197883e-25	3.3063522265176806	0.31731050786291415	-0.420084025	0.06371306289513101	CGC	0.0008183914178464529	0.006993006993006993	1.529915692119689e-05	0	0.17567170935082765	0	0.039603960396039604	0	G>A	1	0	Complex III	0	0
HCS-2055P1~chrM~3484~C~T	1	0.001078	0	0.5238095238095238	0	0	0.008217242565121519	0.008207461781537423	0.8460631137904845	1	0.3002548180018505	1.0358870967741935	4.2232540676626975e-61	16.081666745296243	0.31731050786291415	-0.104446594	0.6684120861943271	GCC	0.0006738053613053667	0.006993006993006994	0.00042262412311444634	0	0.21785758474143008	0	0.009900990099009901	1	C>T	1	0	Complex I	0	0
HCS-2055P1~chrM~4412~G~A	1	0.001979	0	0.3809523809523809	0	0	0.12260092696954766	0.12262497954455191	0.8023867300512091	0.09076727926082348	0.4065963901097095	0.8298981161259622	1.2469665471643128e-56	13.953648090440643	0.31731050786291415	0.621966321647047	0.3510149539622561	AAC	0.0007662874136023677	0.008391608391608392	6.185137800829738e-07	-4.781567489	0.5416655837558569	0	0.06930693069306931	0	G>A	1	0	tRNA	0	0
HCS-2055P1~chrM~5738~G~A	1	0.0018559999999999	0	0.6666666666666666	0	0	0.8370651537997038	0.8370651537997038	0.5995447896360749	0.3435499675709264	0.5490038910403394	-0.59925344	1.3648520608072018e-33	10.3467166509433	1	0	0.7060277131841783	CGC	0.0009148279658257556	0.007992007992007992	4.946125440049648e-05	9.04003801076972	1	0	0.12871287128712872	1	G>A	1	0	NAN	0	0
HCS-2055P1~chrM~9868~G~A	1	0.002528	0	0.4285714285714285	0	0	0.5494225198758028	0.5493820746672053	0.5377261298620073	1	0.660643773661466	0.43902451428727396	3.0784993768706697e-41	12.684195868252633	0.19364643126922065	0.29576024087563857	0.5408997309757302	CAC	0.0006238175712221834	0.007867132867132873	5.953261865735426e-15	0	0.007299099084106532	0	0.0594059405940594	1	G>A	1	0	Complex IV	0.0000193	1
HCS-2055P1~chrM~11770~T~C	1	0.001838	0	0.5714285714285714	0	0	0.17987349548962683	0.17979391606507922	0.4582081005693356	1.4150645004742163e-05	0.5218439987912062	-0.640505524	1.7719938488966605e-56	13.001504832671642	0.17971249487899976	1.5870392017163082	0.3832184180566154	CTC	0.007556537694636474	0.014319014319014323	3.7915330039066835e-13	5.200270782561603	0.01441190744855773	0	0.039603960396039604	1	T>C	1	0	Complex I	0.000733081	1
HCS-2055P1~chrM~14249~G~A	1	0.001635	0	0.6190476190476191	0	0	0.7357439344348173	0.7356785938948098	0.37445797081834065	0.9742729255836702	0.8933812558890561	0.13402695984559687	2.4037487306145052e-45	12.53042190859194	0.8875370839817152	0.10660035817780522	0.7737162409297182	CGC	0.0007270979324442315	0.008158508158508158	4.518905641698653e-08	-0.038708558	0.2580699778388431	0	0.06930693069306931	1	G>A	1	0	Complex I	0.000462999	1
HCS-2055P1~chrM~15301~G~A	1	0.001827	0	0.3809523809523809	0	0	8.362830487150808e-05	8.36429774381183e-05	3.8976279482179717e-10	1	3.0462249540507814e-07	5.120564442139669	8.096279942679337e-54	14.492665474540575	0.15063102550734286	0.8131196234334641	1.620608724842362e-10	TAC	0.012401435042943991	0.014115514115514113	0.007005462749780466	0	1.1606304761496944e-10	0	0.43564356435643564	1	G>A	1	0	Complex III	0.284281195	1
HCS-2056C1~chrM~1411~G~A	1	0.301212	0	0.4761904761904761	0	0	0.0067620484191868065	0.006640846074011069	0.027226518311256137	0.9897404255855095	0.7029365958191836	0.3813593825665744	4.9000364846295194e-20	2.7244483367347523	5.575904876288139e-08	1.9045112504572186	0.008366471813991657	GGG	0.0008258408258408329	0.007855891811800884	0	0.039330475607265214	0.35064445662595406	0	0.04950495049504951	0	G>A	1	0	rRNA	0	0
HCS-2056C1~chrM~5540~G~A	1	0.001588	0	0.5238095238095238	0	0	0.5528107916847056	0.5528107916847056	0.03657662097715289	0.9378472305287374	4.6089528287878665e-05	-4.074620074	1.39125073054664e-23	6.912695477561806	0.7825279247400674	0.8124171045246019	0.3156796858177261	AGC	0.0009313092878144749	0.00743006993006993	1.3852645991175751e-09	-0.125128055	0.2104403910418778	0	0.039603960396039604	1	G>A	1	0	tRNA	0	1
HCS-2056C1~chrM~14840~A~G	1	0.194313	0	0.5238095238095238	0	0	0.3990536959993427	0.41692773516679893	0.06028820094819205	0.989835341706541	0.0026718249049033104	-3.003170737	1.5434892203077682e-08	2.2370717044768833	0.006059986450843297	1.0783211528323295	0.16727684449738445	AAA	0.014511537937324563	0.021698984302861813	0	-0.000187406	0.7989613089809842	0	0.009900990099009901	1	A>G	1	0	Complex III	0	0
HCS-2056P1~chrM~2333~G~A	1	0.001517	0	0.5238095238095238	0	0	0.7570611672081075	0.7570611672081075	0.3574379110326985	1	0.7866115583052458	0.2707132849609341	4.0360300061271695e-61	15.720774799351162	0.31731050786291415	1.161895003862225	1	CGC	0.0014672702047451383	0.009790209790209791	0.001220131684066852	0	1	0	0.0891089108910891	1	G>A	1	0	rRNA	0	0
HCS-2056P1~chrM~2916~G~A	1	0.001607	0	0.4285714285714285	0	0	0.8426501812499115	0.8426501812499115	0.43587733736950585	1	0.4115538524029435	0.8211622561985407	2.8366447205006595e-31	9.921897215098136	0.7518296340458492	-0.123091491	1	CGG	0.001582212659135718	0.007575757575757576	1.9475945575561058e-06	0	0.08077112801956018	0	0.07920792079207921	1	G>A	1	0	rRNA	0.0000193	1
HCS-2056P1~chrM~5650~G~A	1	0.001606	0	0.3809523809523809	0	0	0.10511962746239935	0.10511962746239935	0.9522356104281998	0.16836983087155333	0.8770440423977179	-0.154717488	4.968570057389586e-14	6.564372314358936	0.31731050786291415	0.3418817293789138	1	AAC	0.0077645396601125636	0.011988011988011988	0.009681861297718105	8.929657856332089	0.4552463906777119	0	0.06930693069306931	1	G>A	1	0	tRNA	0.0000193	1
HCS-2056P1~chrM~5752~A~G	1	0.0020469999999999	0	0.5714285714285714	0	0	0.7418784884750628	0.741226952979939	0.43982786819300923	0.37565653733755555	0.533788658808254	-0.622233017	3.864242015647575e-06	2.998216071261569	0.1305700181157362	1.0734900802433864	0.47604218904949147	AAG	0.001591157135035212	0.007692307692307693	1.3478914075897922e-05	10.675722543352599	0.06337912573591722	1	0.27722772277227725	0	A>G	1	0	NAN	0.0000193	0
HCS-2057C1~chrM~5237~G~A	1	0.0011	0	0.7619047619047619	0	0	0.005742065720129488	0.005748403335291361	0.0014786485559359036	0.014783008024615516	0.7837989250856743	0.2743717831000936	1.6019548755383223e-35	8.284696240839265	0.31731050786291415	-0.051282051	0.04935611190843532	CGC	0.005545490234772518	0.014523937600860678	1.7887383573399505e-07	-3.687319585	9.28301960777975e-05	0	0.04950495049504951	1	G>A	1	0	Complex I	0.004822903	1
HCS-2057C1~chrM~8517~G~A	1	0.013625	0	0.3809523809523809	0	0	0.3830589472623005	0.38323877928472094	0.02740892169055484	0.7700284626674552	0.021866969797183344	2.292670714456588	2.0887463088107337e-31	12.192061678013717	0.10598885577092829	1.7201411756821487	0.8275019563785504	TGA	0.0018958542014901728	0.008537973654252717	4.928285486659501e-35	-0.003851793	0.07995658339546938	0	0.019801980198019802	0	G>A	1	0	Complex V	0	0
HCS-2057C1~chrM~11465~T~C	1	0.002788	0	0.4285714285714285	0	0	0.143719510106516	0.1438906835055227	0.3587132228523018	0.9986610120852981	0.10939923666800795	-1.600899246	8.504972494197113e-98	17.66435037338976	0.0047256977341214425	2.56019185088569	0.4423780894221191	CCT	0.0016544380611975857	0.00861928768905513	2.935500194954474e-20	-0.001334124	0.7617976846385772	0	0.009900990099009901	1	T>C	1	0	Complex I	0.002488618	1
HCS-2057P1~chrM~60~T~C	1	0.0038179999999999	0	0.4761904761904761	0	0	0.8002572529269806	0.8007381484999891	0.931347877351826	1	0.4938591702113546	0.6841837055691338	8.02702317236712e-103	21.789165111901124	0.0081509715935027	1.2619690691728473	0.8642191873818168	TTC	0.012692376747675777	0.019656019656019652	4.369985965548261e-14	0	1	0	0.19801980198019803	0	T>C	1	0	Dloop	0.000790956	1
HCS-2057P1~chrM~72~T~C	1	0.016647	0	0.6666666666666666	0	0	0.05158682170567478	0.05176582954436122	0.9259743099502211	1	0.9537282078746961	-0.058025637	1.1699221030694469e-93	19.790225761104434	0.0002556308678365145	3.4279471966956776	0.1324492695445267	GTA	0.012581182737084237	0.0199618563254927	7.595768892200087e-39	0	0.38535683779901	0	0.32673267326732675	0	T>C	1	0	Dloop	0.017921908	1
HCS-2057P1~chrM~94~G~A	1	0.007068	0	0.6190476190476191	0	0	0.790066330892233	0.7880508948241808	0.28338915559380673	1	0.49956419807797736	0.6751756137935847	1.0604399572354486e-107	22.456569347662146	0.0012080284739573587	2.5756533438689395	0.8029417985263896	AGA	0.01265379314159751	0.02017982017982019	7.008534138680085e-27	0	0.39953509204104953	0	0.21782178217821782	1	G>A	1	0	Dloop	0.004166988	1
HCS-2057P1~chrM~3850~G~A	1	0.001457	0	0.4285714285714285	0	0	0.5669712688911243	0.5671452196723302	0.38442469968549997	1	0.39936412753335737	0.8427574178678109	3.5472765603516107e-51	10.872754806021895	0.31731050786291415	-0.237289499	0.2382722499503172	GGC	0.0008734374776271091	0.008158508158508162	5.079839662234747e-11	0	0.4871840432477983	0	0.04950495049504951	0	G>A	1	0	Complex I	0	1
HCS-2057P1~chrM~4482~G~A	1	0.001371	0	0.6190476190476191	0	0	0.442634381176747	0.44258638073515266	0.433244012145113	0.6177860762709423	0.7930285046462744	-0.262379982	4.796070089776589e-57	12.948423293343032	0.31731050786291415	0.5275043787166296	0.24532015777085708	GGC	0.0012135688991584035	0.008158508158508158	4.45734525179117e-07	0.5544638524987846	0.14820134985709388	0	0.04950495049504951	0	G>A	1	0	Complex I	0	1
HCS-2057P1~chrM~4895~A~G	1	0.001519	0	0.2857142857142857	0	0	0.2174746407412359	0.21767748633734085	0.0996662231599545	0.4708946849042317	0.056497883612237905	-1.907175356	4.055851166876511e-58	13.910680221201481	0.4142161782425252	0.2857738033247041	0.54143948682295	TAT	0.009566025959468205	0.011188811188811189	0.31358401149051707	-0.392515317	0.06484413440580256	0	0.019801980198019802	1	A>G	1	0	Complex I	0.001253955	1
HCS-2057P1~chrM~11711~G~A	1	0.00107	0	0.5714285714285714	0	0	0.5291506786721805	0.5289420941639934	0.1630327671164299	0.9196803600999238	0.16802910157129491	1.3785643920986288	7.324475803242371e-16	3.148957930358328	0.15729920705028502	-0.643267521	0.0445305734128635	CAC	0.005112461625211242	0.013986013986013986	1.8615391375700402e-08	-0.145968298	0.000125322281418985	0	0.24752475247524752	0	G>A	1	0	Complex I	0	1
HCS-2057P1~chrM~12361~A~G	1	0.00208	0	0.4285714285714285	0	0	0.11581977279248497	0.11581977279248497	0.1259823064284833	1	0.854681756454158	-0.183148175	1.545902975997475e-10	10.201514907936804	0.5637028616507731	0.23145502494313785	0.2731381195578556	CAC	0.000973575332549691	0.007867132867132868	1.7203237801439877e-05	0	0.7269314314326507	0	0.019801980198019802	0	A>G	1	0	Complex I	0.006173316	1
HCS-2057P1~chrM~12889~G~A	1	0.001613	0	0.4761904761904761	0	0	0.19026731314229717	0.1903166819704084	0.14257715246975963	1	0.4463605086753508	-0.7614966	1.3739983057230212e-56	9.934846582238439	0.05878172135535886	1.4484136487558028	1	CGC	0.0022512826890391203	0.010758472296933838	3.8830855973969463e-07	0	0.7881390210412067	0	0.06930693069306931	0	G>A	1	0	Complex I	0	1
HCS-2057P1~chrM~14025~T~C	1	0.136902	0	0.238095238095238	0	0	0.27811611618493637	0.2783981530667812	0.4520461592410633	1	0.05364850222251624	-1.929663847	5.584636632031132e-36	12.452707676648428	5.670431895614054e-08	5.211724158111419	0.5549327500461849	CTA	0.0010730382290936604	0.008058608058607914	0	0	0.0016979097276116335	0	0.039603960396039604	0	T>C	1	0	Complex I	0.007350104	1
HCS-2057P1~chrM~16148~C~T	1	0.001245	0	0.3809523809523809	0	0	0.68709519953737	0.68709519953737	0.3382092261482368	1	0.7706826765549193	0.291482041684854	1.3146618084553217e-46	13.989952370875852	1	0	1	CCA	0.0009835922432323509	0.006993006993006994	7.290311805053699e-06	0	0.5174048054459155	0	0.16831683168316833	0	C>T	1	0	Dloop	0.032564241	1
HCS-2058P1~chrM~60~T~C	1	0.001009	0	0.4761904761904761	0	0	0.481053872043798	0.481053872043798	0.9910458111528458	1	0.9815264333006014	0.023155251319709906	8.733058865249262e-83	18.013356195853074	0.31731050786291415	0.4629100498862757	0.16361252100564858	TTC	0.007762964428893798	0.013986013986013986	0.0020578520671207926	0	0.624838667907793	0	0.19801980198019803	0	T>C	1	0	Dloop	0.000790956	1
HCS-2058P1~chrM~2392~T~C	1	0.002134	0	0.2857142857142857	0	0	0.6505643369105589	0.6506365029072649	0.45909752864155884	1	0.375556192434775	0.8861138277880276	3.5356065341574317e-41	11.77775223625288	1	-0.057863756	0.7267641269912746	ATC	0.0005840867288623647	0.006993006993006993	7.132460987302416e-06	0	0.1664442190796241	0	0.04950495049504951	1	T>C	1	0	rRNA	0.001639787	1
HCS-2058P1~chrM~2943~G~A	1	0.001678	0	0.4285714285714285	0	0	0.4522697638663037	0.4522697638663037	0.8856802821667937	0.9993812013792573	0.8302044689806608	-0.214439336	9.740485382047769e-47	11.231184726493737	1	0	0.6893619317374847	CGC	0.0034012082667651284	0.009324009324009324	0.00481941434701628	-0.002012072	0.6879689794635417	0	0.0297029702970297	1	G>A	1	0	rRNA	0	0
HCS-2058P1~chrM~3106~C~A	1	0.169014	0	0.2857142857142857	0	0	0.017501201541291807	0.017501201541291807	0.6187565913004272	1	0.7004696197463103	0.38468660613161454	0.4142161782425253	2.255100108986105	1	1.224744871391589	1	ACC	0.012457310131728756	0.013986013986013986	0.7903267528054196	0	1	0	0.3564356435643564	0	C>A	0	1	rRNA	0.003993364	0
HCS-2058P1~chrM~3955~G~A	1	0.0010299999999999	0	0.6666666666666666	0	0	0.4647433514452285	0.4647433514452285	0.4189232597505014	0.9675995820326666	0.4338655319167456	0.7825940580272535	3.073374978454696e-36	9.698190133759194	1	0.3674234614174767	0.5291355239776085	CAC	0.0006488022569667889	0.006993006993006994	6.846035308158594e-07	-0.120148446	0.11320919728962908	0	0.06930693069306931	1	G>A	1	0	Complex I	0	1
HCS-2058P1~chrM~10290~G~A	1	0.001736	0	0.5238095238095238	0	0	0.00037987277159034285	0.00038034583381474775	0.00335994291686415	1	0.6218493547355305	0.4932310303345271	1.8950609749584535e-50	13.7975985430211	0.31731050786291415	-0.1148692	0.028268667233754353	AAC	0.0006684765049077376	0.006993006993006993	4.683354103226965e-09	0	0.11563605229249264	0	0.07920792079207921	0	G>A	1	0	Complex I	0	1
HCS-2058P1~chrM~14423~G~A	1	0.002188	0	0.6666666666666666	0	0	0.008182550251981903	0.008209276119922523	0.11799318997845296	0.998980247988995	0.35016507840152555	0.9342691406832896	8.965906374818006e-47	8.8473073578395	0.11082811686279109	0.5228869856160021	0.6707041042463944	TAA	0.0008409242451795614	0.007310870947234587	6.478423496426277e-13	-0.001103231	0.6746190963706944	0	0.0297029702970297	0	G>A	1	0	Complex I	0.0000193	1
HCS-2058P1~chrM~15635~T~C	1	0.020394	0	0.3809523809523809	0	0	0.5681006225392633	0.5685756529895485	0.0015445649666421906	1	0.5927180578454332	0.5349013744595802	2.2163195189413984e-54	11.397395203504104	0.005822156020973805	2.02592068008305	0.019722786820047876	ATC	0.0009095634095634027	0.007440234184420239	1.8453032235407696e-86	0	0.8167706354727656	0	0.009900990099009901	0	T>C	1	0	Complex III	0.0000386	0
HCS-2059C1~chrM~3821~T~C	1	0.7928830000000001	0	0.4285714285714285	0	0	0.13518925373908125	0.13476384585947113	0.9834305702985278	1	0.023876319405072656	-2.2591136	0.00010663026276725988	0.5088936839905711	8.671282394350569e-24	3.8272066561739373	0.7947817882498724	CCC	0.001047753616246768	0.007849361040850059	0	0	0.0003065062547652951	0	0.019801980198019802	0	T>C	1	0	Complex I	0	0
HCS-2059C1~chrM~5894~A~C	1	0.002451	0	0.4761904761904761	0	0	0.014329952739419278	0.014329952739419278	0.01621698430124462	0.01476949786527613	0.9138281573689542	0.10821120434073708	1.9124135048527426e-09	4.2980791991457155	1	0	0.09395414247464474	CAC	0.0014666290016660734	0.006993006993006993	0.052757592543409094	11.187963726298435	1	0	0.039603960396039604	0	A>C	0	1	NAN	0.002122077	1
HCS-2059C1~chrM~9283~T~C	1	0.005959	0	0.5714285714285714	0	0	0.0773300965713695	0.07771913033872273	0.00033466584974168505	0.8586435307036776	0.9403324066349922	0.07485207688593898	4.443400510862144e-149	17.768164526312063	0.03843393023678171	0.5177989719474324	0.00015342307794085884	CCA	0.0008752775551194447	0.007736943907156666	1.4504173302248558e-49	-0.080368906	0.0017559443197106442	0	0.009900990099009901	0	T>C	1	0	Complex IV	0	0
HCS-2059C1~chrM~16284~A~G	1	0.004706	0	0.4761904761904761	0	0	0.040847621299875875	0.04082273121860552	0.2507740810627289	1	0.1961826162695477	-1.292504131	6.944863419285031e-16	1.3193391763684144	0.03844989625053435	1.247397601585226	0.21103243113735004	AGA	0.0167413533365479	0.026627218934911233	3.716637283778909e-30	0	0.30407214501467417	0	0.019801980198019802	0	A>G	1	0	Dloop	0.003530365	1
HCS-2059P1~chrM~72~T~C	1	0.002202	0	0.6666666666666666	0	0	0.9847238074510085	0.9846478158495624	0.12036661440630243	1	0.6883907120420466	0.4010399487795932	1.426870418304709e-122	21.589269113048385	1	-0.32991444	0.5687358691664912	GTA	0.012301177799940687	0.016983016983016984	0.0004964487933626904	0	0.7902972431959241	0	0.32673267326732675	0	T>C	1	0	Dloop	0.017921908	1
HCS-2059P1~chrM~5164~G~A	1	0.002887	0	0.4761904761904761	0	0	0.030326031369758515	0.030326031369758515	0.9667228837621484	0.8059887195481809	0.14973983616289174	1.4404510263346053	1.2481372824898696e-48	13.645129710211426	0.1962447266045112	0.029357847585005124	0.2697371976051507	CAC	0.0007186879869203788	0.0076590076590076625	6.987827599277837e-13	-1.193419271	0.07789412577386415	0	0.04950495049504951	1	G>A	1	0	Complex I	0	0
HCS-2059P1~chrM~11423~G~A	1	0.001256	0	0.6190476190476191	0	0	0.5641588526301602	0.5641588526301602	0.2836607762757287	0.9991348254344189	0.8158073542721487	-0.232940828	5.0997739071839e-35	8.251766997520841	0.04550026389635839	1.0881455422243012	0.08708373905058671	CAA	0.0007006829266218064	0.006993006993006993	1.3791026726016205e-10	-0.000456135	0.0026367756757148916	0	0.04950495049504951	0	G>A	1	0	Complex I	0	0
HCS-2059P1~chrM~13656~T~C	1	0.858237	0	0.4285714285714285	0	0	0.9954802999583197	0.9912574760866466	0.07581148561698488	0.844496586678367	3.954186851496254e-05	-4.110140362	8.775957593104002e-07	3.1320489522935144	1.4910805591320172e-52	12.74617936700151	0.031876825027211106	TCA	0.0009139052312914615	0.007892798048238121	0	0.035233160621764625	0.6873817281818231	0	0.009900990099009901	1	T>C	1	0	Complex I	0.00179412	1
HCS-2059P1~chrM~14991~T~C	1	0.839234	0	0.5238095238095238	0	0	0.8783167812954417	0.8818287260858053	0.03900870564234526	0.9864686527800395	0.08622592509218892	-1.715651071	5.982361390816325e-07	2.5846941543804687	2.691143106177117e-36	7.251059997195209	0.0006820709472395967	CCT	0.0008539537385691223	0.007927016305527543	0	0.00213569903072397	0.7883851237011112	0	0.019801980198019802	0	T>C	1	0	Complex III	0	0
HCS-2060C1~chrM~1438~A~G	1	0.004137	0	0.3809523809523809	0	0	0.45689661175625995	0.45689661175625995	1.6561945523765853e-05	0.8994368977265603	0.2040683144905544	1.2700458051149839	1.115788244596727e-28	7.3588111791134025	1	0	1.6636201284263257e-07	TAA	0.000535274930977711	0.00757575757575758	3.3896770966786834e-15	-0.093106535	0.013701892116510236	0	0.6138613861386139	1	A>G	1	0	rRNA	0.948529979	1
HCS-2060C1~chrM~3834~G~A	1	0.001587	0	0.4761904761904761	0	0	0.3860088442687216	0.3860088442687216	0.9269481202490701	1	0.09272540768926357	-1.681193129	7.241919038959206e-46	9.790237308818426	0.31731050786291415	2.354833517059535	0.8357882543200278	TGC	0.0006005222209136694	0.007905138339920953	2.178654700787169e-14	0	0.010511566407479064	0	0.06930693069306931	1	G>A	1	0	Complex I	0.009395015	1
HCS-2060C1~chrM~9774~G~A	1	0.001365	0	0.5238095238095238	0	0	0.6400413953802355	0.6397684417148293	0.1704273604173372	0.9959977596528454	0.615636060176485	-0.502044726	7.364845365804842e-54	9.768112126345482	0.010381795789701762	1.3704965777283857	0.30323764852898566	CGA	0.0005668862293181764	0.007601094557616301	1.652878080442307e-14	-0.001814882	0.14250939917489536	0	0.0594059405940594	0	G>A	1	0	Complex IV	0	0
HCS-2060P1~chrM~622~G~A	1	0.005153	0	0.4285714285714285	0	0	0.28246668124938856	0.2825943510613449	0.3514978886683833	0.9758382072785786	0.8294882106405335	-0.215358003	4.454584290407461e-98	16.63164968586636	0.07070114486598297	1.5077656127054837	1	AGA	0.0014078330910013883	0.007552447552447557	1.5592404712700035e-12	0.03527227722772608	0.16002531193153496	0	0.0297029702970297	0	G>A	1	0	tRNA	0	1
HCS-2060P1~chrM~709~G~A	1	0.001042	0	0.5714285714285714	0	0	0.6901511689142009	0.6900630942421524	0.8304153767514469	0.1513426484472728	0.6779932509700308	-0.415203071	1.1859015966560476e-95	17.1066574526223	0.4932352024443428	0.4632528193148689	0.3236966056626001	CGT	0.006381134881958394	0.013236763236763243	3.4736976276967514e-06	1.1455505870662392	0.5725921082293446	0	0.3564356435643564	1	G>A	1	0	rRNA	0.129909715	1
HCS-2060P1~chrM~1438~A~G	1	0.0033	0	0.3809523809523809	0	0	0.0019039833183927349	0.0019051709791511476	0.22588172221165104	0.28321673139045966	0.40438447712502834	0.833816355937485	2.398901645805409e-31	13.22934163932348	0.1305700181157362	0.8843639048941313	0.5748155172203667	TAA	0.0007092217598352631	0.0074752833373523085	3.609943604127286e-17	0.28074095620901574	0.5776839900920897	0	0.6138613861386139	1	A>G	1	0	rRNA	0.948529979	1
HCS-2060P1~chrM~3106~C~A	1	0.123596	0	0.2857142857142857	0	0	0.08558288874449103	0.08558288874449103	0.08684963202692927	1	0.5961323137682313	0.5299706017918122	0.25963977138128647	3.615609473346131	1	0	1	ACC	0.005152741994847254	0.006993006993006993	0.650970814768913	0	1	0	0.3564356435643564	0	C>A	0	1	rRNA	0.003993364	0
HCS-2060P1~chrM~9774~G~A	1	0.091153	0	0.5238095238095238	0	0	0.21679897243269897	0.21569122194223211	0.3140126133228831	1	0.11202812957408845	1.5891429208033974	1.3630004290756626e-56	14.778564699449799	1.8361290050746367e-09	4.73499026763161	0.6830291455987623	CGA	0.0006683778248323217	0.007778964551298822	0	0	0.5708939887836655	0	0.0594059405940594	0	G>A	1	0	Complex IV	0	0
HCS-2061C1~chrM~235~A~G	1	0.896521	0	0.238095238095238	0	0	0.0013410064786554348	0.0013410064786554348	0.0004785938340401921	1	0.22756186758247232	1.2066632237605879	0.09549120524555599	2.383730248366572	9.835351687830238e-12	8.842546796065623	0.7200403518257874	AGT	0.010994785561259556	0.02916166473356534	1.2844608046044142e-105	0	0.01648478970991639	0	0.12871287128712872	0	A>G	1	0	Dloop	0.029188209	1
HCS-2061C1~chrM~709~G~A	1	0.001256	0	0.5714285714285714	0	0	0.5095741929115201	0.5106937978340036	0.001405908135631958	0.9988525982989865	0.08754419703137509	-1.708496814	2.6457742051325436e-92	16.184240292493662	0.01192100149691403	1.80392134845313	1	CGT	0.00841551957170581	0.011443102352193257	0.0001524177565502818	-0.001593741	0.16179558655415022	0	0.3564356435643564	1	G>A	1	0	rRNA	0.129909715	1
HCS-2061C1~chrM~2065~A~G	1	0.583968	0	0.4761904761904761	0	0	0.3384645573906102	0.3344394359681707	0.029656837218151957	0.8929247888632155	0.00010449273495106969	-3.879915558	4.734945344056191e-11	2.4603667791307986	5.387851053224295e-53	11.688032083125472	0.0006931934916401334	AGC	0.0006141718203975013	0.00775165110829414	0	0.014920509083928835	0.03327356083102477	0	0.009900990099009901	0	A>G	1	0	rRNA	0.000192916	1
HCS-2061C1~chrM~12293~G~A	1	0.0010639999999999	0	0.5238095238095238	0	0	0.47001609474119144	0.47001609474119144	0.001401136488950863	1	0.38135112606628785	0.8754095119777331	1.1296187083143815e-56	9.68685408631258	1	0	0.0017937280233171517	TGG	0.0007310685819713185	0.006993006993006993	7.937733879545428e-08	0	0.1509362496342145	0	0.0297029702970297	0	G>A	1	0	tRNA	0	1
HCS-2061C1~chrM~13980~G~A	1	0.001297	0	0.6190476190476191	0	0	0.2951675440720787	0.29492681531220455	0.1209257869768844	1	0.47950491107593174	0.7070990745097757	1.1277161871562631e-43	7.911199623930029	1	0	0.22681305649528255	TAC	0.0008355229164147218	0.007628734901462175	3.133338417991061e-07	0	0.5506488523384463	0	0.0297029702970297	1	G>A	1	0	Complex I	0.002102786	1
HCS-2061P1~chrM~60~T~C	1	0.001503	0	0.4761904761904761	0	0	0.33120994191734265	0.3313388245390704	0.41067559891606664	1	0.05060200822860706	1.9548395768013906	3.059047661875076e-178	31.692373750409477	0.0832645166635504	1.224744871391589	0.1727409417669456	TTC	0.011096930226322703	0.015297202797202798	0.0006911472473018386	0	0.6240590332679309	0	0.19801980198019803	0	T>C	1	0	Dloop	0.000790956	1
HCS-2061P1~chrM~200~A~G	1	0.493592	0	0.2857142857142857	0	0	0.56536866912285	0.5649564879763294	0.9238499874618512	1	0.004267527795274528	-2.857678317	6.503737297869507e-10	6.111372416622632	2.9853809376995043e-44	12.179018561735418	0.3405904353042378	TAA	0.01835378984454031	0.02552210845247745	0	0	0.7578851927018495	0	0.0297029702970297	0	A>G	1	0	Dloop	0.029246084	1
HCS-2061P1~chrM~2377~G~A	1	0.001486	0	0.3333333333333333	0	0	0.06549758679302807	0.06558547164475513	0.00012489753513065063	0.999137822994954	0.23915138506021094	1.1771105492515466	6.654136418058036e-58	13.50486633310775	0.6547208460185769	0	0.0014418153736493638	AAC	0.0005900446189063531	0.007770007770007772	1.154489993634032e-11	-0.002208806	0.0315103050918779	0	0.04950495049504951	0	G>A	1	0	rRNA	0.0000386	0
HCS-2061P1~chrM~3106~C~A	1	0.111486	0	0.2857142857142857	0	0	0.049440101014059934	0.05194378359292756	0.2223974987852967	1	0.6245377417212594	0.4894293777062886	0.7939311379819691	5.43274850795683	1	0	0.24664845710910974	ACC	0.005079698721317255	0.01048951048951049	0.13329595506611008	0	0.50546286726709	0	0.3564356435643564	0	C>A	0	1	rRNA	0.003993364	0
HCS-2061P1~chrM~5753~G~A	1	0.001736	0	0.5714285714285714	0	0	0.5169547457882511	0.5163986304894663	0.6114172058178996	0.5591209811310525	0.21704627566274803	1.2344204417967701	1.6001222202538322e-76	12.086976512364222	1	-0.22	1	AGG	0.006750492703082406	0.012027972027972027	1.7703514566360338e-07	-2.141135499	0.1603576033115161	0	0.0891089108910891	0	G>A	1	0	NAN	0.0000386	1
HCS-2061P1~chrM~5758~G~A	1	0.001328	0	0.6190476190476191	0	0	0.6881977005439244	0.688740003369734	0.693297370698121	0.6211427876446161	0.6082853105984212	-0.512522595	3.6504198536475314e-44	8.429768483902885	0.5637028616507731	0.23414240188368612	0.7915272340448141	GGA	0.006024114875614261	0.013986013986013988	2.602328739781829e-09	3.07479667799819	1	0	0.0594059405940594	1	G>A	1	0	NAN	0	0
HCS-2061P1~chrM~6081~G~A	1	0.001308	0	0.4761904761904761	0	0	0.23719623017660285	0.23651679884292154	0.7881603334842284	0.3027234917362033	0.2934712407698291	1.0505371048238281	1.0155826447656078e-44	8.073595533865305	0.31731050786291415	-0.352089395	0.5576503447176104	AAC	0.0006144963714085003	0.006993006993006993	1.6386431459630237e-07	3.7596869322847937	0.7688369498566897	0	0.06930693069306931	0	G>A	1	0	Complex IV	0.0000193	1
HCS-2061P1~chrM~16034~G~A	1	0.0035299999999999	0	0.4285714285714285	0	0	0.8176005638740934	0.8175525887675958	0.07403959872819159	1	0.5854590981938766	0.5454281295719159	3.817116748186606e-33	9.264708561354551	0.2808875253195705	0.5724780279075999	0.044368047926900384	GGG	0.0007542375791148312	0.007326007326007328	1.1427710145068466e-12	0	0.5154888640559079	0	0.12871287128712872	1	G>A	1	0	Dloop	0	0
HCS-2062P2~chrM~60~T~C	1	0.010665	0	0.4761904761904761	0	0	0.42512341773442675	0.42346357272584056	0.512100264396917	1	0.7242790222544986	0.35274579727686484	7.814516369071276e-177	28.62181055002408	4.5949331119000284e-05	4.04686168204091	1	TTC	0.011985352349881859	0.019565540842136596	2.2547511964577222e-30	0	0.060574841308365796	0	0.19801980198019803	0	T>C	1	0	Dloop	0.000790956	1
HCS-2062P2~chrM~72~T~C	1	0.026725	0	0.6666666666666666	0	0	0.4369202353546161	0.43922893743532165	0.08800126842677447	1	0.8731568862025382	-0.159649878	3.8169702464910314e-169	27.863697670917173	2.0072273025864955e-10	6.710494704559375	0.5793079451474497	GTA	0.011778319014882223	0.018674811778260032	4.0039557779091833e-75	0	0.7032665527259636	0	0.32673267326732675	0	T>C	1	0	Dloop	0.017921908	1
HCS-2062P2~chrM~94~G~A	1	0.015164	0	0.6190476190476191	0	0	0.43662797861765235	0.44313792518004713	0.8702995648634064	1	0.09804245001006003	1.6544187961512973	1.5736779968815827e-177	29.533111254268093	7.111131701473326e-08	5.495250669993569	0.290563186728392	AGA	0.01195963945500838	0.019297158537664855	4.7925234247196835e-52	0	0.8087046960100329	0	0.21782178217821782	1	G>A	1	0	Dloop	0.004166988	1
HCS-2062P2~chrM~189~A~G	1	0.003935	0	0.3809523809523809	0	0	0.3499785142021642	0.35100600620014866	0.6037798125531875	1	0.5028278159518429	-0.670047021	8.366159940911384e-69	16.872965525770514	0.0832645166635504	1.832005423175906	0.8380553879046797	AAC	0.017893018583627008	0.023411371237458192	5.941170582479088e-07	0	0.010601940416752753	0	0.19801980198019803	1	A>G	1	0	Dloop	0.054363763	1
HCS-2062P2~chrM~5152~T~C	1	0.001112	0	0.4761904761904761	0	0	0.2037334192431428	0.20360091220576892	0.1752982037141596	0.42651601705587894	0.011750636600073402	-2.519545759	1.6170204268217854e-45	12.250495119888562	0.6547208460185769	0.6510592946331425	0.074547523501975	CCA	0.0005169739789763956	0.006993006993006993	1.4194047096282404e-10	0.6651839565741824	0.021736526245813154	0	0.009900990099009901	0	T>C	1	0	Complex I	0	0
HCS-2062P2~chrM~5650~G~A	1	0.001194	0	0.3809523809523809	0	0	0.42439992780143876	0.4241710062088675	0.703149597179361	0.37346059915295027	0.6125785014600618	0.5063962572875221	1.7442327981362634e-50	14.700107668363374	1	0	1	AGC	0.0005883968148119144	0.008391608391608392	0.00031051923540042944	3.9886452490226034	0.03046168217134667	0	0.06930693069306931	1	G>A	1	0	tRNA	0.0000193	1
HCS-2062P2~chrM~5752~A~G	1	0.0014249999999999	0	0.5714285714285714	0	0	0.06408259044642897	0.06426611704792723	0.5040254548561404	0.11518264405381329	0.710986833341746	-0.370531067	7.546125994850007e-34	5.883816737829236	0.15729920705028502	0.9015037604471401	0.009308084342815826	AGG	0.0009152692499056777	0.008068854222700376	2.993215053290855e-08	7.871462079749804	0.17821478129736273	1	0.27722772277227725	0	A>G	1	0	NAN	0.0000193	0
HCS-2062P2~chrM~8251~G~A	1	0.0017929999999999	0	0.3809523809523809	0	0	0.1563656910224402	0.15642130297533743	0.01545133769815886	0.9412939912593135	0.28809341573413383	1.06231343834117	2.8623187951898324e-31	10.413654609540616	1	0	0.039452198024411154	GAC	0.0008996446403670521	0.007770007770007771	4.1661986483959254e-06	-0.417450107	0.32179590452479123	0	0.039603960396039604	1	G>A	1	0	Complex IV	0.059919747	1
HCS-2062P2~chrM~9921~G~A	1	0.001709	0	0.6666666666666666	0	0	0.7447986563097868	0.7444854136243542	0.6075191334923532	1	0.07364690691845882	1.7888007698707697	4.716818804419124e-46	9.585125141894528	0.31731050786291415	-0.277350098	1	CAC	0.007725766557186697	0.014722119985277884	1.623205999605003e-11	0	0.25355954682594856	0	0.039603960396039604	1	G>A	1	0	Complex IV	0.00108033	1
HCS-2062P2~chrM~11711~G~A	1	0.001008	0	0.5714285714285714	0	0	0.41038038731171966	0.41017826774249055	0.2555468188416148	0.6921021755987411	0.8431826412850625	0.1978241618901656	2.1252430856488754e-43	6.712277534290183	0.31731050786291415	0.338501600193165	1	CGC	0.011080307592762783	0.01864801864801865	1.0882604860590252e-05	0.592989323843419	1	0	0.24752475247524752	0	G>A	1	0	Complex I	0	1
HCS-2062P2~chrM~11914~G~A	1	0.0010689999999999	0	0.4285714285714285	0	0	0.7139600571326328	0.7143233544730242	0.9418631900096279	0.9990503182939892	0.4730296672519997	0.7175583160559509	9.716684783191478e-61	12.147129593421797	0.31731050786291415	-0.048592953	0.28358086186150355	CAT	0.0005275030223665435	0.008582326764144948	3.468607111685593e-14	-0.001027297	0.20176053098696833	0	0.26732673267326734	1	G>A	1	0	Complex I	0.109749981	1
HCS-2062P2~chrM~15861~T~C	1	0.0017419999999999	0	0.2857142857142857	0	0	0.866964995957176	0.866964995957176	0.5023800871021596	1	0.18414138038153327	1.3281111806824633	6.942290876657467e-58	13.48715448492793	0.31731050786291415	0.30151134457776363	0.13690321895517638	ATT	0.001707361598715107	0.008304195804195804	3.160665250478128e-08	0	0.803388514701938	0	0.009900990099009901	0	T>C	1	0	Complex III	0	0
HCS-2062P2~chrM~15995~G~A	1	0.001173	0	0.4285714285714285	0	0	0.9706332145876441	0.9704245412748387	0.7195685188661671	1	0.22571772078901475	1.2114637468690785	1.3419726475937022e-70	15.513581574541051	0.5807121621890252	0.5685352436149612	0.3880894891294111	AAC	0.0033542003847679544	0.011655011655011656	2.92145944960512e-06	0	0.7742078463601161	0	0.039603960396039604	0	G>A	1	0	tRNA	0	1
HCS-2062P2~chrM~16034~G~A	1	0.001227	0	0.4285714285714285	0	0	0.6866243069270761	0.6866243069270761	0.4595601915478257	1	0.42702673041903105	-0.794289818	5.445488036867537e-43	12.24642045039335	1	0.8944271909999159	0.5777730424373438	GAG	0.0006587345597457417	0.006993006993006993	0.00657765045673659	0	1	0	0.12871287128712872	1	G>A	1	0	Dloop	0	0
HCS-2062P2~chrM~16044~T~C	1	0.001008	0	0.5238095238095238	0	0	0.05750614563978855	0.05750614563978855	0.7643668126541919	1	0.5503808825942009	0.5971894791552661	3.312598866747346e-40	12.61691799032967	1	0	0.6419847190389596	ATT	0.0006611114936987871	0.006993006993006993	0.001713708513149781	0	0.05728040207709102	0	0.009900990099009901	0	T>C	1	0	Dloop	0	0
HCS-2062P2~chrM~16108~C~T	1	0.004037	0	0.5238095238095238	0	0	0.12398857425970122	0.12402848470061927	0.9309534660840852	1	0.4060416653201806	0.830879571256036	6.428170653289814e-69	16.572524041367867	0.06559969214707187	1.0286889997472795	0.7924880683415537	CCA	0.0007705520684507148	0.007992007992007992	6.1044381796839085e-09	0	0.7903967963991513	0	0.12871287128712872	1	C>T	1	0	Dloop	0.008121769	1
HCS-2062P2~chrM~16147~C~T	1	0.001369	0	0.3809523809523809	0	0	0.8221032527150097	0.8221032527150097	0.008820139031002525	1	0.599761080997302	-0.524744122	3.168162559731423e-70	18.564364033407262	0.31731050786291415	1.426371933150589	0.09787225383649308	ATC	0.0038197842766369327	0.009682625067240453	0.00013754086145192798	0	1	0	0.039603960396039604	0	C>T	1	0	Dloop	0.003318157	1
HCS-2062P2~chrM~16148~C~T	1	0.002593	0	0.3809523809523809	0	0	0.12991426384383875	0.12997785139109494	0.043126904058260807	1	0.009469932135232215	-2.594606312	2.47009810729816e-56	15.877585838535158	0.17971249487899976	0.472455591261534	0.28674346371570897	CCA	0.003932222597442206	0.01048951048951049	9.173231446424461e-06	0	0.5968453108001672	0	0.16831683168316833	0	C>T	1	0	Dloop	0.032564241	1
HCS-2063C6~chrM~709~G~A	1	0.00189	0	0.5714285714285714	0	0	0.709444885780852	0.709594732692441	0.6989474332859955	0.9951816635338792	0.9975506679227365	-0.003069787	1.676129684053939e-113	19.45658933916925	1	-0.470203925	0.23597392275113288	CGT	0.001046009458956829	0.0075757575757575794	2.623446964183179e-13	-0.007129616	0.09962354011166867	0	0.3564356435643564	1	G>A	1	0	rRNA	0.129909715	1
HCS-2063C6~chrM~7447~A~T	1	0.857084	0	0.2857142857142857	0	0	0.30746091457413716	0.30692405388476296	0.009632517924401842	0.9567736361684208	0.3395632317584484	0.9550286044822385	2.612055554274038e-06	5.650396899251564	1.6253123424542157e-38	12.051330762434556	0.05024445396923241	CTA	0.002046185325928094	0.008195820882239314	2.457230157474396e-208	-0.156412742	0.12249504907950909	1	0.019801980198019802	0	A>T	0	1	tRNA	0	0
HCS-2063C6~chrM~10310~G~A	1	0.001479	0	0.4285714285714285	0	0	0.9034379629399152	0.9032041734090785	0.4881286638462987	1	0.08160961738442668	1.741422098663718	6.585025803259295e-39	8.967989268893863	0.15729920705028502	-0.692820323	1	TAC	0.001225248381401416	0.006993006993006993	6.861449966552716e-07	0	0.7748861255953742	0	0.1485148514851485	1	G>A	1	0	Complex I	0.036962729	1
HCS-2063C6~chrM~15722~T~C	1	0.005152	0	0.3809523809523809	0	0	0.0006451523251005104	0.0006462760988679032	0.0021523875952983236	1	0.7403624821119267	-0.331373364	7.613797972394755e-30	5.076876670859301	0.012225087587457368	1.0356744868751067	0.0004204034362433151	TCG	0.0010045417699327732	0.007961269499731034	4.2905501277413285e-34	0	0.5336440761303907	0	0.009900990099009901	0	T>C	1	0	Complex III	0	0
HCS-2063P1~chrM~709~G~A	1	0.00149	0	0.5714285714285714	0	0	0.03182620446026189	0.03182620446026189	0.06275726001156394	0.9887861718652584	0.6836220534675894	0.4075255214956134	8.767045442243134e-125	19.640311534713526	0.4142161782425252	0.1842613758819515	1	CGT	0.0008413821719185783	0.008391608391608392	1.4865123654997248e-09	-0.010038957	0.6149636833317722	0	0.3564356435643564	1	G>A	1	0	rRNA	0.129909715	1
HCS-2063P1~chrM~3106~C~A	1	0.107477	0	0.2857142857142857	0	0	0.08406337314205609	0.08406337314205609	0.08432781672624629	1	0.6870925226683842	0.40280385814079855	0.0026470954555575074	5.318384952731294	1	0	1	ACC	0.005054530961266737	0.006993006993006993	0.622496093519088	0	1	0	0.3564356435643564	0	C>A	0	1	rRNA	0.003993364	0
HCS-2063P1~chrM~8148~G~A	1	0.001004	0	0.6666666666666666	0	0	0.35322445025823623	0.35322445025823623	0.0009583694951240855	0.9596170955011084	0.42755051644650977	0.7933902038088376	2.0801002032095948e-100	17.42050455172093	0.7854947471183542	0.6531972647421809	0.12587727279080851	CGA	0.0011447166561567518	0.007692307692307693	3.1061008686337754e-06	-0.077893674	0.7575097724865985	0	0.04950495049504951	0	G>A	1	0	Complex IV	0	0
HCS-2063P1~chrM~10310~G~A	1	0.001771	0	0.4285714285714285	0	0	0.023669346045574358	0.023669346045574358	0.5568122962000861	1	0.43745833287742786	0.7764923552446126	1.5954680662664902e-53	16.108402991169203	0.27630291733748347	0.8783100656536798	0.7887634283698406	TGC	0.0009885087364426201	0.007992007992007992	1.3591001013044184e-08	0	0.7903750293357095	0	0.1485148514851485	1	G>A	1	0	Complex I	0.036962729	1
HCS-2063P1~chrM~11778~G~A	1	0.001223	0	0.4285714285714285	0	0	0.08743576693145799	0.08747373067382348	0.5197651850961216	0.9440674468829527	0.7854439002699383	0.2722316591602636	2.3088958971339346e-30	5.315021133259662	0.31731050786291415	0.30050125348238005	0.7861539063302628	CGC	0.007804295348778992	0.013986013986013986	4.462911498199895e-08	-0.074590747	0.0011409477772374116	0	0.04950495049504951	0	G>A	1	0	Complex I	0.003568948	1
HCS-2063P1~chrM~13105~A~G	1	0.001117	0	0.3809523809523809	0	0	0.018223862849081108	0.01818771977150713	0.15855531048661498	0.9934218614372321	0.8528347095448696	0.1855027678087795	1.4423970941382185e-21	8.579149381	0.17971249487899976	0.3396831102433787	1	AGT	0.0011333993184016932	0.020479520479520483	1.6775277241481643e-10	-0.003184206	0.28975056372690755	0	0.10891089108910891	1	A>G	1	0	Complex I	0.072652211	1
HCS-2064C1~chrM~6300~G~A	1	0.013939	0	0.5714285714285714	0	0	0.31210907812869504	0.31021490645118865	0.02044792781100121	0.8981700098537659	0.15115999486162732	-1.435446179	2.3389210116852183e-51	6.659762436401072	0.1752523855791196	0.8354005162635909	0.42497610797367025	AGC	0.0007791147772102697	0.00791979105232121	8.047803062265232e-130	-0.020133315	0.5619737771268969	0	0.019801980198019802	0	G>A	1	0	Complex IV	0.0000193	0
HCS-2064P1~chrM~72~T~C	1	0.006411	0	0.6666666666666666	0	0	0.015129882948735617	0.01486177097806942	0.004026932311449746	1	0.410753250010395	-0.822568795	1.3035984001378472e-117	22.177993615050788	0.0022819372533154484	3.527848393244002	0.06360394552469033	GTA	0.011400728703576493	0.018026418026418026	3.338545472101779e-14	0	0.6571243396240042	0	0.32673267326732675	0	T>C	1	0	Dloop	0.017921908	1
HCS-2064P1~chrM~94~G~A	1	0.008279	0	0.6190476190476191	0	0	0.03932710621349047	0.03933387717723768	0.1377091369480526	1	1.3255126356086316e-05	4.355850438363949	2.982018716326895e-124	23.521036147682672	0.0012300510206956646	2.031459910749855	0.05402638369192671	AGA	0.011327526721134953	0.018700400722872643	1.1096015321606298e-33	0	0.08659613967476562	0	0.21782178217821782	1	G>A	1	0	Dloop	0.004166988	1
HCS-2064P1~chrM~11711~G~A	1	0.017322	0	0.5714285714285714	0	0	0.5992445146778753	0.5984052234393145	0.01287457717348822	0.8941550586014776	0.006944650961080659	2.699486805073304	1.8560499232495443e-14	2.26676657960751	0.0832645166635504	-0.481623073	0.0559300808424294	CAC	0.0034685471633148866	0.01032301032301038	3.977525798609825e-93	-0.070632265	6.158837878176293e-05	0	0.24752475247524752	0	G>A	1	0	Complex I	0	1
HCS-2064P1~chrM~15043~G~A	1	0.00107	0	0.5714285714285714	0	0	0.20362581066212726	0.20383577882129278	0.1031377355650833	0.9990581785259608	0.14224520516778308	-1.46748118	3.7474085192460804e-44	7.769852199552914	1	0	0.222614686329832	GAC	0.0008526868894761803	0.0075757575757575794	5.354392207219164e-14	-0.00041806	0.6870475711130171	0	0.38613861386138615	0	G>A	1	0	Complex III	0.236399414	1
HCS-2065C1~chrM~3106~C~A	1	0.109091	0	0.2857142857142857	0	0	0.0842251325064577	0.0842251325064577	0.08446434556271108	1	0.7550513063619719	0.3119858114601887	0.2568558481729005	3.6388925712722062	1	0	1	ACC	0.004901640415659124	0.013986013986013986	0.10776059264716698	0	1	0	0.3564356435643564	0	C>A	0	1	rRNA	0.003993364	0
HCS-2066C3~chrM~3106~C~A	1	0.100437	0	0.2857142857142857	0	0	0.08402589638922714	0.08402589638922714	0.08430626383862976	1	0.6603621366683948	0.43941323726532533	0.008119491730281142	5.363614543359528	1	0	1	ACC	0.0043684710351377205	0.006993006993006993	0.5166910393956761	0	1	0	0.3564356435643564	0	C>A	0	1	rRNA	0.003993364	0
HCS-2066C3~chrM~14468~T~C	1	0.840327	0	0.4285714285714285	0	0	0.5412195400295656	0.538932807705335	0.1868307397007758	1	0.9019149905928365	-0.123242603	1.075155746260144e-09	4.5252860740441685	7.511729208871704e-53	11.22514504655366	0.7512051593339655	ATA	0.0011315545296127843	0.008041133245270086	0	0	0.3615148919851843	0	0.009900990099009901	0	T>C	1	0	Complex I	0	1
HCS-2066P3~chrM~72~T~C	1	0.002685	0	0.6666666666666666	0	0	0.6064671924752554	0.6064671924752554	0.6869745746629254	1	0.5608361780320477	-0.581599948	9.41000473695439e-69	17.548664992228435	0.019630657257290667	1.5949866248517628	1	GTA	0.01132112803200289	0.016944593867670804	3.3655954896195883e-08	0	0.005672542623794991	0	0.32673267326732675	0	T>C	1	0	Dloop	0.017921908	1
HCS-2066P3~chrM~5585~G~A	1	0.0063739999999999	0	0.4285714285714285	0	0	3.09974258225378e-05	3.09974258225378e-05	0.5134604418059494	0.00047318429504759576	0.008012144549832552	-2.6515576	3.24063830734801e-64	14.418990903462086	0.02802945507829883	2.7529677021046157	0.101548846397082	AGC	0.007209400949397085	0.011588411588411588	5.144487979546538e-15	-2.788630878	0.28135787710524673	0	0.07920792079207921	1	G>A	1	0	NAN	0.009703681	1
HCS-2066P3~chrM~9209~G~A	1	0.001202	0	0.3809523809523809	0	0	0.004380829339064441	0.004380829339064441	0.8196079106050084	0.29382777961196627	0.2317050343736864	1.1959782819700573	1.1891736936040021e-54	9.648420929353811	0.31731050786291415	-0.522232968	0.07323711920740297	TGA	0.0005376868179509462	0.006993006993006994	0.00035131648938609584	2.47160674981658	0.0694110571450541	0	0.0297029702970297	0	G>A	1	0	Complex IV	0.0000193	1
HCS-2066P3~chrM~11711~G~A	1	0.002763	0	0.5714285714285714	0	0	0.028194064670890587	0.02819908497746244	0.6394538616272443	0.9338042031490132	0.5286436401790517	0.6300778663502228	5.85035416988616e-11	2.5256643844792355	1	0	0.5544964237551221	CAC	0.00510504191399901	0.013986013986013986	8.226267197902405e-08	-0.142477257	0.006318625785836711	0	0.24752475247524752	0	G>A	1	0	Complex I	0	1
HCS-2066P3~chrM~14888~G~A	1	0.0020399999999999	0	0.4285714285714285	0	0	0.13759311140430386	0.13759311140430386	0.055279287878276864	1	0.733226733397616	0.3408364169900095	1.879736787789482e-42	10.090723040628042	1	0	0.2188752142460533	AGG	0.013046917547954845	0.02097902097902098	0.024525530930936856	0	0.49993128349546145	0	0.07920792079207921	1	G>A	1	0	Complex III	0	1
HCS-2067C1~chrM~189~A~G	1	0.374421	0	0.3809523809523809	0	0	0.8539394440245263	0.8539394440245263	0.20095645596982004	1	0.4304644608465549	0.7883971098115512	0.03790279136832712	1.9703506500365626	3.9979324916134235e-15	8.562271696984041	0.0159419967023109	AGC	0.0267600230193746	0.034497557237284135	4.268373596957255e-111	0	0.39096717955945226	0	0.19801980198019803	1	A>G	1	0	Dloop	0.054363763	1
HCS-2067C1~chrM~10370~T~C	1	0.001436	0	0.5238095238095238	0	0	0.7246683309659014	0.7248043459612663	0.7955161105613728	1	0.05792620598333608	-1.896255965	5.838967805692544e-55	16.092654119198446	0.5637028616507731	0.4629100498862757	0.3961123094873642	ACG	0.0007377768409183034	0.008741258741258742	3.5492189047043034e-08	0	0.7751038176619449	0	0.009900990099009901	1	T>C	1	0	Complex I	0.001774828	1
HCS-2067C1~chrM~16213~G~A	1	0.001586	0	0.4761904761904761	0	0	0.7332515526581866	0.7332515526581866	0.713599359958506	1	0.22971919088639292	-1.201082525	3.4314168930878937e-43	12.005976539652615	0.0955807045456294	1.8073922282301278	0.6061687613410274	AAC	0.006833071349200093	0.015850815850815853	8.342321301628578e-10	0	0.31307540001186857	0	0.019801980198019802	0	G>A	1	0	Dloop	0.01184505	1
HCS-2067P1~chrM~6426~G~A	1	0.001043	0	0.5238095238095238	0	0	0.31834841648113277	0.3126964118071668	0.0007223356594460896	0.8971595765516138	0.16624559713811882	-1.38436867	5.317580158876585e-35	7.404420434380508	0.15729920705028502	1.8499664494893764	0.007610277235347556	TGC	0.0007603697672190781	0.007968775410635875	1.4060757339877133e-25	-0.100456621	2.2886110461814392e-05	0	0.039603960396039604	1	G>A	1	0	Complex IV	0.0000193	0
HCS-2067P1~chrM~12640~G~A	1	0.003302	0	0.3809523809523809	0	0	0.012237926971026967	0.012237926971026967	0.3473172789266684	1	0.05544253904507468	1.9153919338973995	9.271923257268777e-39	7.534752657809388	1	0	0.48884695612300194	AGA	0.0006489025975571027	0.007628734901462182	1.0423550628889839e-19	0	0.00472147412270007	0	0.0594059405940594	0	G>A	1	0	Complex I	0.0000193	0
HCS-2067P1~chrM~13950~C~T	1	0.002362	0	0.5714285714285714	0	0	2.1802400162143936e-06	2.1802400162143936e-06	0.010169032574245883	1	0.17950664121780024	-1.342275633	2.4156395837036717e-53	12.180650317151647	0.019630657257290667	2.2747180276384054	0.5271011722674133	CCT	0.0007045318202408796	0.0075757575757575794	1.4821495868356725e-14	0	0.10083662110981924	0	0.10891089108910891	1	C>T	1	0	Complex I	0.0000579	0
HCS-2067P1~chrM~15575~G~A	1	0.001305	0	0.3809523809523809	0	0	0.14265849490661092	0.14265849490661092	0.9904619428101914	1	0.0483509563522763	-1.974270826	3.712184878206102e-38	5.252368535815564	0.31731050786291415	-0.774596669	1	CGC	0.0007377989266734405	0.006993006993006993	0.028430994733616325	0	1	0	0.039603960396039604	1	G>A	1	0	Complex III	0.0000579	1
HCS-2068C1~chrM~1848~T~C	1	0.001214	0	0.4285714285714285	0	0	0.7342827644802924	0.7342827644802924	0.5642850322034739	0.8582765423426348	0.6601797349872061	-0.439665028	1.5102002468106364e-45	11.610070606697924	0.0832645166635504	0.7462025072446365	0.5648040362677549	TTC	0.0006178752754095274	0.006993006993006993	4.5806750401249e-08	-0.230821918	0.5706637227489016	0	0.019801980198019802	0	T>C	1	0	rRNA	0.0000193	0
HCS-2068C1~chrM~1949~G~A	1	0.001842	0	0.5714285714285714	0	0	0.432028628480681	0.43178108893926237	0.9582590255090807	0.9413951311489546	0.26633191875244233	-1.111549447	2.467616920322256e-67	15.397501877510454	0.580912420333197	0.14852213144650114	0.3464695640475737	CAT	0.0006560474770564672	0.007770007770007772	1.8137647005451893e-11	-0.076537664	0.06149113515463325	0	0.039603960396039604	1	G>A	1	0	rRNA	0.0000772	1
HCS-2068C1~chrM~3114~T~C	1	0.001877	0	0.4285714285714285	0	0	0.007208888728105516	0.007208888728105516	0.06298260388079677	0.9965807633831877	0.7026898653693179	0.38169195867116534	0.0004156688890555267	4.259584196226955	0.31731050786291415	0.2626600430962237	0.0681997297764583	ACT	0.0076197141170999015	0.013986013986013986	1.7930428337554066e-07	0.007468259895446749	0.14450991958446083	0	0.009900990099009901	0	T>C	1	0	rRNA	0	0
HCS-2068C1~chrM~5752~A~G	1	0.0015079999999999	0	0.5714285714285714	0	0	0.3215342026357795	0.3215342026357795	0.5885723124998354	0.7099969914898052	0.21287375378766338	-1.245702178	0.0001479865902376153	3.4206130500185674	0.09768995934615686	0.7597371763975863	0.8141395841274711	AAG	0.0009462898910135065	0.007381507381507383	1.5601582520774032e-10	3.2556233548695914	0.8183361563069981	1	0.27722772277227725	0	A>G	1	0	NAN	0.0000193	0
HCS-2068C1~chrM~9962~G~A	1	0.004238	0	0.3809523809523809	0	0	0.9261554025013019	0.9261554025013019	0.6956287004869446	1	0.6037050603219001	-0.519079848	2.0988973136338952e-50	14.127342436386229	0.4697988825336007	0.606976978666884	1	TAT	0.0007775398928911534	0.007729112992270889	1.1889576086831124e-11	0	0.360540899814201	0	0.04950495049504951	1	G>A	1	0	Complex IV	0.003414615	1
HCS-2068C1~chrM~14040~G~A	1	0.002061	0	0.3809523809523809	0	0	0.8510938098945162	0.8509083895093423	0.6330167202742888	1	0.07405941842467527	1.7862461087044008	3.604821286860518e-55	13.589399904824115	1	0	0.26320168301481717	AAC	0.006154213843993407	0.014523937600860681	2.733105731485498e-06	0	0.5916332431119256	0	0.04950495049504951	1	G>A	1	0	Complex I	0.004610695	1
HCS-2068C1~chrM~15003~G~A	1	0.0010299999999999	0	0.5714285714285714	0	0	0.30876461085490003	0.3087213981391559	0.035745547691644154	1	0.35294055734853924	-0.928900686	3.045956525066799e-42	8.422636853422333	1	-0.173591269	0.02704144276639569	GGC	0.00767454206764825	0.01486013986013986	8.477383737928334e-06	0	0.2892856057964416	0	0.039603960396039604	1	G>A	1	0	Complex III	0	1
HCS-2068C1~chrM~16362~T~C	1	0.099636	0	0.5714285714285714	0	0	0.158093332999937	0.15838472910485235	1.9225547508950937e-05	1	0.10433606965351205	1.6241862260073963	8.519761827385176e-44	10.991825623329285	4.2781652554590154e-06	4.0469596423838	0.00045211092954511247	GTC	0.02104757987111105	0.02831830005743022	0	0	0.7374011499398738	0	0.504950495049505	0	T>C	1	0	Dloop	0.170923682	1
HCS-2068P1~chrM~11423~G~A	1	0.003078	0	0.6190476190476191	0	0	0.008405200538517947	0.00841251283032206	2.305405505824399e-05	0.9986164708441744	0.042050516834987395	2.0330198575071314	2.6992138813536626e-30	6.40356710811872	1	0.0038421016942266767	0.0029591429878061495	CAA	0.0006158847014650108	0.007141794375836929	2.9829898691731876e-27	-0.001318875	0.6604605398564349	0	0.04950495049504951	0	G>A	1	0	Complex I	0	0
HCS-2068P1~chrM~11456~G~A	1	0.002823	0	0.4761904761904761	0	0	0.00032543292295246555	0.00032649922429545716	0.015094386560921583	0.9967956249530923	0.01370354996984113	2.4649418220661827	1.389896015734623e-40	7.100513206100941	0.4795001221869535	-0.448827674	0.13499215295367956	CAC	0.0006236952035632878	0.00890019071837253	5.880082923501521e-39	-0.003441354	0.004198075612698832	0	0.06930693069306931	0	G>A	1	0	Complex I	0.0000193	0
HCS-2069P1~chrM~15402~C~T	1	0.833333	0	0.4285714285714285	0	0	0.4351560724455289	0.4351560724455289	0.11384629800665805	1	0.48787790840365586	0.693687975619296	1	0	0.1305700181157362	1.2847281096751457	1	ATC	0.006993006993006993	0.014722119985277879	0.16532715423132338	0	1	0	0.019801980198019802	0	C>T	1	0	Complex III	0.000983872	1
HCS-2070C1~chrM~531~T~C	1	0.1105879999999999	0	0.5714285714285714	0	0	0.002616790543665371	0.002639493142050767	0.0133272299762257	0.21410872574487094	0.515883705268176	-0.649703589	1.3080550313304586e-82	17.48837952368331	1.1230235434406684e-11	5.814804491371017	0.6098073351835107	CTA	0.014886698506249277	0.02021185565489349	2.865912874856431e-15	-2.465010117	0.059042004409885065	0	0.04950495049504951	0	T>C	1	0	Dloop	0.0000193	0
HCS-2070C1~chrM~955~A~G	1	0.1731899999999999	0	0.5714285714285714	0	0	0.6310137920896237	0.6314365205309015	0.008479640781020986	0.6419084587355532	0.1297947052644763	1.5149119437941791	3.664599128719819e-57	14.49167650249838	2.5913325524135865e-13	6.942937071624834	0.04704945316346831	CAC	0.0006324085271453741	0.007645450393541853	0	0.059423367579249486	0.3293378848784114	0	0.019801980198019802	0	A>G	1	0	rRNA	0	0
HCS-2070C1~chrM~1848~T~C	1	0.174538	0	0.4285714285714285	0	0	0.570338733537854	0.5694324605849144	0.04204820493881846	0.8636908907312555	0.23322225864876311	-1.192099435	2.5552406717815124e-39	11.587629318658081	8.585174970019398e-19	6.621856215740693	0.0008378171967736751	TTC	0.0006534524068830374	0.007679573000237926	0	0.04807316045558707	0.750712559502088	0	0.019801980198019802	0	T>C	1	0	rRNA	0.0000193	0
HCS-2070C1~chrM~2573~G~A	1	0.163108	0	0.6190476190476191	0	0	0.30491346356648064	0.291556760456783	0.09370706388947556	0.9909123641408598	0.36651110895074435	-0.90302786	5.957552181170168e-59	13.473734804879975	2.927507509992874e-16	6.976161778223982	0.1786314868534808	CGG	0.0007360292895932807	0.00796201489042119	0	0.011917975830961325	0.5733808252962229	0	0.10891089108910891	1	G>A	1	0	rRNA	0	0
HCS-2070C1~chrM~3970~C~T	1	0.001935	0	0.5238095238095238	0	0	0.42163144709627276	0.42172712560337877	0.9142319713370928	0.950086332469693	0.9685604899836666	-0.039413785	7.35860712407949e-65	15.539311171390839	0.31731050786291415	1.2344267996967353	0.7755388108376894	CCT	0.0014792899408283741	0.007575757575757576	1.355077505546235e-06	-0.130470822	1	0	0.2376237623762376	0	C>T	1	0	Complex I	0.038313141	1
HCS-2070C1~chrM~10310~G~A	1	0.002685	0	0.4285714285714285	0	0	0.8494095648811925	0.849194401356151	0.9666254133725181	1	0.6564505300019444	-0.444819045	4.823584786348428e-52	15.865362863909931	0.366256395824783	1.2330991527584148	0.8308468749146002	TGC	0.0007881462799495659	0.008582326764144946	1.9666085537740135e-13	0	0.6738192454322278	0	0.1485148514851485	1	G>A	1	0	Complex I	0.036962729	1
HCS-2070C1~chrM~11493~G~A	1	0.154418	0	0.4761904761904761	0	0	0.05441244687730591	0.05471377367789311	0.06693119302613351	0.9884440215596382	0.09489938332938781	1.6701009950288488	6.986409711850095e-36	9.699187768268596	4.331215432333383e-08	3.468408828121242	0.20468735337413252	CGC	0.0005783689994216357	0.007537523759585586	0	-0.00843222	0.08406214002894902	0	0.039603960396039604	1	G>A	1	0	Complex I	0	0
HCS-2070C1~chrM~13026~C~T	1	0.0013009999999999	0	0.6190476190476191	0	0	0.000640070819367438	0.0006416530189900714	0.8676465324839792	1	0.7953248667678486	-0.259402285	6.55234133907243e-63	11.048417562030563	0.0633177868300456	1.332841067421313	0.42007437699047395	ACC	0.0008674609847630326	0.007284382284382288	8.054923273211733e-14	0	0.684147006432139	0	0.009900990099009901	1	C>T	1	0	Complex I	0.0000579	1
HCS-2070C1~chrM~14514~T~C	1	0.150515	0	0.1904761904761904	0	0	0.037134111907895326	0.03711747654179281	0.36486269833622154	1	0.15135037404159207	-1.434777982	7.26849773386731e-43	13.256701901101605	3.3917132601260967e-14	6.342736620363133	0.03831797369018226	ACT	0.0007199900691025005	0.007812923510597815	0	0	0.1755693563471323	0	0.009900990099009901	0	T>C	1	0	Complex I	0.000405124	1
HCS-2070P1~chrM~60~T~C	1	0.002083	0	0.4761904761904761	0	0	0.13365443841440885	0.13365443841440885	0.057185507614826235	1	6.367618108654518e-05	3.9987563788147473	1.691086139560341e-135	24.43441592769823	0.31731050786291415	0.3692744729379982	0.011370717850846748	TTC	0.007777609567784097	0.014568764568764568	6.929117853940922e-08	0	0.00023020485337826583	0	0.19801980198019803	0	T>C	1	0	Dloop	0.000790956	1
HCS-2070P1~chrM~193~A~G	1	0.025492	0	0.3809523809523809	0	0	0.045229316177525354	0.0454547003494988	0.17891357936061925	1	0.004741325249094412	-2.824102276	6.538886501037674e-20	8.78300610377376	0.00483351344707574	3.4818952185770047	0.04201262214035288	TGC	0.018543416237941424	0.02508121799460384	7.413490954547558e-70	0	0.03369326638879646	0	0.009900990099009901	0	A>G	1	0	Dloop	0.000848831	1
HCS-2070P1~chrM~709~G~A	1	0.001797	0	0.5714285714285714	0	0	0.6191702952224447	0.6191702952224447	0.0021375614166924376	0.9954856092227978	0.15460474417332043	1.4234534608345446	4.539288999303286e-113	18.941434276419066	0.5637028616507731	0.3216337604513384	4.002827561861403e-05	CAT	0.000788432252379809	0.006993006993006993	9.003457332322107e-09	-0.008739985	0.03214128865876493	0	0.3564356435643564	1	G>A	1	0	rRNA	0.129909715	1
HCS-2070P1~chrM~3427~G~A	1	0.001924	0	0.6190476190476191	0	0	0.03649833854722006	0.03649833854722006	0.9355685988774032	1	0.5170734780016394	0.6478631323025489	6.629683994517476e-52	10.94185582358157	1	0	0.0762221907984941	AGG	0.0008984854980748129	0.012587412587412588	0.00018669564816087498	0	0.06292949807996776	0	0.0594059405940594	0	G>A	1	0	Complex I	0	1
HCS-2070P1~chrM~3496~G~A	1	0.004198	0	0.5238095238095238	0	0	0.9756243040034542	0.9785111042517501	0.009951993506673341	1	0.0005541321683264665	3.453124996819528	1.5738453209449228e-37	7.922623250478957	0.019630657257290667	-1.022434963	0.27863496731916537	CGC	0.0009374167559686507	0.00841187797709537	3.332924203170493e-37	0	0.029644186182155925	0	0.04950495049504951	0	G>A	1	0	Complex I	0.000154333	1
HCS-2070P1~chrM~7008~G~A	1	0.002156	0	0.4761904761904761	0	0	0.012923071581854788	0.012923071581854788	0.0016395789422339179	0.7236765273300791	0.29683981056847586	1.0432342582287761	6.174313767456227e-39	9.418671599898275	0.31731050786291415	0.4472135954999579	0.13175583242217592	CAA	0.0031848374466757713	0.007992007992007992	0.005410511497447735	0.8410929831542688	0.006312218203469389	0	0.06930693069306931	1	G>A	1	0	Complex IV	0	0
HCS-2070P1~chrM~13062~A~G	1	0.001439	0	0.7619047619047619	0	0	0.03576434169175537	0.03576434169175537	0.5451174885434368	1	0.8804670190741282	0.1503772119202049	9.635696669177989e-45	10.850185549655443	1	0	0.6249819912070084	CGG	0.0011552393286462666	0.006993006993006993	0.0037680072461698582	0	0.36724052999943435	0	0.12871287128712872	0	A>G	1	0	Complex I	0.000289374	1
HCS-2070P1~chrM~13095~T~C	1	0.001477	0	0.4285714285714285	0	0	0.551767509689064	0.551767509689064	0.04721004043770439	0.9847581684874165	0.6311471858480344	0.48011280171232057	6.42523756313595e-70	11.850185637321237	1	0	0.04315112825543715	TTG	0.0012193091461383944	0.013986013986013986	0.0006800723902150448	-0.020180023	0.12604252565779767	0	0.1188118811881188	1	T>C	1	0	Complex I	0.001388996	1
HCS-2070P1~chrM~13105~A~G	1	0.001162	0	0.3809523809523809	0	0	9.12925586218293e-05	9.12925586218293e-05	0.37208169125145085	0.9968931890487612	0.659465949167965	0.44065062170565006	3.0236538219612275e-29	6.993694368692148	1	0	0.007180957237192329	AAT	0.0011023564742572874	0.019813519813519812	2.3927367386677368e-05	-0.00137741	0.0317383493975769	0	0.10891089108910891	1	A>G	1	0	Complex I	0.072652211	1
HCS-2070P1~chrM~13531~G~A	1	0.001093	0	0.4285714285714285	0	0	0.058614921289743244	0.058614921289743244	0.002084400958421762	0.9349466738378789	0.8686682796104293	0.16535028775034827	4.436948310877773e-63	11.420950742015874	0.6547208460185769	0.24545784641604232	0.004882368464340259	CAC	0.0008398625519980153	0.006993006993006993	3.3752333676553767e-10	-0.072906867	0.02544962279250812	0	0.07920792079207921	1	G>A	1	0	Complex I	0	0
HCS-2070P1~chrM~13985~T~C	1	0.001219	0	0.5714285714285714	0	0	0.10062020520956448	0.10062020520956448	0.01746112592757459	1	0.3223039690564765	0.9897343737932373	2.2650258956806178e-80	17.55750507875247	1	0	0.10454016114954837	CTA	0.0008482609567040197	0.006993006993006993	5.614168630007752e-05	0	0.0058268113501257195	0	0.009900990099009901	0	T>C	1	0	Complex I	0	1
HCS-2070P1~chrM~15575~G~A	1	0.0017419999999999	0	0.3809523809523809	0	0	0.03390323231310857	0.03390719398430154	0.3020929949156258	1	0.15242352365641637	-1.431023348	4.884104367315068e-43	7.252151886732356	0.31731050786291415	0.8197996270866611	0.8544903317602244	CGC	0.0009186216082767731	0.007692307692307697	9.68368100014385e-17	0	0.27356941686038183	0	0.039603960396039604	1	G>A	1	0	Complex III	0.0000579	1
HCS-2073Pk~chrM~72~T~C	1	0.00164	0	0.6666666666666666	0	0	0.17523507859801668	0.1755459801900332	0.17268186919021933	1	0.1573876957451691	-1.413912158	8.075493422863769e-119	23.471845217693737	1	0.6227991553292184	0.19292246866624252	GCA	0.011168457322303009	0.017164653528289893	0.0005133804427307353	0	0.7683614535782205	0	0.32673267326732675	0	T>C	1	0	Dloop	0.017921908	1
HCS-2073Pk~chrM~709~G~A	1	0.0011279999999999	0	0.5714285714285714	0	0	0.028228302244912268	0.028228302244912268	0.5535186605994913	0.7416785334739198	0.21545656889208709	-1.238700134	6.357970626933774e-53	12.535031987578423	0.0832645166635504	1.1572751247156894	0.7468185951922062	CGT	0.011491402953052222	0.011655011655011656	0.9511588872847285	-0.279446052	0.3396858478773992	0	0.3564356435643564	1	G>A	1	0	rRNA	0.129909715	1
HCS-2073Pk~chrM~2469~A~G	1	0.001031	0	0.3809523809523809	0	0	0.263447118665463	0.26339020789474155	0.7509325180129984	0.9515294260747766	0.7136311265299706	0.3669837670572954	8.379478843678868e-73	13.502016128949927	0.7854947471183542	0	0.6748083833622127	AAG	0.0009115577876189086	0.009324009324009324	0.00011317317583970903	-0.126202603	0.12077018596503378	0	0.04950495049504951	1	A>G	1	0	rRNA	0	0
HCS-2073Pk~chrM~3417~C~T	1	0.0482439999999999	0	0.5714285714285714	0	0	0.12563094597261432	0.12574555080224883	0.13621654796938804	1	0.08385907911805625	-1.728720787	3.9916539353832536e-28	9.068709579439677	4.628044893948554e-07	4.228115334634398	0.12871443236588365	CCA	0.0009404210292112615	0.007738927738927797	1.8808327142994708e-178	0	1	0	0.07920792079207921	1	C>T	1	0	Complex I	0.000154333	1
HCS-2073Pk~chrM~4969~G~A	1	0.001502	0	0.5238095238095238	0	0	0.42778406494309806	0.4278619415303574	0.21664419286510372	0.9343819519859733	0.8350429741607572	0.20823821132761589	7.498673657569484e-25	12.56808813959585	1	0.48719876576469007	0.7091699906276797	TAA	0.0007415959602310303	0.006993006993006993	4.134952967645931e-05	-0.080915407	1	0	0.039603960396039604	0	G>A	1	0	Complex I	0	0
HCS-2073Pk~chrM~7974~C~T	1	0.001083	0	0.5714285714285714	0	0	0.33168831281173583	0.33168831281173583	0.5804262243010021	0.8055148774843506	0.8313627864665236	-0.212954072	1.861320349465822e-49	13.732424173496884	0.5637028616507731	0.27386127875258304	1	CCA	0.001093406143000364	0.006993006993006993	0.00034149040637678407	-0.492155095	0.6876416427599905	0	0.06930693069306931	0	C>T	1	0	Complex IV	0	0
HCS-2073Pk~chrM~7976~G~A	1	0.002248	0	0.6666666666666666	0	0	0.1143743293812999	0.11444393968946648	0.8779141863029747	0.7244103180137278	0.5940675113227931	-0.532950984	0.007875032802831985	2.0930882662128254	0.31731050786291415	0.34188172937891387	0.5627080098687121	AAG	0.0008715843179886631	0.008264462809917356	2.63964435354899e-07	-0.532273696	1	0	0.10891089108910891	1	G>A	1	0	Complex IV	0.000135041	1
HCS-2073Pk~chrM~14384~G~A	1	0.002048	0	0.5714285714285714	0	0	0.925322591414165	0.925322591414165	0.8138494849614707	1	0.5019205600868162	-0.671470949	4.678622362639827e-43	12.96935013043968	0.5637028616507731	1.227881227029841	1	CGC	0.0008187002820276586	0.007530930607853685	2.6831533662216186e-08	0	1	0	0.0594059405940594	1	G>A	1	0	Complex I	0.001736245	1
HCS-2073Pk~chrM~15173~G~A	1	0.002025	0	0.4761904761904761	0	0	0.10941577007020815	0.10941577007020815	0.13639185442892982	1	0.7700917855021415	-0.292254839	1.7005656461361513e-57	14.033275338109299	0.0832645166635504	1.7153431029343118	0.6295191639473672	GGC	0.0007874691164455968	0.008227067050596464	1.0316533601584868e-10	0	1	0	0.06930693069306931	1	G>A	1	0	Complex III	0.0000193	1
HCS-2073Pk~chrM~15884~G~A	1	0.125891	0	0.5238095238095238	0	0	0.9401073998270915	0.9401073998270915	0.3835670082471875	1	0.1656028222051521	-1.386472007	1.1534667049502189e-24	9.131155490129157	0.0002852656045696462	3.380087621164808	0.730730329324715	GAC	0.0007273748149660595	0.007610459355839299	2.1326916878944585e-222	0	0.5889034713447538	0	0.04950495049504951	1	G>A	1	0	Complex III	0.007967436	1
HCS-2074Ck~chrM~1888~G~A	1	0.829787	0	0.4761904761904761	0	0	0.6980790288587799	0.6980790288587799	0.38078163239196405	2.427536609610332e-80	0.8729501724831039	0.15991228315356731	1.2664545472315342e-06	3.6769107684674394	1.6002528482611625e-32	9.129881431008544	1	AGC	0.0006011180796281086	0.007507403133645441	5.634645160600756e-166	9.665935618381397	0.6431851287496964	0	0.06930693069306931	1	G>A	1	0	rRNA	0.05517401	1
HCS-2074Ck~chrM~7917~C~T	1	0.001183	0	0.5714285714285714	0	0	0.20772292936281178	0.20772292936281178	0.315993102409475	0.9430374011574802	0.540004051065879	-0.612806865	1.842845794814178e-55	16.226174019055257	0.31731050786291415	1.5666989036012806	0.17814908537784074	ACC	0.0006536448142287612	0.006993006993006993	8.91342577330857e-06	-0.106244931	0.2909412147231192	0	0.019801980198019802	0	C>T	1	0	Complex IV	0	0
HCS-2074Ck~chrM~10068~G~A	1	0.103986	0	0.238095238095238	0	0	0.6637114512916882	0.6637114512916882	0.7735619900369002	1	0.39502920006887954	-0.850532319	2.905358089469556e-11	7.248970082034933	0.047482035276367456	2.853157859947482	0.7350355318661878	CAC	0.002845849802371552	0.009836317528625215	5.662918809962719e-30	0	0.49751006857924684	0	0.039603960396039604	0	G>A	1	0	Complex I	0	0
HCS-2074Ck~chrM~11246~G~A	1	0.001516	0	0.3809523809523809	0	0	0.8473337770324701	0.8472280355165218	0.26381505195920585	0.9954757499944409	0.6800099850955681	0.41244950391469737	1.4979755257207176e-66	19.00169921944291	0.31731050786291415	0.8504200642707612	0.7071854294893894	CAC	0.000611978320956654	0.006993006993006993	2.9274441331454188e-05	-0.008255934	0.4528002659957176	0	0.019801980198019802	0	G>A	1	0	Complex I	0	1
HCS-2074Ck~chrM~13574~T~C	1	0.082024	0	0.4285714285714285	0	0	0.9921021784184902	0.9921021784184902	0.4157428111448348	0.9029200597904492	0.4386582698348961	0.7744609202260766	5.3894790153742277e-42	7.971921955874716	7.533218739946251e-06	3.050377295250011	0.05690261026807272	CCC	0.0069030197711922245	0.013776223776223874	1.2213480269695563e-164	-0.022876752	0.1544366297573449	0	0.009900990099009901	1	T>C	1	0	Complex I	0	0
HCS-2074Pk~chrM~60~T~C	1	0.001476	0	0.4761904761904761	0	0	0.9699788620270131	0.9699788620270131	0.41796172254022046	1	0.3591842714944149	0.916920555914022	1.7788553887485188e-21	7.723672989668344	1	0	0.15245731690081635	TTC	0.019061136882919043	0.027972027972027972	0.005883885602559998	0	0.6294080184511495	0	0.19801980198019803	0	T>C	1	0	Dloop	0.000790956	1
HCS-2074Pk~chrM~94~G~A	1	0.003669	0	0.6190476190476191	0	0	0.6953451227178837	0.6948652549993963	0.9315210248523382	1	0.5227917128159347	-0.63904799	8.027759637240077e-26	7.105121089506994	1	0	0.6412963012355292	AGA	0.020348547020222155	0.024475524475524476	0.1915451244750791	0	0.3475155485258924	0	0.21782178217821782	1	G>A	1	0	Dloop	0.004166988	1
HCS-2074Pk~chrM~775~C~T	1	0.002065	0	0.5238095238095238	0	0	0.7360821047774067	0.7360821047774067	0.20932652576983413	0.9949374600679404	0.0896185724149305	1.697413180415009	5.235138470899669e-24	9.347257746870142	1	0	0.6775585467448538	GCA	0.008238399842204093	0.012587412587412588	0.09268062745316048	-0.010823221	1	0	0.019801980198019802	0	C>T	1	0	rRNA	0.00011575	0
HCS-2074Pk~chrM~11456~G~A	1	0.003077	0	0.4761904761904761	0	0	0.41668177494676073	0.41668177494676073	0.5535558523676238	0.9785772047514084	0.47403161042106556	0.7159347978880563	1.2478925929623716e-16	8.042146331095584	1	0	0.21264162756136173	CGC	0.0019425019425019572	0.009790209790209791	0.0015491467076098598	-0.035790598	0.6815425938375167	0	0.06930693069306931	0	G>A	1	0	Complex I	0.0000193	0
HCS-2074Pk~chrM~15784~T~C	1	0.002667	0	0.3809523809523809	0	0	0.2691742596511423	0.2691742596511423	0.6195508566768413	1	0.9712147287271923	0.03608481699436741	1.6550852269218922e-16	8.540274309119157	1	0	1	CCT	0.001605731225296456	0.006993006993006994	0.00274094008961508	0	0.37572284282665525	0	0.0594059405940594	1	T>C	1	0	Complex III	0.033374489	1
HCS-2074Pk~chrM~15849~C~G	1	0.004587	0	0.3809523809523809	0	0	0.09087605753764723	0.09087605753764723	0.5136673948342365	1	0.730313633076878	-0.344708359	4.056805549893567e-17	8.698866078969534	0.15729920705028502	-0.46291005	1	AGT	0.001582503275505544	0.009615384615384616	3.226824843912672e-05	0	1	0	0.009900990099009901	0	C>G	0	1	Complex III	0	0
HCS-2074Pk~chrM~16148~C~T	1	0.0028039999999999	0	0.3809523809523809	0	0	0.01998011031264443	0.01998011031264443	0.2700788155409223	1	0.8172580098007342	0.23107310375965218	7.899924685899825e-22	8.210492604192247	1	0	0.2631585377560509	CTA	0.005405822584325369	0.007992007992007992	0.11391726093462441	0	0.7136849995456671	0	0.16831683168316833	0	C>T	1	0	Dloop	0.032564241	1
HCS-2074Pk~chrM~16290~C~T	1	0.00234	0	0.4285714285714285	0	0	0.08277398891570209	0.08277398891570209	0.6184671402763046	1	0.42373248795074947	-0.799962563	4.35876695870567e-25	8.187326408247191	0.5637028616507731	0.29801978033963483	0.649055380881647	ATC	0.012499929901693775	0.04195804195804195	2.301321246580676e-11	0	1	0	0.21782178217821782	0	C>T	1	0	Dloop	0.037618643	1
HCS-2074Pk~chrM~16319~G~A	1	0.00228	0	0.3809523809523809	0	0	0.8285334991122428	0.8285334991122428	0.6200258951109687	1	0.5271817797005355	-0.632313904	1.398514183861974e-29	8.80683375194167	0.5637028616507731	0.4105866760885192	1	AGC	0.010266213537241302	0.024975024975024983	8.2505009588761e-09	0	1	0	0.2079207920792079	0	G>A	1	0	Dloop	0.057701212	1
HCS-2076C1k~chrM~189~A~G	1	0.3384729999999999	0	0.3809523809523809	0	0	0.6724623908880552	0.6781799290473886	0.8651399240051126	1	0.7646698809439694	0.299354098898905	3.8668170612620476e-42	14.250573650613779	5.866662067911262e-32	12.495479738979945	0.850600113845083	AGC	0.015211050968261947	0.022118928368927697	0	0	0.419932986474545	0	0.19801980198019803	1	A>G	1	0	Dloop	0.054363763	1
HCS-2076C1k~chrM~12354~T~C	1	0.002336	0	0.4761904761904761	0	0	0.0003839853492403989	0.00038412344172482316	0.07124286305123627	1	0.007402186423592944	-2.678187068	5.8459419558066547e-36	17.914435585786464	1	0.4225771273642583	0.2565017262948015	CTA	0.008405637945589175	0.01048951048951049	0.22767777362635222	0	1	0	0.009900990099009901	1	T>C	1	0	Complex I	0.002527201	1
HCS-2076P1k~chrM~72~T~C	1	0.001575	0	0.6666666666666666	0	0	0.8497304217144908	0.8510811832480931	0.6893743507810928	1	0.484898195958705	-0.698446194	2.2792140161982505e-91	16.169055966489942	0.31731050786291415	1.061988488107183	0.783852185013842	GTA	0.013579532991684242	0.018981018981018984	0.000890736243684271	0	1	0	0.32673267326732675	0	T>C	1	0	Dloop	0.017921908	1
HCS-2076P1k~chrM~709~G~A	1	0.001768	0	0.5714285714285714	0	0	0.1817517890241639	0.18177607647653204	0.03310141983318731	0.4037632245562198	0.6835780329625978	-0.407585471	4.5808604522977984e-55	13.466978609441748	0.05878172135535886	1.3966726332410342	0.12592663622264133	CAT	0.002473488050411059	0.007867132867132868	1.8944482922012102e-06	1.0470467032967008	0.20948695594354363	0	0.3564356435643564	1	G>A	1	0	rRNA	0.129909715	1
HCS-2076P1k~chrM~2976~G~A	1	0.001113	0	0.4285714285714285	0	0	0.5729678606951999	0.5729678606951999	0.1623072845265906	0.9994213120163067	0.049608159812970946	-1.963327261	2.942759125088108e-79	17.810887168837734	0.31731050786291415	0.5222329678670935	0.6793123372047583	GAG	0.0016758583369038407	0.006993006993006994	0.003114220379890148	0.0018737118231229033	1	0	0.0297029702970297	1	G>A	1	0	rRNA	0	0
HCS-2076P1k~chrM~4148~G~A	1	0.0013109999999999	0	0.6190476190476191	0	0	0.6857515894401216	0.6857515894401216	0.19163289349533374	0.8670302038326123	0.26609437861004315	1.112101809977029	6.872116857046046e-48	11.720675205105254	1	0.35714285714285715	0.4723877917450824	CAC	0.008825491781118919	0.015984015984015984	0.00026288601932448173	-2.198111924	0.27704131879999694	0	0.0594059405940594	1	G>A	1	0	Complex I	0.0000193	1
HCS-2076P1k~chrM~4240~T~C	1	0.001237	0	0.4285714285714285	0	0	0.7570683683904023	0.7570683683904023	0.6242029091771661	0.018612501752456323	0.05522749532595762	-1.917082155	8.427006879943245e-33	11.154358472714295	1	0.4558423058385518	0.26477837710942775	CTC	0.0016843453325537695	0.006993006993006993	0.0004838280546030896	17.874722092963133	1	0	0.009900990099009901	0	T>C	1	0	Complex I	0.0000193	0
HCS-2076P1k~chrM~7164~G~A	1	0.001087	0	0.3809523809523809	0	0	0.21543686133882456	0.21543686133882456	0.5663500834315894	0.2069852804853476	0.9289951008880888	0.08910923152397643	6.9493265007573185e-56	14.81340699009004	0.31731050786291415	1.301582746911937	1	CGT	0.0022147397896427968	0.007692307692307693	9.199984516847259e-05	-1.60659147	0.021900855738598846	0	0.04950495049504951	0	G>A	1	0	Complex IV	0	0
HCS-2076P1k~chrM~7487~C~T	1	0.001104	0	0.5238095238095238	0	0	0.7251566354778023	0.7250487393319669	0.7637323290983915	0.4681771404832592	0.37338037358451337	-0.890159266	1.989163010646857e-56	12.150541402598785	1	0.21320071635561041	0.10805622358236125	GTC	0.001684187148356505	0.006993006993006993	0.0012501374331972245	6.019408251900106	0.6879850640557283	0	0.019801980198019802	1	C>T	1	0	tRNA	0.0000193	1
HCS-2076P1k~chrM~8557~G~A	1	0.001144	0	0.4285714285714285	0	0	0.2823951956441051	0.2793870381151652	0.02389191008603823	0.8621535073057746	0.302877838307971	-1.030281591	1.2735928705408259e-90	20.34708441184994	1	0.09128709291752768	1	TGC	0.0021284878143724636	0.01048951048951049	0.0007809979933081415	0.6084161696487698	1	0	0.039603960396039604	1	G>A	1	0	Complex V	0.005729609	1
HCS-2076P1k~chrM~9553~G~A	1	0.0013	0	0.7142857142857143	0	0	0.22605695561361594	0.22597074121080507	0.2918070881662531	0.9326187634877667	0.30475066873266476	1.0262989995250493	6.952455380759207e-52	13.451661787579082	0.31731050786291415	0.3471825374147068	0.2953084462318883	TGG	0.009155673433512083	0.015734265734265736	0.00020607409525517115	-0.139287027	0.5010031053988739	0	0.04950495049504951	0	G>A	1	0	Complex IV	0	0
HCS-2076P1k~chrM~10326~T~C	1	0.001578	0	0.3333333333333333	0	0	0.42116109940710367	0.421206418497063	0.3452291083911927	1	0.1010258192484417	1.6399006810273924	1.695642868755161e-55	14.676274725763593	0.3961439091520741	0.5262348115842176	0.04321759301525883	GTC	0.008544469328782698	0.015734265734265736	1.1530405881209082e-08	0	0.8062921323403333	0	0.009900990099009901	0	T>C	1	0	Complex I	0.0000772	1
HCS-2076P1k~chrM~10569~G~A	1	0.002349	0	0.3333333333333333	0	0	0.3190561316815712	0.3190561316815712	0.07795880967195873	0.9518548374472489	0.13327599216568062	1.5013077083536641	7.424018637372013e-49	14.032445104969012	0.0832645166635504	1.1417984514369004	1	AGA	0.00468039003250254	0.010722610722610723	5.105261450400436e-05	-0.050704225	0.3011714633312293	0	0.0594059405940594	1	G>A	1	0	Complex I	0	0
HCS-2076P1k~chrM~10637~C~T	1	0.00112	0	0.4761904761904761	0	0	0.474952827412942	0.4750197048132213	0.28505562246121474	0.988951657520829	0.23664306503346355	-1.183419166	5.56380257220645e-53	13.673376856205037	0.15729920705028502	0.6587325492402599	1	CCA	0.008591655868883231	0.015734265734265736	6.17466262573722e-05	-0.017149929	0.1786490001852008	0	0.019801980198019802	1	C>T	1	0	Complex I	0.000135041	1
HCS-2076P1k~chrM~11030~C~T	1	0.001467	0	0.3333333333333333	0	0	0.13918047099083822	0.13918047099083822	0.14324452075832336	0.9532548613559062	0.965711159055361	0.042987925445707516	5.638046578570534e-77	13.558409736292846	0.5	1.161895003862225	0.3808219496668062	ATG	0.002099078876529403	0.006993006993006994	0.006477658102849312	-0.132309634	0.2130713010268362	0	0.009900990099009901	0	C>T	1	0	Complex I	0	0
HCS-2076P1k~chrM~11306~G~A	1	0.001007	0	0.5238095238095238	0	0	0.15593232905121948	0.15587221118081943	0.8268995369578532	1	0.1761532654966944	-1.352694446	9.665808591754709e-39	12.391345867757792	1	1.0190493307301363	0.47992318539488377	TAC	0.0017815377545789984	0.007867132867132868	0.00014522727254547346	0	0.29024915399549434	0	0.019801980198019802	0	G>A	1	0	Complex I	0	0
HCS-2076P1k~chrM~11435~G~A	1	0.001236	0	0.6190476190476191	0	0	0.9381270811087074	0.9380255211731426	0.4485184910232939	0.9987775979586708	0.3428256221006968	-0.948596991	8.07563266676147e-57	13.914377815802016	0.17971249487899976	0.8528028654224417	0.22053539579564946	CGC	0.001445347786811182	0.009324009324009324	0.0002846026994722834	-0.003432701	1	0	0.0594059405940594	1	G>A	1	0	Complex I	0.0000193	0
HCS-2076P1k~chrM~12191~C~T	1	0.001032	0	0.5238095238095238	0	0	0.7311088019525199	0.731195306987303	0.6691486839788772	0.9948611961172122	0.5707134560588036	-0.567001068	3.7235675867978545e-48	13.256159110491444	0.31731050786291415	0.6587325492402599	1	ACG	0.0017219622482780095	0.008741258741258742	7.45063466758253e-05	-0.004699248	0.7269500600731796	0	0.009900990099009901	1	C>T	1	0	tRNA	0.000192916	1
HCS-2076P1k~chrM~12199~T~C	1	0.001073	0	0.4761904761904761	0	0	0.731384913917491	0.7312741841267032	0.2590910785250182	0.9958891556199488	0.7641730578481247	-0.300005372	2.4736419378127585e-45	14.24668857879882	0.31731050786291415	0.2449489742783178	0.1964676304009832	TTA	0.0017445950132772435	0.006993006993006994	0.0035271561286583336	-0.004753755	0.3748752822303913	0	0.009900990099009901	0	T>C	1	0	tRNA	0	0
HCS-2076P1k~chrM~13251~C~T	1	0.0011849999999999	0	0.4761904761904761	0	0	0.34963524350797004	0.3493183818759019	0.5849478769299035	0.9934553764977299	0.40834013383771817	0.8268181627782526	3.2031283846872564e-52	13.410611505745916	1	0	1	CCA	0.0017309771119852829	0.006993006993006993	0.06406486573927439	-0.011890806	1	0	0.09900990099009901	1	C>T	1	0	Complex I	0.000154333	1
HCS-2076P1k~chrM~13590~G~A	1	0.001039	0	0.6190476190476191	0	0	0.05132513069164391	0.05132513069164391	0.4784262371444792	0.9707465158919518	0.12787943243278604	1.5225176256889354	5.264385025123553e-69	15.274182375077737	0.19364643126922065	1.02469507659596	1	TGA	0.0017341907422336069	0.008391608391608392	2.0564710367584483e-05	-0.030831099	0.5359552577807078	0	0.04950495049504951	1	G>A	1	0	Complex I	0.05457597	1
HCS-2076P1k~chrM~14007~A~G	1	0.001158	0	0.4285714285714285	0	0	0.7692241548764168	0.7602806435831242	0.23558313057519964	1	0.15599918513753344	-1.4186565	2.1153430100068275e-60	14.933466140539307	0.31731050786291415	0.5855400437691198	1	GAC	0.008683816183815814	0.008491508491508492	0.9770814421095697	0	0.18216198324744504	0	0.009900990099009901	0	A>G	1	0	Complex I	0.005285902	1
HCS-2076P1k~chrM~14721~G~A	1	0.001124	0	0.2857142857142857	0	0	0.9127866035762652	0.9121158607559281	0.707721355283359	0.989473281595629	0.6743012628388874	-0.420252148	1.0982752686379793e-58	14.778256272429283	1	0	1	CGT	0.002088163907307167	0.008068854222700376	3.3561886716241526e-06	-0.012691698	0.7893018888176663	0	0.0297029702970297	1	G>A	1	0	tRNA	0	1
HCS-2077Ck~chrM~188~A~G	1	0.84346	0	0.3809523809523809	0	0	0.3315351044152778	0.3315351044152778	0.08951899550410754	1	0.1325737254727436	1.504029677371143	0.5929800980174267	0.8411323090674231	0.00029312929117864504	6.048929979809406	0.3833068297674841	GGA	0.01667019848838031	0.024205391996469032	2.3419991138736657e-29	0	0.7515473282439595	0	0.009900990099009901	0	A>G	1	0	Dloop	0.010629678	1
HCS-2077Ck~chrM~2573~G~A	1	0.001992	0	0.6190476190476191	0	0	0.6039129892974386	0.6041605741425229	0.528344817997142	0.9783362346214352	0.5372811786366363	-0.616929575	1.552227399658922e-29	9.111889026363533	0.31731050786291415	0.38575837490522974	0.7502476605058875	CGG	0.0011561714147921144	0.006993006993006994	1.3941883842371841e-05	-0.040640394	0.5077297298062233	0	0.10891089108910891	1	G>A	1	0	rRNA	0	0
HCS-2077Ck~chrM~5906~G~A	1	0.034286	0	0.6666666666666666	0	0	0.0830991162481779	0.08278498683986694	0.39006734935473486	0.18653668640232246	0.9697179158675863	-0.03796208	4.0128197314941603e-47	9.5549683632506	5.732476518844478e-06	2.7143512730200796	0.6629956752464794	TGT	0.000962590939811904	0.007942057942057943	3.032135626584987e-69	-1.564301985	0.6046036937516587	0	0.009900990099009901	0	G>A	1	0	Complex IV	0	0
HCS-2077Ck~chrM~9012~T~C	1	0.639019	0	0.4761904761904761	0	0	0.9274453070753584	0.9274077107014989	0.3052790738175418	0.03634840964938855	0.7111895322637327	0.3702589830264157	6.411914776263687e-15	6.110160710194239	2.8829201715719794e-21	8.026341571245082	0.9750496405549438	CTA	0.0010255231494169584	0.007989992522608241	0	0.2848024641711504	0.7557108602679556	0	0.019801980198019802	1	T>C	1	0	Complex V	0.000385832	1
